period,cusip,issuer,ticker,sector,asset_type,holders,total_value,avg_weight,max_weight,buyers,sellers,new_holders,exits,net_flow,net_buyers
2026-06-30,90353T100,UBER TECHNOLOGIES INC (UBER),UBER,Industrials,Common Stock,10,59985410221.0,0.012881982652507252,0.033878721603845495,3,0,1,0,974038180.0609467,3
2026-06-30,88160R101,TESLA INC (TSLA),TSLA,Consumer Discretionary,Common Stock,10,38471287767.0,0.005807411941594062,0.027309381364868414,4,1,2,0,1466095408.2358274,3
2026-06-30,854502101,STANLEY BLACK & DECKER INC (SWK),SWK,Industrials,Common Stock,9,179602416549.0,0.02048722735007996,0.060851752846098034,1,2,0,1,-289142620.8325473,-1
2026-06-30,595112103,MICRON TECHNOLOGY INC (MU),MU,Information Technology,Common Stock,9,137477855152.0,0.03531818988068131,0.20619736331924823,1,2,1,1,-1540090926.4,-1
2026-06-30,11135F101,BROADCOM INC (AVGO),AVGO,Information Technology,Common Stock,9,95609267570.0,0.009354080146468642,0.02107467774048463,1,0,0,0,11801839.283584137,1
2026-06-30,73278L105,POOL CORP (POOL),POOL,Consumer Discretionary,Common Stock,9,69503294693.0,0.01537654658698201,0.058401452920413176,3,0,1,0,10088177842.145288,3
2026-06-30,026874784,AMERICAN INTL GROUP INC (AIG),AIG,Financials,Common Stock,9,65927576498.0,0.007663407110626842,0.015440016142156275,2,2,2,0,2613310451.353269,0
2026-06-30,92826C839,VISA INC (V),V,Financials,Common Stock,9,53835066055.0,0.004652652544327301,0.014871914229979516,0,2,0,0,-149659933.40893102,-2
2026-06-30,313586109,FEDERAL NATL MTG ASSN (FNMA),FNMA,Financials,Common Stock,9,48172818034.0,0.004544558389973068,0.01398839916331727,1,3,0,0,-954743231.001567,-2
2026-06-30,770700102,ROBINHOOD MKTS INC (HOOD),HOOD,Financials,Common Stock,9,45319408050.0,0.006410678367370036,0.015366847217650484,0,1,0,0,-18007566.700781915,-1
2026-06-30,526057104,LENNAR CORP (LEN),LEN,Consumer Discretionary,Common Stock,9,25518179575.0,0.00543754942242217,0.015292737165699176,2,0,0,0,194901396.42007282,2
2026-06-30,G6683N103,NU HLDGS LTD (NU),NU,Financials,Common Stock,9,20245453523.0,0.0038574777093463328,0.011736858942782345,3,2,2,1,-8498624976.259068,1
2026-06-30,89151E109,TOTALENERGIES SE (TTE),TTE,Energy,ADR,8,310972321461.0,0.012574483219726835,0.04975618531231852,1,1,0,0,12762230.86372983,0
2026-06-30,00827B106,AFFIRM HLDGS INC (AFRM),AFRM,Financials,Common Stock,8,137609746701.0,0.008131215358005338,0.02546703736493449,1,3,0,1,-935050083.5249586,-2
2026-06-30,67066G104,NVIDIA CORP (NVDA),NVDA,Information Technology,Common Stock,8,97795966479.0,0.024735763187683984,0.11767997451423189,2,1,2,0,1616767261.0713582,1
2026-06-30,422806109,HEICO CORP (HEI),HEI,Industrials,Common Stock,8,66583782606.0,0.008412869899836709,0.024176884612012697,3,2,2,0,9545017001.633793,1
2026-06-30,546347105,LOUISIANA PAC CORP (LPX),LPX,Materials,Common Stock,8,61781348961.0,0.01244884546786671,0.04230840701959272,1,1,0,0,1468708050.648065,0
2026-06-30,084670702,BERKSHIRE HATHAWAY INC DEL (BRK),BRK,Financials,Common Stock,8,60574198013.0,0.012115471703287452,0.03015561487383363,1,1,0,0,4511486885.79013,0
2026-06-30,934423104,WARNER BROS DISCOVERY INC (WBD),WBD,Communication Services,Common Stock,8,50765776925.0,0.005160369083639216,0.011456439929743096,1,3,0,0,-244147657.59823784,-2
2026-06-30,00287Y109,ABBVIE INC (ABBV),ABBV,Health Care,Common Stock,8,50103779367.0,0.006660888957503579,0.024650347376001438,0,2,0,0,-214689635.02021208,-2
2026-06-30,09260D107,BLACKSTONE INC (BX),BX,Financials,Common Stock,8,49185283473.0,0.0296889808485815,0.1710815394110298,3,0,1,0,9075167780.051712,3
2026-06-30,375558103,GILEAD SCIENCES INC (GILD),GILD,Health Care,Common Stock,8,43292373411.0,0.006549965930093928,0.014834911362387904,2,3,1,1,-1411944358.8034742,-1
2026-06-30,09857L108,BOOKING HOLDINGS INC (BKNG),BKNG,Consumer Discretionary,Common Stock,8,36215175739.0,0.012130627995249391,0.06348978475798853,1,1,0,0,353171217.40832376,0
2026-06-30,59156R108,METLIFE INC (MET),MET,Financials,Common Stock,8,34912443320.0,0.012215671246176469,0.06532853912402424,0,2,0,0,-368185150.9578778,-2
2026-06-30,580135101,MCDONALDS CORP (MCD),MCD,Consumer Discretionary,Common Stock,8,32201826945.0,0.007669543750525531,0.01912534047235367,0,1,0,0,-30384125.109043412,-1
2026-06-30,70450Y103,PAYPAL HLDGS INC (PYPL),PYPL,Financials,Common Stock,8,29587901795.0,0.0035015836752855856,0.010030842888085789,2,2,1,0,740486479.5008572,0
2026-06-30,44267T102,HOWARD HUGHES HLDGS INC (HHH),HHH,Real Estate,Common Stock,8,27236624508.0,0.006886142361465259,0.0338630409011404,1,0,0,0,194080864.87214306,1
2026-06-30,670100205,NOVO NORDISK A S (NVO),NVO,Health Care,ADR,8,27160020587.0,0.0054752977787295674,0.028930788008940885,0,1,0,0,-50740619.31803742,-1
2026-06-30,76131D103,RESTAURANT BRANDS INTL INC (QSR),QSR,Consumer Discretionary,Common Stock,8,26396634941.0,0.004470450622840035,0.012851383441503104,2,1,0,0,-12989170.384017691,1
2026-06-30,833445109,SNOWFLAKE INC (SNOW),SNOW,Information Technology,Common Stock,7,242186172374.0,0.012200604203998143,0.04662346397727712,2,1,1,0,353437378.49561036,1
2026-06-30,09247X101,BLACKROCK INC (BLK),BLK,Financials,Common Stock,7,176760416523.0,0.06564292039774872,0.4385200108659996,0,0,0,0,0.0,0
2026-06-30,65339F101,NEXTERA ENERGY INC (NEE),NEE,Utilities,Common Stock,7,161396213414.0,0.032075115482186785,0.15831107356178345,2,0,0,0,441361756.28527826,2
2026-06-30,037833100,APPLE INC (AAPL),AAPL,Information Technology,Common Stock,7,94311136457.0,0.008354769213116937,0.024883651641165728,1,2,0,0,-84373001.29150316,-1
2026-06-30,464287439,ISHARES TR 7-10 YR TREAS BD (IEF),IEF,ETF - Fixed Income,ETF,7,81320159197.0,0.05170543428061265,0.20452838994832628,2,3,1,0,1696438959.7961836,-1
2026-06-30,042068106,ARM HOLDINGS PLC (ARM),ARM,Information Technology,ADR,7,78278476038.0,0.009976079891661471,0.023085756553227203,1,0,0,0,48405994.24853041,1
2026-06-30,743315103,PROGRESSIVE CORP OHIO (PGR),PGR,Financials,Common Stock,7,78065528995.0,0.005623875621934609,0.010729466053061722,2,1,1,1,-151312078.26579142,1
2026-06-30,539830109,LOCKHEED MARTIN CORP (LMT),LMT,Industrials,Common Stock,7,61068688854.0,0.006498400080067678,0.015461049276471444,1,0,0,0,83040490.53826822,1
2026-06-30,478160104,JOHNSON & JOHNSON (JNJ),JNJ,Health Care,Common Stock,7,60632039538.0,0.007659051188218682,0.01681373858343429,1,1,0,1,-325689898.52639383,0
2026-06-30,82509L107,SHOPIFY INC (SHOP),SHOP,Information Technology,Common Stock,7,51592705390.0,0.09484444840837138,0.601535518675625,2,0,0,0,159432218.89161116,2
2026-06-30,718546104,PHILLIPS 66 (PSX),PSX,Energy,Common Stock,7,49550221311.0,0.006946489303786887,0.011364695967566767,2,1,2,1,924945407.0,1
2026-06-30,91913Y100,VALERO ENERGY CORP NEW (VLO),VLO,Energy,Common Stock,7,48493712317.0,0.010011070453082171,0.020995853273390184,1,0,0,0,7875091.2612184305,1
2026-06-30,47215P106,JD COM INC (JD),JD,Consumer Discretionary,ADR,7,46038257434.0,0.0039049845628915713,0.006669347405537749,2,0,0,0,107565895.7695001,2
2026-06-30,235851102,DANAHER CORP (DHR),DHR,Health Care,Common Stock,7,44715950002.0,0.012413082189859237,0.05493405860202279,0,2,0,2,-18468241.0,-2
2026-06-30,84265V105,SOUTHERN COPPER CORP (SCCO),SCCO,Materials,Common Stock,7,44392938787.0,0.004271256197513588,0.006560076637365445,1,1,0,0,443985999.78218883,0
2026-06-30,530307305,LIBERTY BROADBAND CORP (LBRDK),LBRDK,Communication Services,Common Stock,7,43708529321.0,0.010599263058607688,0.023127899299132122,0,2,0,1,-346498892.9565482,-2
2026-06-30,855244109,STARBUCKS CORP (SBUX),SBUX,Consumer Discretionary,Common Stock,7,42837488498.0,0.0055535451184795725,0.010171563616384582,0,1,0,0,-8595779.567389552,-1
2026-06-30,803054204,SAP SE (SAP),SAP,Information Technology,ADR,7,41484920080.0,0.01054884073833214,0.026498448444496715,2,0,1,0,537613921.3433597,2
2026-06-30,742718109,PROCTER & GAMBLE CO (PG),PG,Consumer Staples,Common Stock,7,38786798559.0,0.008051537667510465,0.012928891409789029,2,0,1,0,545726824.9509201,2
2026-06-30,518439104,ESTEE LAUDER COMPANIES INC (EL),EL,Consumer Staples,Common Stock,7,36171983741.0,0.007110465084684033,0.013309634772493912,3,1,2,1,2430552568.3116035,2
2026-06-30,48251W104,KKR & CO INC (KKR),KKR,Financials,Common Stock,7,35444601497.0,0.0169440477898949,0.05279198198607601,3,1,2,0,361542371.0516796,2
2026-06-30,693475105,PNC FINL SVCS GROUP INC (PNC),PNC,Financials,Common Stock,7,35198145667.0,0.005134508216298072,0.011847301896280395,3,2,0,2,-892807876.1491704,1
2026-06-30,651639106,NEWMONT CORP (NEM),NEM,Materials,Common Stock,7,32924912457.0,0.005812813752234654,0.014891982991119412,2,0,1,0,596751314.3059231,2
2026-06-30,717081103,PFIZER INC (PFE),PFE,Health Care,Common Stock,7,32224072379.0,0.004474488497594361,0.011542946580663604,0,0,0,0,0.0,0
2026-06-30,38141G104,GOLDMAN SACHS GROUP INC (GS),GS,Financials,Common Stock,7,31977052944.0,0.00432924843528905,0.013974860116356307,1,0,1,0,2499495693.0,1
2026-06-30,892331307,TOYOTA MOTOR CORP (TM),TM,Consumer Discretionary,ADR,7,30381547541.0,0.007092931885939012,0.014835250930210438,1,1,0,0,-14950744.843475446,0
2026-06-30,60770K107,MODERNA INC (MRNA),MRNA,Health Care,Common Stock,7,28967311290.0,0.008787378499463226,0.02239307963146251,1,2,0,0,-140187386.68603632,-1
2026-06-30,009066101,AIRBNB INC (ABNB),ABNB,Consumer Discretionary,Common Stock,7,28619040934.0,0.0037389422685401965,0.00907664175232887,1,0,1,0,262625030.00000003,1
2026-06-30,404119109,HCA HEALTHCARE INC (HCA),HCA,Health Care,Common Stock,7,28042793486.0,0.003192659356155689,0.009398501204453921,1,2,0,0,519561876.9169504,-1
2026-06-30,13645T100,CANADIAN PAC KANSAS CITY LTD (CP),CP,Industrials,Common Stock,7,26834820966.0,0.004149850210675465,0.01340958183009984,1,1,0,0,-44781945.37279242,0
2026-06-30,949746101,WELLS FARGO & CO NEW (WFC),WFC,Financials,Common Stock,7,26698850689.0,0.0030019781424720222,0.005446911214473408,1,1,1,1,-971708619.0,0
2026-06-30,00206R102,AT&T INC (T),T,Communication Services,Common Stock,7,22631527357.0,0.0028578160767110824,0.005494041908256592,0,2,0,0,-224239432.05462927,-2
2026-06-30,02209S103,ALTRIA GROUP INC (MO),MO,Consumer Staples,Common Stock,7,16421429888.0,0.002324327390030634,0.004716089420526376,1,2,0,1,-76121546.90532301,-1
2026-06-30,G5960L103,MEDTRONIC PLC (MDT),MDT,Health Care,Common Stock,6,149782432557.0,0.010144770002979807,0.02818795320623428,0,0,0,0,0.0,0
2026-06-30,872590104,T-MOBILE US INC (TMUS),TMUS,Communication Services,Common Stock,6,123010581825.0,0.00907275587233488,0.01317097340572364,0,0,0,0,0.0,0
2026-06-30,674599105,OCCIDENTAL PETE CORP (OXY),OXY,Energy,Common Stock,6,110253900312.0,0.005080647462571766,0.014544876242668425,2,1,1,0,274269495.91618514,1
2026-06-30,12572Q105,CME GROUP INC (CME),CME,Financials,Common Stock,6,105802465442.0,0.008383987682780036,0.016632244073152794,2,1,0,0,27610989900.244064,1
2026-06-30,58733R102,MERCADOLIBRE INC (MELI),MELI,Consumer Discretionary,Common Stock,6,103852045758.0,0.008952183930864617,0.01759812280771294,0,1,0,0,-15130024.501936482,-1
2026-06-30,594972AE0,MICROSTRATEGY INC NOTE 0.750% 12/1 (MSTR),MSTR,Information Technology,Convertible Debt,6,87788671654.0,0.009106980255473374,0.021346047207295504,0,0,0,0,0.0,0
2026-06-30,N07059210,ASML HOLDING N V (ASML),ASML,Information Technology,ADR,6,85674416117.0,0.0051948290667769665,0.014620037335403388,0,2,0,0,-301013583.71748376,-2
2026-06-30,036752103,ELEVANCE HEALTH INC (ELV),ELV,Health Care,Common Stock,6,82705177022.0,0.008690844256213831,0.01574472216741882,2,0,0,0,114157443.7574409,2
2026-06-30,22788C105,CROWDSTRIKE HOLDINGS INC (CRWD),CRWD,Information Technology,Common Stock,6,81689816122.0,0.008759292597200262,0.014806871244053388,3,0,1,0,1617015119.5122385,3
2026-06-30,254687106,WALT DISNEY CO (DIS),DIS,Communication Services,Common Stock,6,79849702931.0,0.008451757089604432,0.010946208205308743,2,0,1,0,1394337970.9049368,2
2026-06-30,025816109,AMERICAN EXPRESS CO (AXP),AXP,Financials,Common Stock,6,79177077958.0,0.005454577913166974,0.009791228146980944,1,0,0,0,39104285.260373704,1
2026-06-30,697435105,PALO ALTO NETWORKS INC (PANW),PANW,Information Technology,Common Stock,6,73720335087.0,0.01797589323239867,0.0819479344732683,1,1,0,0,-34246766.48938727,0
2026-06-30,G0408V102,AON PLC (AON),AON,Financials,Common Stock,6,70013364170.0,0.006719741405166311,0.016613825807336353,1,1,0,0,214190330.75650817,0
2026-06-30,459200101,INTERNATIONAL BUSINESS MACHS (IBM),IBM,Information Technology,Common Stock,6,58961921014.0,0.006300751198380945,0.00894025996254069,1,1,0,1,38761508.193740726,0
2026-06-30,172967424,CITIGROUP INC (C),C,Financials,Common Stock,6,57180259751.0,0.0071135850149779785,0.011771287919351515,2,0,2,0,675646151.0,2
2026-06-30,007903107,ADVANCED MICRO DEVICES INC (AMD),AMD,Information Technology,Common Stock,6,56394044983.0,0.00797218723232313,0.013648733467565037,3,0,1,0,581887293.235591,3
2026-06-30,780259206,SHELL PLC (SHEL),SHEL,Energy,ADR,6,55235097105.0,0.004457297462834821,0.008249333522412567,2,0,0,0,713068705.5817174,2
2026-06-30,20030N101,COMCAST CORP NEW (CMCSA),CMCSA,Communication Services,Common Stock,6,54951257629.0,0.010451499449575853,0.01819787476192727,2,0,1,0,299653099.2013205,2
2026-06-30,012653101,ALBEMARLE CORP (ALB),ALB,Materials,Common Stock,6,53133558657.0,0.007569969840188141,0.023075275894716283,2,1,1,1,2014097603.523584,1
2026-06-30,37045V100,GENERAL MOTORS CO (GM),GM,Consumer Discretionary,Common Stock,6,53099767610.0,0.005632051484026881,0.008039783076898545,0,1,0,0,-78604094.4424359,-1
2026-06-30,45866F104,INTERCONTINENTAL EXCHANGE IN (ICE),ICE,Financials,Common Stock,6,52724043580.0,0.006561270031715607,0.011529616764397965,2,0,2,0,708842330.0,2
2026-06-30,91324P102,UNITEDHEALTH GROUP INC (UNH),UNH,Health Care,Common Stock,6,51765020213.0,0.014239275482941132,0.045587443934035035,1,0,0,0,125453324.05499248,1
2026-06-30,256677105,DOLLAR GEN CORP NEW (DG),DG,Consumer Staples,Common Stock,6,49737424686.0,0.005501014732344905,0.008690639925585874,0,1,0,0,-492513122.56206954,-1
2026-06-30,57636Q104,MASTERCARD INC (MA),MA,Financials,Common Stock,6,48148379110.0,0.0048887169921390935,0.013197884188152391,0,1,0,0,-47632264.15951922,-1
2026-06-30,79466L302,SALESFORCE INC (CRM),CRM,Information Technology,Common Stock,6,47891212947.0,0.003928942236954699,0.005785853362077451,2,2,1,1,156873110.13770315,0
2026-06-30,78409V104,S&P GLOBAL INC (SPGI),SPGI,Financials,Common Stock,6,47580586874.0,0.010035477861938438,0.0267903034163616,0,0,0,0,0.0,0
2026-06-30,68389X105,ORACLE CORP (ORCL),ORCL,Information Technology,Common Stock,6,46757379790.0,0.00893566781338726,0.021122459324293585,3,2,1,2,4060952309.499459,1
2026-06-30,722304102,PDD HOLDINGS INC (PDD),PDD,Consumer Discretionary,ADR,6,46077726348.0,0.006286563047899692,0.014529489201085715,1,1,0,0,606864857.8029196,0
2026-06-30,031162100,AMGEN INC (AMGN),AMGN,Health Care,Common Stock,6,45669345720.0,0.008214113923725628,0.023297002847055208,2,1,1,1,71651235.60464016,1
2026-06-30,756109104,REALTY INCOME CORP (O),O,Real Estate,REIT,6,42910412221.0,0.0044758614727260886,0.007672637201807438,2,0,1,0,389232749.33357334,2
2026-06-30,46625H100,JPMORGAN CHASE & CO (JPM),JPM,Financials,Common Stock,6,42754572561.0,0.008014575243069857,0.017091641257054306,1,2,0,1,-130154957.72155601,-1
2026-06-30,500754106,KRAFT HEINZ CO (KHC),KHC,Consumer Staples,Common Stock,6,42024768991.0,0.006318890573460294,0.01881602871103397,0,2,0,1,-4275273173.2122793,-2
2026-06-30,17275R102,CISCO SYSTEMS INC (CSCO),CSCO,Information Technology,Common Stock,6,41787945622.0,0.007960471747309914,0.029361986654429323,4,0,1,0,8440340766.159307,4
2026-06-30,874039100,TAIWAN SEMICONDUCTOR MFG LTD (TSM),TSM,Information Technology,ADR,6,41464339452.0,0.04681494649140134,0.24119351611070997,1,2,0,1,-308723744.01938254,-1
2026-06-30,615369105,MOODYS CORP (MCO),MCO,Financials,Common Stock,6,39946648775.0,0.00534653118643092,0.00936926297753148,1,0,0,0,213471782.4140366,1
2026-06-30,548661107,LOWES COS INC (LOW),LOW,Consumer Discretionary,Common Stock,6,39725254700.0,0.01443201467879632,0.06380627532183765,0,0,0,0,0.0,0
2026-06-30,046353108,ASTRAZENECA PLC (AZN),AZN,Health Care,ADR,6,39484977196.0,0.010748209369969902,0.021989139542578588,3,1,3,0,1703215685.072533,2
2026-06-30,571748102,MARSH & MCLENNAN COS INC (MMC),MMC,Financials,Common Stock,6,38024156516.0,0.0052133142131451345,0.009636277152970284,2,1,0,0,-16989551974.019997,1
2026-06-30,169656105,CHIPOTLE MEXICAN GRILL INC (CMG),CMG,Consumer Discretionary,Common Stock,6,37901441531.0,0.00694971099999842,0.01643349055554433,2,0,0,0,515978213.62671,2
2026-06-30,907818108,UNION PAC CORP (UNP),UNP,Industrials,Common Stock,6,37145365553.0,0.004384675017637173,0.006806816836949875,0,1,0,0,-169228823.23431885,-1
2026-06-30,22266T109,COUPANG INC (CPNG),CPNG,Consumer Discretionary,Common Stock,6,37129660312.0,0.020064250238673757,0.06357925337643194,3,0,1,0,974743358.759832,3
2026-06-30,24703L202,DELL TECHNOLOGIES INC (DELL),DELL,Information Technology,Common Stock,6,35201971201.0,0.005780302686907455,0.011420188799306409,3,0,2,0,1008438667.8522745,3
2026-06-30,464287432,ISHARES TR 20+YR TRS BD ETF (TLT),TLT,ETF - Fixed Income,ETF,6,34785439318.0,0.01734498279078362,0.05203512947338834,3,1,1,0,30493366803.73685,2
2026-06-30,86800U104,SUPER MICRO COMPUTER INC (SMCI),SMCI,Information Technology,Common Stock,6,34605553427.0,0.05561864974164149,0.311735111740972,1,3,0,3,-2503089562.368717,-2
2026-06-30,023135106,AMAZON COM INC (AMZN),AMZN,Consumer Discretionary,Common Stock,6,34194790295.0,0.006065241576194973,0.023403342264013784,0,3,0,0,-91470001.78482282,-3
2026-06-30,931142103,WALMART INC (WMT),WMT,Consumer Staples,Common Stock,6,32637420306.0,0.011967460586388173,0.0425421422221054,1,1,1,1,-28725718.99999997,0
2026-06-30,29444U700,EQUINIX INC (EQIX),EQIX,Real Estate,REIT,6,31503845292.0,0.012325438898158179,0.04752072695933503,1,0,0,0,119651515.95300859,1
2026-06-30,71654V408,PETROLEO BRASILEIRO SA PETRO (PBR),PBR,Energy,ADR,6,31035557957.0,0.0036646426889643726,0.007791179524580003,2,1,0,0,-429792203.42904687,1
2026-06-30,26441C204,DUKE ENERGY CORP NEW (DUK),DUK,Utilities,Common Stock,6,30702835519.0,0.006306990048575464,0.014222903442785456,1,1,0,0,-218982507.99310052,0
2026-06-30,550021109,LULULEMON ATHLETICA INC (LULU),LULU,Consumer Discretionary,Common Stock,6,29969573134.0,0.0027811862279600624,0.003833738942399638,1,1,0,0,-58976572.065931894,0
2026-06-30,060505104,BANK OF AMERICA CORP (BAC),BAC,Financials,Common Stock,6,29855266995.0,0.08968111621347974,0.38094863063589746,2,0,0,0,698111800.4283824,2
2026-06-30,828806109,SIMON PPTY GROUP INC NEW (SPG),SPG,Real Estate,REIT,6,29773338095.0,0.005313316509388578,0.008647421565585534,0,1,0,0,-204925483.3009879,-1
2026-06-30,406216101,HALLIBURTON CO (HAL),HAL,Energy,Common Stock,6,29640252651.0,0.006312636526686638,0.017114287798956733,2,1,0,1,428556292.82561195,1
2026-06-30,444859102,HUMANA INC (HUM),HUM,Health Care,Common Stock,6,29590738943.0,0.008924029858352564,0.017041713622944536,2,0,1,0,3226807927.7760253,2
2026-06-30,03027X100,AMERICAN TOWER CORP (AMT),AMT,Real Estate,REIT,6,29064906172.0,0.006386631641980973,0.014765988384244227,1,2,1,1,-421020125.5636356,-1
2026-06-30,58933Y105,MERCK & CO INC (MRK),MRK,Health Care,Common Stock,6,28480179268.0,0.005735461553458166,0.016748372171146074,2,1,1,1,-51779500.24674797,1
2026-06-30,H1467J104,CHUBB LTD (CB),CB,Financials,Common Stock,6,26918646713.0,0.0032579795304695045,0.005147851152259997,0,1,0,1,-2954553222.0,-1
2026-06-30,806857108,SCHLUMBERGER LTD (SLB),SLB,Energy,Common Stock,6,26744612958.0,0.004428520834128309,0.013971542965542013,1,0,1,0,770144918.0,1
2026-06-30,842587107,SOUTHERN CO (SO),SO,Utilities,Common Stock,6,26585439707.0,0.0035561097608127266,0.005695188635343949,2,0,1,0,110495574.77532545,2
2026-06-30,718172109,PHILIP MORRIS INTL INC (PM),PM,Consumer Staples,Common Stock,6,26530099633.0,0.002516922683627964,0.003156534742577377,0,0,0,0,0.0,0
2026-06-30,35671D857,FREEPORT-MCMORAN INC (FCX),FCX,Materials,Common Stock,6,22625714536.0,0.013940723850887786,0.046387248702161224,1,3,0,2,-1426542115.4711149,-2
2026-06-30,00724F101,ADOBE INC (ADBE),ADBE,Information Technology,Common Stock,6,21869571888.0,0.012367651220646701,0.026209611443236143,2,1,0,1,-10584572398.882526,1
2026-06-30,125523100,CIGNA GROUP (CI),CI,Health Care,Common Stock,6,14560930785.0,0.0029123140735893885,0.004676303789260134,1,1,0,0,-72019935.97075051,0
2026-06-30,46090E103,INVESCO QQQ TR UNIT SER 1 (QQQ),QQQ,ETF - Broad Equity,ETF,6,4211613636.0,0.020344960361290673,0.050520815496125304,1,1,0,0,-112714099.61323112,0
2026-06-30,922908363,VANGUARD INDEX FDS S&P 500 ETF SHS (VOO),VOO,ETF - Broad Equity,ETF,6,2229319896.0,0.01648890192753363,0.06546341424047458,2,0,1,0,59901023.114210054,2
2026-06-30,922908769,VANGUARD INDEX FDS VANGUARD TOTAL STK MKT ETF (VTI),VTI,ETF - Broad Equity,ETF,6,1225725146.0,0.0164222962014253,0.06735804180883508,2,3,1,1,-372451845.09998786,-1
2026-06-30,69608A108,PALANTIR TECHNOLOGIES INC (PLTR),PLTR,Information Technology,Common Stock,5,204150826241.0,0.013951543474921618,0.038337332156407326,1,0,0,0,412359339.29292643,1
2026-06-30,G1151C101,ACCENTURE PLC IRELAND (ACN),ACN,Information Technology,Common Stock,5,174645147526.0,0.01145577944808811,0.027085539241235537,3,0,1,0,6482414127.831209,3
2026-06-30,55354G100,MSCI INC (MSCI),MSCI,Financials,Common Stock,5,103785754287.0,0.00807980699306495,0.014645211613171382,1,3,0,1,-401062160.3113302,-2
2026-06-30,747525103,QUALCOMM INC (QCOM),QCOM,Information Technology,Common Stock,5,101993370296.0,0.00881125145031846,0.011582342486821159,0,1,0,0,-128315676.41162306,-1
2026-06-30,617446448,MORGAN STANLEY (MS),MS,Financials,Common Stock,5,76434741082.0,0.010593891345542915,0.01994853177632318,2,0,1,0,11289582451.617174,2
2026-06-30,G5494J103,LINDE PLC (LIN),LIN,Materials,Common Stock,5,72759511527.0,0.007414844288444118,0.01708520454723387,0,0,0,0,0.0,0
2026-06-30,91912E105,VALE S A (VALE),VALE,Materials,ADR,5,66963376405.0,0.009284462750267343,0.02633149478402925,2,0,0,0,685142594.3084685,2
2026-06-30,149123101,CATERPILLAR INC DEL (CAT),CAT,Industrials,Common Stock,5,63755356194.0,0.005477101918673068,0.008382746533758841,0,0,0,0,0.0,0
2026-06-30,L8681T102,SPOTIFY TECHNOLOGY S A (SPOT),SPOT,Communication Services,Common Stock,5,60515655152.0,0.021290772286547285,0.08716311770177852,1,3,1,2,-4798168268.380128,-2
2026-06-30,74340W103,PROLOGIS INC (PLD),PLD,Real Estate,REIT,5,59225680951.0,0.009576216976099236,0.017139264839421214,1,0,0,0,136073391.3668975,1
2026-06-30,75513E101,RTX CORP (RTX),RTX,Industrials,Common Stock,5,56647956457.0,0.006391835054025278,0.01492194905785117,0,0,0,0,0.0,0
2026-06-30,464287234,ISHARES TR MSCI EMERG MKT ETF (EEM),EEM,ETF - International Equity,ETF,5,54977733474.0,0.010718865089663968,0.01916099325053119,2,1,2,0,54549265236.0,1
2026-06-30,21036P108,CONSTELLATION BRANDS INC (STZ),STZ,Consumer Staples,Common Stock,5,51027083288.0,0.003907099604545891,0.00812154591228148,0,3,0,1,-274303983.27487755,-3
2026-06-30,464287200,ISHARES TR S&P 500 INDEX (IVV),IVV,ETF - Broad Equity,ETF,5,50535801235.0,0.013346189573823376,0.021999301775038806,0,1,0,0,-30001213.5,-1
2026-06-30,110122108,BRISTOL MYERS SQUIBB CO (BMY),BMY,Health Care,Common Stock,5,49919125423.0,0.03566097813341578,0.14832692803278197,1,1,0,1,215059419.0,0
2026-06-30,92343V104,VERIZON COMMUNICATIONS INC (VZ),VZ,Communication Services,Common Stock,5,48045425887.0,0.09876599386633747,0.47998756720616464,1,1,0,0,-12780567.056894962,0
2026-06-30,03524A108,ANHEUSER BUSCH INBEV SA/NV (BUD),BUD,Consumer Staples,ADR,5,46008639164.0,0.004501781623894258,0.00672522357202093,1,0,0,0,174822002.0,1
2026-06-30,92343E102,VERISIGN INC (VRSN),VRSN,Information Technology,Common Stock,5,45811747238.0,0.003741480822877548,0.004438771135938104,0,1,0,1,-187673728.0,-1
2026-06-30,002824100,ABBOTT LABS (ABT),ABT,Health Care,Common Stock,5,43288667504.0,0.005639583020912067,0.010055701963416137,0,1,0,0,-201827450.74208364,-1
2026-06-30,03769M106,APOLLO GLOBAL MGMT INC (APO),APO,Financials,Common Stock,5,42705999531.0,0.0049024189133393655,0.013063032994487456,0,1,0,1,-1194210059.0,-1
2026-06-30,30303M102,META PLATFORMS INC (META),META,Communication Services,Common Stock,5,42069614394.0,0.004288171256564217,0.005486841018064161,0,0,0,0,0.0,0
2026-06-30,437076102,HOME DEPOT INC (HD),HD,Consumer Discretionary,Common Stock,5,41009481926.0,0.00400432585561455,0.007797145400217404,1,1,1,0,219239634.85175514,0
2026-06-30,02005N100,ALLY FINL INC (ALLY),ALLY,Financials,Common Stock,5,40994991609.0,0.005690241118186025,0.009010276173730574,0,0,0,0,0.0,0
2026-06-30,90384S303,ULTA BEAUTY INC (ULTA),ULTA,Consumer Discretionary,Common Stock,5,40892675067.0,0.007385559531349345,0.01581188551671749,0,2,0,0,-169049952.6137982,-2
2026-06-30,25754A201,DOMINOS PIZZA INC (DPZ),DPZ,Consumer Discretionary,Common Stock,5,40860207067.0,0.003266426607457222,0.0052094683668343945,0,0,0,0,0.0,0
2026-06-30,813055101,SEAPORT ENTMT GROUP INC (SEG),SEG,Real Estate,Common Stock,5,40311028758.0,0.002833453303959265,0.004037500165762284,1,0,0,0,1342496.5885796582,1
2026-06-30,14040H105,CAPITAL ONE FINL CORP (COF),COF,Financials,Common Stock,5,40218143191.0,0.004666357868424754,0.011093668589293715,0,0,0,0,0.0,0
2026-06-30,83406F102,SOFI TECHNOLOGIES INC (SOFI),SOFI,Financials,Common Stock,5,40052547487.0,0.006286818443629551,0.01269749605085038,1,1,0,1,-229311157.01173973,0
2026-06-30,670346105,NUCOR CORP (NUE),NUE,Materials,Common Stock,5,38982878599.0,0.004638070143455408,0.00901318903909861,1,0,1,0,774851279.0,1
2026-06-30,767204100,RIO TINTO PLC (RIO),RIO,Materials,ADR,5,37135471079.0,0.005001777281332829,0.00855294307518523,1,2,0,0,-120270469.91048379,-1
2026-06-30,75886F107,REGENERON PHARMACEUTICALS (REGN),REGN,Health Care,Common Stock,5,36847452530.0,0.0076102847181194755,0.010684339631922531,0,1,0,0,-84447246.37283684,-1
2026-06-30,126650100,CVS HEALTH CORP (CVS),CVS,Health Care,Common Stock,5,35169104637.0,0.008375697287022886,0.016546738588948715,1,1,0,1,2314435199.1743765,0
2026-06-30,02079K305,ALPHABET INC (GOOGL),GOOGL,Communication Services,Common Stock,5,33663104726.0,0.0064819306974758465,0.015492307734072302,1,0,1,0,131781936.0,1
2026-06-30,247361702,DELTA AIR LINES INC DEL (DAL),DAL,Industrials,Common Stock,5,33123073641.0,0.0035527501702822427,0.004793672223400643,1,0,1,0,264184720.0,1
2026-06-30,911312106,UNITED PARCEL SERVICE INC (UPS),UPS,Industrials,Common Stock,5,32787532549.0,0.006628045826352824,0.011731187354247746,1,0,0,0,13537724.28337078,1
2026-06-30,260557103,DOW INC (DOW),DOW,Materials,Common Stock,5,32641623942.0,0.018460267068104705,0.06651481963595632,2,0,0,0,292245238.2443913,2
2026-06-30,369604301,GE AEROSPACE (GE),GE,Industrials,Common Stock,5,32122916739.0,0.005212977491497765,0.009111373970922577,0,0,0,0,0.0,0
2026-06-30,16119P108,CHARTER COMMUNICATIONS INC N (CHTR),CHTR,Communication Services,Common Stock,5,31980131452.0,0.005454599017253708,0.013374106952051906,0,1,0,0,-106291980.70622934,-1
2026-06-30,501044101,KROGER CO (KR),KR,Consumer Staples,Common Stock,5,31963811936.0,0.003343044399055623,0.004295615850746335,1,0,0,0,36907577.29436098,1
2026-06-30,23918K108,DAVITA INC (DVA),DVA,Health Care,Common Stock,5,30698100648.0,0.002268784520063916,0.0035866392155405936,1,0,0,0,3524929.821213841,1
2026-06-30,458140100,INTEL CORP (INTC),INTC,Information Technology,Common Stock,5,29805851900.0,0.003662616443724087,0.006017178499691688,0,2,0,1,-103232338.77197897,-2
2026-06-30,654106103,NIKE INC (NKE),NKE,Consumer Discretionary,Common Stock,5,28850410374.0,0.014625557316279436,0.05072933925284538,2,0,0,0,369915831.8831147,2
2026-06-30,808513105,SCHWAB CHARLES CORP NEW (SCHW),SCHW,Financials,Common Stock,5,28788903241.0,0.005889992544757696,0.015745498578278273,1,0,1,0,867929601.0000001,1
2026-06-30,629579103,NVR INC (NVR),NVR,Consumer Discretionary,Common Stock,5,27499902422.0,0.003052854204674029,0.007235824304234492,1,2,0,0,65219068.55916177,-1
2026-06-30,532457108,LILLY ELI & CO (LLY),LLY,Health Care,Common Stock,5,26324616515.0,0.0025072907140152494,0.0035446453617545915,0,2,0,1,-1611895762.281293,-2
2026-06-30,19260Q107,COINBASE GLOBAL INC (COIN),COIN,Financials,Common Stock,5,25988926530.0,0.004873754368557564,0.014989624182622278,1,0,1,0,1288637065.0,1
2026-06-30,81141R100,SEA LTD (SE),SE,Consumer Discretionary,ADR,5,25906703681.0,0.004947851337410851,0.014454544247898812,2,0,2,0,1827394080.0,2
2026-06-30,76954A103,RIVIAN AUTOMOTIVE INC (RIVN),RIVN,Consumer Discretionary,Common Stock,5,25844425161.0,0.004533196471263874,0.006882783566638609,0,2,0,2,-394262883.0,-2
2026-06-30,43300A203,HILTON WORLDWIDE HLDGS INC (HLT),HLT,Consumer Discretionary,Common Stock,5,24063763657.0,0.004339900161405475,0.008261744674412538,1,0,1,0,550631416.0,1
2026-06-30,78462F103,SPDR S&P 500 ETF TR TR UNIT (SPY),SPY,ETF - Broad Equity,ETF,5,2447243205.0,0.024845620989758885,0.0978594149907173,2,3,1,2,-285761945.5596193,-1
2026-06-30,464287465,ISHARES TR MSCI EAFE ETF (EFA),EFA,ETF - International Equity,ETF,5,1997595142.0,0.012005445233620588,0.040081526488853915,2,2,0,0,-663382344.3511531,0
2026-06-30,91232N108,UNITED STATES OIL FUND LP UNITS (USO),USO,ETF - Commodity,ETF,5,1485560642.0,0.011595107574358814,0.02072485707240682,2,0,1,0,677236119.7641256,2
2026-06-30,47233W109,JEFFERIES FINL GROUP INC (JEF),JEF,Financials,Common Stock,4,117054519263.0,0.009509356978110573,0.018447676958541173,1,2,1,2,882758634.0,-1
2026-06-30,20825C104,CONOCOPHILLIPS (COP),COP,Energy,Common Stock,4,111778231085.0,0.010608741637382027,0.015914789405315218,0,0,0,0,0.0,0
2026-06-30,244199105,DEERE & CO (DE),DE,Industrials,Common Stock,4,77156696459.0,0.005594563750219098,0.011220708943059569,0,3,0,1,-996592071.7835811,-3
2026-06-30,166764100,CHEVRON CORP NEW (CVX),CVX,Energy,Common Stock,4,74815733276.0,0.010130429275361341,0.01479314836214611,1,2,0,1,74388250.17564207,-1
2026-06-30,26875P101,EOG RES INC (EOG),EOG,Energy,Common Stock,4,67162579273.0,0.006428143729724939,0.00709484125014657,2,0,1,0,1409356790.0579872,2
2026-06-30,438516106,HONEYWELL INTL INC (HON),HON,Industrials,Common Stock,4,66322935168.0,0.007435715128650216,0.013653080495266916,0,0,0,0,0.0,0
2026-06-30,902973304,US BANCORP DEL (USB),USB,Financials,Common Stock,4,62154434351.0,0.0061277199500885254,0.009811236865645563,1,1,0,1,-3732238.700034201,0
2026-06-30,464288513,ISHARES TR IBOXX HI YD ETF (HYG),HYG,ETF - Fixed Income,ETF,4,57360494080.0,0.013408134155611944,0.020795348219595156,2,1,0,1,-1245110725.20944,1
2026-06-30,594918104,MICROSOFT CORP (MSFT),MSFT,Information Technology,Common Stock,4,57002479038.0,0.008026209935755417,0.011260304219306265,0,2,0,1,-1640627602.6953578,-2
2026-06-30,23331A109,D R HORTON INC (DHI),DHI,Consumer Discretionary,Common Stock,4,54070345913.0,0.005265573901383286,0.00990563074052422,1,0,1,0,546022096.0,1
2026-06-30,883556102,THERMO FISHER SCIENTIFIC INC (TMO),TMO,Health Care,Common Stock,4,52941546376.0,0.039860600179883764,0.14455996988038014,0,1,0,1,-30319338.999999996,-1
2026-06-30,82967N108,SIRIUS XM HOLDINGS INC (SIRI),SIRI,Communication Services,Common Stock,4,49055852691.0,0.006200929934637402,0.010669835820148008,0,1,0,1,-744575734.9999999,-1
2026-06-30,713448108,PEPSICO INC (PEP),PEP,Consumer Staples,Common Stock,4,46066582367.0,0.006982205329267674,0.015523668518349253,0,1,0,1,-33144293.0,-1
2026-06-30,882508104,TEXAS INSTRUMENTS INC (TXN),TXN,Information Technology,Common Stock,4,45377706661.0,0.012714648695015447,0.03828581890597434,1,1,0,1,-692224928.6696166,0
2026-06-30,191216100,COCA COLA CO (KO),KO,Consumer Staples,Common Stock,4,35997881427.0,0.00663672885447909,0.00998013373665162,0,1,0,1,-210770210.0,-1
2026-06-30,30231G102,EXXON MOBIL CORP (XOM),XOM,Energy,Common Stock,4,34027092657.0,0.007162096999540612,0.01475276405148938,1,0,0,0,147704144.53238407,1
2026-06-30,01609W102,ALIBABA GROUP HLDG LTD (BABA),BABA,Consumer Discretionary,ADR,4,33617046415.0,0.049179864189005246,0.15881806998538298,0,1,0,1,-394515339.0,-1
2026-06-30,194162103,COLGATE PALMOLIVE CO (CL),CL,Consumer Staples,Common Stock,4,32442895794.0,0.11882745252873335,0.45364222221252065,1,1,1,1,-200077412.0,0
2026-06-30,79466LAA3,SALESFORCE INC NOTE 3.700% 4/11 (CRM),CRM,Information Technology,Corporate Debt,4,29578890816.0,0.014012611868648453,0.03588285681660778,0,0,0,0,0.0,0
2026-06-30,22160K105,COSTCO WHSL CORP NEW (COST),COST,Consumer Staples,Common Stock,4,27323036226.0,0.007731195319733622,0.02189699122808609,1,0,0,0,633689402.280791,1
2026-06-30,922042858,VANGUARD INTL EQUITY INDEX F FTSE EMR MKT ETF (VWO),VWO,ETF - International Equity,ETF,4,20529398952.0,0.009741742059735747,0.018838148739816984,0,0,0,0,0.0,0
2026-06-30,872540109,TJX COS INC NEW (TJX),TJX,Consumer Discretionary,Common Stock,4,19387006800.0,0.0023407203803672695,0.0033104735788033355,0,0,0,0,0.0,0
2026-06-30,78463V107,SPDR GOLD TR GOLD SHS (GLD),GLD,ETF - Commodity,ETF,4,2722834561.0,0.012097348998265816,0.024706731573907976,1,0,0,0,542959123.4500794,1
2026-06-30,81369Y209,SELECT SECTOR SPDR TR SBI INT-HEALTH CARE (XLV),XLV,ETF - Sector,ETF,4,1510099532.0,0.018167239281302223,0.03462312577119366,1,2,0,0,-122170160.24703494,-1
2026-06-30,81369Y506,SELECT SECTOR SPDR TR SBI INT-ENERGY (XLE),XLE,ETF - Sector,ETF,4,916508444.0,0.014603633118479606,0.021199120297173992,2,0,1,0,570314353.6000001,2
2026-06-30,464287655,ISHARES TR RUSSELL 2000 ETF (IWM),IWM,ETF - Broad Equity,ETF,4,807845321.0,0.006557272136810718,0.011652015747622105,0,0,0,0,0.0,0
2026-06-30,81369Y803,SELECT SECTOR SPDR TR SBI INT-TECH (XLK),XLK,ETF - Sector,ETF,4,517919533.0,0.008960732669320104,0.01942693999923852,0,2,0,1,-5319536173.690281,-2
2026-06-30,46120E602,INTUITIVE SURGICAL INC (ISRG),ISRG,Health Care,Common Stock,3,123897843103.0,0.007627993153575158,0.02056948710933819,0,2,0,1,-1963615785.7354877,-2
2026-06-30,81762P102,SERVICENOW INC (NOW),NOW,Information Technology,Common Stock,3,92768246533.0,0.007072501326180811,0.011948613436828815,1,0,1,0,228395816.0,1
2026-06-30,345370860,FORD MOTOR CO (F),F,Consumer Discretionary,Common Stock,3,62183927689.0,0.009593970698697654,0.016826429520942755,1,0,0,0,158140809.81455994,1
2026-06-30,771049103,ROBLOX CORP (RBLX),RBLX,Communication Services,Common Stock,3,44413257494.0,0.0038830093713604712,0.005865588991560113,0,2,0,2,-3633983043.0,-2
2026-06-30,92532F100,VERTEX PHARMACEUTICALS INC (VRTX),VRTX,Health Care,Common Stock,3,34982575020.0,0.004919071519433777,0.008245221712052017,0,0,0,0,0.0,0
2026-06-30,609207105,MONDELEZ INTL INC (MDLZ),MDLZ,Consumer Staples,Common Stock,3,32270233261.0,0.004586511871954525,0.007733004290987375,0,2,0,1,-1312974567.2246823,-2
2026-06-30,833445AA6,SNOWFLAKE INC NOTE 0.000% 10/1 (SNOW),SNOW,Information Technology,Convertible Debt,3,25379820847.0,0.0050835227185700455,0.006779421924058754,0,1,0,0,-222928387.00420716,-1
2026-06-30,097023105,BOEING CO (BA),BA,Industrials,Common Stock,3,24577753519.0,0.0032241703573431305,0.005031122217338632,1,0,0,0,96863575.76029,1
2026-06-30,060505815,BANK OF AMERICA CORP PFD SER L (BAC),BAC,Financials,Preferred Stock,3,1519923948.0,0.004119753215268334,0.008099886994198108,0,1,0,0,-1314203129.4977157,-1
2026-06-30,464287242,ISHARES TR IBOXX INV CORP (LQD),LQD,ETF - Fixed Income,ETF,3,892374098.0,0.006212697837255557,0.012152410053625775,0,2,0,1,-1280350319.8890479,-2
2026-06-30,02079K107,ALPHABET INC (GOOG),GOOG,Communication Services,Common Stock,2,36260676063.0,0.003534012946671909,0.0045454100814674115,0,2,0,2,-267178220.0,-2
2026-06-30,64110L106,NETFLIX INC (NFLX),NFLX,Communication Services,Common Stock,2,34249551835.0,0.0033011696302651756,0.003798498396410338,0,2,0,2,-1712723287.0,-2
2026-06-30,949746804,WELLS FARGO & CO NEW PFD CL A 7.5% (WFC),WFC,Financials,Preferred Stock,2,22771645286.0,0.0048397790054780804,0.005753035947615761,0,0,0,0,0.0,0
2026-06-30,674599121,OCCIDENTAL PETE CORP WT EXP 08/03/2027 (OXY),OXY,Energy,Warrant,2,15573383682.0,0.004417818471981142,0.005620035000494321,0,0,0,0,0.0,0
2026-06-30,81369Y886,SELECT SECTOR SPDR TR SBI INT-UTILS (XLU),XLU,ETF - Sector,ETF,2,846781217.0,0.008638026653150135,0.010291356530061751,1,0,0,0,209767182.66026342,1
2026-06-30,81369Y605,SELECT SECTOR SPDR TR SBI INT-FINL (XLF),XLF,ETF - Sector,ETF,2,761699251.0,0.008028556941254905,0.012100238807899495,0,1,0,0,-23758308.850173242,-1
2026-06-30,00214Q104,ARK ETF TR ARK INNOVATION ETF (ARKK),ARKK,ETF - Thematic,ETF,2,577536431.0,0.0054860418465708565,0.005895421750865943,1,1,0,1,-242112294.9193121,0
2026-06-30,46428Q109,ISHARES SILVER TR ISHARES (SLV),SLV,ETF - Commodity,ETF,2,244396685.0,0.006359667300164227,0.008828242980392706,0,1,0,0,-9572891.383628925,-1
2026-03-31,854502101,STANLEY BLACK & DECKER INC (SWK),SWK,Industrials,Common Stock,10,161952247843.0,0.01769770082469663,0.050108584388864584,2,0,0,0,967020701.6275626,2
2026-03-31,00827B106,AFFIRM HLDGS INC (AFRM),AFRM,Financials,Common Stock,9,128307204884.0,0.011634209775317896,0.05764152101938885,0,1,0,0,-168276437.8332166,-1
2026-03-31,595112103,MICRON TECHNOLOGY INC (MU),MU,Information Technology,Common Stock,9,114691036575.0,0.03271841232604881,0.19071088682514967,1,1,0,0,446633207.72665,0
2026-03-31,11135F101,BROADCOM INC (AVGO),AVGO,Information Technology,Common Stock,9,93301874412.0,0.009167573303946146,0.02033924934528165,1,1,0,0,238009855.5268396,0
2026-03-31,90353T100,UBER TECHNOLOGIES INC (UBER),UBER,Industrials,Common Stock,9,53717289621.0,0.009190145935893373,0.019425097298583816,3,2,2,0,1539561962.226905,1
2026-03-31,92826C839,VISA INC (V),V,Financials,Common Stock,9,48964748622.0,0.004660641348955981,0.0144625971482822,1,1,0,0,305612743.3904159,0
2026-03-31,313586109,FEDERAL NATL MTG ASSN (FNMA),FNMA,Financials,Common Stock,9,46715047093.0,0.006153003639926092,0.01580059046101196,4,1,0,0,607436283.7970833,3
2026-03-31,235851102,DANAHER CORP (DHR),DHR,Health Care,Common Stock,9,44353488172.0,0.010771641974690473,0.061143588251805575,3,1,2,0,1554740041.703229,2
2026-03-31,770700102,ROBINHOOD MKTS INC (HOOD),HOOD,Financials,Common Stock,9,42479264908.0,0.007004243182097182,0.01553084848809087,0,2,0,0,-59094940.76987766,-2
2026-03-31,86800U104,SUPER MICRO COMPUTER INC (SMCI),SMCI,Information Technology,Common Stock,9,37183629235.0,0.043853511576184195,0.29778053741026606,3,0,1,0,2386671921.2528114,3
2026-03-31,693475105,PNC FINL SVCS GROUP INC (PNC),PNC,Financials,Common Stock,9,32588273132.0,0.005392695058526175,0.01669342371711277,2,1,2,0,1118122014.991686,1
2026-03-31,526057104,LENNAR CORP (LEN),LEN,Consumer Discretionary,Common Stock,9,24898187178.0,0.005222450081867359,0.013686294186696318,1,0,1,0,1155558186.0,1
2026-03-31,89151E109,TOTALENERGIES SE (TTE),TTE,Energy,ADR,8,278193002498.0,0.01170964108226537,0.04693332126420839,2,0,1,0,327246460.37804085,2
2026-03-31,546347105,LOUISIANA PAC CORP (LPX),LPX,Materials,Common Stock,8,59100388054.0,0.011542839249021136,0.04014927968308842,2,1,2,0,-845107215.2408714,1
2026-03-31,73278L105,POOL CORP (POOL),POOL,Consumer Discretionary,Common Stock,8,57662314005.0,0.012749409516588367,0.0381601305882933,0,0,0,0,0.0,0
2026-03-31,478160104,JOHNSON & JOHNSON (JNJ),JNJ,Health Care,Common Stock,8,52581526796.0,0.006154420616878725,0.015368410241748735,1,1,1,1,2567950114.0,0
2026-03-31,934423104,WARNER BROS DISCOVERY INC (WBD),WBD,Communication Services,Common Stock,8,52046243593.0,0.005868200442947176,0.01388539083733755,3,0,0,0,228785567.5582036,3
2026-03-31,084670702,BERKSHIRE HATHAWAY INC DEL (BRK),BRK,Financials,Common Stock,8,51617513021.0,0.011819669671512049,0.028473203443202283,1,2,1,0,-551971471.5541327,-1
2026-03-31,00287Y109,ABBVIE INC (ABBV),ABBV,Health Care,Common Stock,8,44333634456.0,0.006354640251100995,0.022163600708444885,1,1,0,0,-96640127.51429006,0
2026-03-31,375558103,GILEAD SCIENCES INC (GILD),GILD,Health Care,Common Stock,8,43636973821.0,0.007276684311664873,0.017200066833146285,2,1,0,0,107229128.88277915,1
2026-03-31,530307305,LIBERTY BROADBAND CORP (LBRDK),LBRDK,Communication Services,Common Stock,8,40801380625.0,0.00932638861211451,0.02080382000089874,1,1,1,0,-180767274.96749,0
2026-03-31,88160R101,TESLA INC (TSLA),TSLA,Consumer Discretionary,Common Stock,8,38444539368.0,0.006066763809543126,0.02756652017694808,0,1,0,0,-73408151.6211709,-1
2026-03-31,09857L108,BOOKING HOLDINGS INC (BKNG),BKNG,Consumer Discretionary,Common Stock,8,35681329770.0,0.009813213857287343,0.04259631688502858,2,0,0,0,237134864.42079726,2
2026-03-31,59156R108,METLIFE INC (MET),MET,Financials,Common Stock,8,35434987251.0,0.012568834476021924,0.06354304562092286,2,0,0,0,181134141.87524986,2
2026-03-31,670100205,NOVO NORDISK A S (NVO),NVO,Health Care,ADR,8,31725113743.0,0.00719551195132636,0.03857828318632865,0,3,0,0,-581201159.8382403,-3
2026-03-31,580135101,MCDONALDS CORP (MCD),MCD,Consumer Discretionary,Common Stock,8,30439899499.0,0.00774280787108339,0.019201480070279584,3,1,3,0,1160547742.4080567,2
2026-03-31,G6683N103,NU HLDGS LTD (NU),NU,Financials,Common Stock,8,28857674779.0,0.002922281960365623,0.005528363225236152,1,1,1,0,366453245.232759,0
2026-03-31,44267T102,HOWARD HUGHES HLDGS INC (HHH),HHH,Real Estate,Common Stock,8,28528102218.0,0.007538642469490837,0.03830170337952501,0,1,0,0,-2775418717.3240047,-1
2026-03-31,76131D103,RESTAURANT BRANDS INTL INC (QSR),QSR,Consumer Discretionary,Common Stock,8,28109948404.0,0.004670403488192818,0.014027906869786666,0,1,0,0,-137445604.23311257,-1
2026-03-31,35671D857,FREEPORT-MCMORAN INC (FCX),FCX,Materials,Common Stock,8,25792490542.0,0.01591886742228863,0.051001810639860284,1,1,0,0,434558460.0,0
2026-03-31,02209S103,ALTRIA GROUP INC (MO),MO,Consumer Staples,Common Stock,8,19621426759.0,0.002848019083300549,0.005753218582306411,2,1,0,0,101299293.75626835,1
2026-03-31,09247X101,BLACKROCK INC (BLK),BLK,Financials,Common Stock,7,164624296621.0,0.06838105061910485,0.4584828780740809,2,0,0,0,15268049.971670391,2
2026-03-31,65339F101,NEXTERA ENERGY INC (NEE),NEE,Utilities,Common Stock,7,156322706579.0,0.026472363594807986,0.12275231730716885,2,2,1,0,2788461622.034785,0
2026-03-31,037833100,APPLE INC (AAPL),AAPL,Information Technology,Common Stock,7,80777945788.0,0.008669893541565898,0.03236033968794441,3,1,2,0,939032019.653268,2
2026-03-31,042068106,ARM HOLDINGS PLC (ARM),ARM,Information Technology,ADR,7,79296981163.0,0.009392334685614625,0.02273657973473371,1,1,1,0,-119864338.1606682,0
2026-03-31,743315103,PROGRESSIVE CORP OHIO (PGR),PGR,Financials,Common Stock,7,77263405849.0,0.006966870703185067,0.013183461300298023,2,1,1,0,181790202.72783643,1
2026-03-31,539830109,LOCKHEED MARTIN CORP (LMT),LMT,Industrials,Common Stock,7,59737311247.0,0.0063511318131185684,0.01732116615426707,1,0,0,0,46849025.47178884,1
2026-03-31,84265V105,SOUTHERN COPPER CORP (SCCO),SCCO,Materials,Common Stock,7,54576316209.0,0.005160730940565348,0.00825566223129784,0,0,0,0,0.0,0
2026-03-31,026874784,AMERICAN INTL GROUP INC (AIG),AIG,Financials,Common Stock,7,54315649495.0,0.007085598160651609,0.015830652188226803,2,0,1,0,1339800055.1970134,2
2026-03-31,459200101,INTERNATIONAL BUSINESS MACHS (IBM),IBM,Information Technology,Common Stock,7,53605992103.0,0.006130605567713302,0.00871829694579062,3,0,1,0,11272420748.57116,3
2026-03-31,500754106,KRAFT HEINZ CO (KHC),KHC,Consumer Staples,Common Stock,7,44776530427.0,0.007534741315907916,0.017563463535519946,1,2,0,0,-112110518.21681336,-1
2026-03-31,91913Y100,VALERO ENERGY CORP NEW (VLO),VLO,Energy,Common Stock,7,43465361841.0,0.008669187334483703,0.018287739114027635,1,1,1,0,359891123.6962727,0
2026-03-31,874039100,TAIWAN SEMICONDUCTOR MFG LTD (TSM),TSM,Information Technology,ADR,7,43265485725.0,0.040685122684099455,0.24278383855624286,2,1,0,0,746537913.1556562,1
2026-03-31,855244109,STARBUCKS CORP (SBUX),SBUX,Consumer Discretionary,Common Stock,7,43132247933.0,0.006151963187506764,0.00991625684111326,0,0,0,0,0.0,0
2026-03-31,47215P106,JD COM INC (JD),JD,Consumer Discretionary,ADR,7,41175488460.0,0.0032787656118629586,0.006199335772588237,2,1,1,0,146987777.61438158,1
2026-03-31,46625H100,JPMORGAN CHASE & CO (JPM),JPM,Financials,Common Stock,7,40258187704.0,0.008336834030914822,0.01974947043888463,3,0,0,0,191126753.07298654,3
2026-03-31,82509L107,SHOPIFY INC (SHOP),SHOP,Information Technology,Common Stock,7,39884816543.0,0.08248841359680895,0.533512805864823,0,0,0,0,0.0,0
2026-03-31,09260D107,BLACKSTONE INC (BX),BX,Financials,Common Stock,7,39424235278.0,0.030778967211052326,0.16284769400531515,1,0,1,0,270158250.0,1
2026-03-31,68389X105,ORACLE CORP (ORCL),ORCL,Information Technology,Common Stock,7,38927951095.0,0.005922810149846485,0.01143103848031233,0,1,0,0,-83309230.96803488,-1
2026-03-31,70450Y103,PAYPAL HLDGS INC (PYPL),PYPL,Financials,Common Stock,7,34518417402.0,0.0029846842925800895,0.0048629506454730635,1,1,0,0,108522766.99806227,0
2026-03-31,717081103,PFIZER INC (PFE),PFE,Health Care,Common Stock,7,31390116054.0,0.004583266591036914,0.01192545881728967,2,3,1,2,1696912832.3864665,-1
2026-03-31,406216101,HALLIBURTON CO (HAL),HAL,Energy,Common Stock,7,30613573827.0,0.0056038370196693985,0.01328172785140969,1,1,1,0,666539027.9978898,0
2026-03-31,60770K107,MODERNA INC (MRNA),MRNA,Health Care,Common Stock,7,29540828354.0,0.010251968542027933,0.022009017692596174,0,0,0,0,0.0,0
2026-03-31,H1467J104,CHUBB LTD (CB),CB,Financials,Common Stock,7,29435713491.0,0.0053673861024794035,0.017519947822981375,3,0,1,0,3038260948.6128697,3
2026-03-31,892331307,TOYOTA MOTOR CORP (TM),TM,Consumer Discretionary,ADR,7,29390854296.0,0.00855004310861688,0.02245210120485451,3,0,1,0,1142496811.8622885,3
2026-03-31,00724F101,ADOBE INC (ADBE),ADBE,Information Technology,Common Stock,7,29184790781.0,0.008321005842931033,0.015995985482223828,0,1,0,0,-66489304.11280926,-1
2026-03-31,949746101,WELLS FARGO & CO NEW (WFC),WFC,Financials,Common Stock,7,26991181114.0,0.0047414884620377,0.012809888731284719,2,0,1,0,346836660.0770325,2
2026-03-31,404119109,HCA HEALTHCARE INC (HCA),HCA,Health Care,Common Stock,7,26805889843.0,0.003184939895379331,0.009708124103225952,1,1,0,0,-77506351.7337459,0
2026-03-31,13645T100,CANADIAN PAC KANSAS CITY LTD (CP),CP,Industrials,Common Stock,7,26198158241.0,0.004216500020481845,0.01384343579879317,0,1,0,0,-265974694.95998436,-1
2026-03-31,76954A103,RIVIAN AUTOMOTIVE INC (RIVN),RIVN,Consumer Discretionary,Common Stock,7,25239745941.0,0.004382211882248819,0.007859924820535704,0,2,0,1,-355976331.31633925,-2
2026-03-31,00206R102,AT&T INC (T),T,Communication Services,Common Stock,7,22229581395.0,0.0033166316224788575,0.007605468468710684,0,1,0,0,-168745396.03620076,-1
2026-03-31,833445109,SNOWFLAKE INC (SNOW),SNOW,Information Technology,Common Stock,6,243724145508.0,0.012213442809327511,0.048720759474529425,1,1,0,0,65680156.973988816,0
2026-03-31,G5960L103,MEDTRONIC PLC (MDT),MDT,Health Care,Common Stock,6,171963506832.0,0.012320222900780062,0.034322970704806444,2,0,0,0,70192718.60186693,2
2026-03-31,872590104,T-MOBILE US INC (TMUS),TMUS,Communication Services,Common Stock,6,126941915731.0,0.010003974575101297,0.014807038466883301,1,0,1,0,102122414.0,1
2026-03-31,55354G100,MSCI INC (MSCI),MSCI,Financials,Common Stock,6,108466534879.0,0.008216224245073137,0.016075794326596685,2,0,0,0,4504754.715247408,2
2026-03-31,58733R102,MERCADOLIBRE INC (MELI),MELI,Consumer Discretionary,Common Stock,6,101017152180.0,0.009326786599446232,0.017552068599486423,2,1,1,1,352872828.9565704,1
2026-03-31,67066G104,NVIDIA CORP (NVDA),NVDA,Information Technology,Common Stock,6,95375645496.0,0.024121559412240073,0.11338536114091452,2,1,0,0,715478823.3999171,1
2026-03-31,036752103,ELEVANCE HEALTH INC (ELV),ELV,Health Care,Common Stock,6,87288839318.0,0.008144483479814382,0.014080848551276063,0,1,0,0,-514950758.5526782,-1
2026-03-31,N07059210,ASML HOLDING N V (ASML),ASML,Information Technology,ADR,6,84338384701.0,0.006028299264777721,0.014870495814930482,2,1,1,0,-76257831.08788663,1
2026-03-31,464287439,ISHARES TR 7-10 YR TREAS BD (IEF),IEF,ETF - Fixed Income,ETF,6,84044387822.0,0.07629699333936217,0.26690786835793506,4,0,1,0,79025913206.10051,4
2026-03-31,025816109,AMERICAN EXPRESS CO (AXP),AXP,Financials,Common Stock,6,80764096420.0,0.005801379451661092,0.010597818982083514,2,0,1,0,1919295683.1138425,2
2026-03-31,594972AE0,MICROSTRATEGY INC NOTE 0.750% 12/1 (MSTR),MSTR,Information Technology,Convertible Debt,6,73270220426.0,0.008382188077830588,0.02116314470952607,1,1,1,0,513978804.9906272,0
2026-03-31,697435105,PALO ALTO NETWORKS INC (PANW),PANW,Information Technology,Common Stock,6,73247543480.0,0.017585523495600514,0.0775732155412688,0,2,0,1,-725145568.3776891,-2
2026-03-31,G0408V102,AON PLC (AON),AON,Financials,Common Stock,6,71743528797.0,0.008017624046604211,0.023712009080495748,1,1,0,1,-2718398427.1398916,0
2026-03-31,12572Q105,CME GROUP INC (CME),CME,Financials,Common Stock,6,69894860541.0,0.008928400975253258,0.02916088666247773,0,2,0,0,-5091493747.279384,-2
2026-03-31,L8681T102,SPOTIFY TECHNOLOGY S A (SPOT),SPOT,Communication Services,Common Stock,6,68287258748.0,0.01994140314730828,0.09350467980883466,0,2,0,0,-641782968.7138212,-2
2026-03-31,256677105,DOLLAR GEN CORP NEW (DG),DG,Consumer Staples,Common Stock,6,60102461668.0,0.007312349032837276,0.011697052214327692,1,1,0,0,89763512.90417099,0
2026-03-31,57636Q104,MASTERCARD INC (MA),MA,Financials,Common Stock,6,56642880865.0,0.006071128996225291,0.01579328509750533,1,0,0,0,157334325.7358412,1
2026-03-31,780259206,SHELL PLC (SHEL),SHEL,Energy,ADR,6,54479789455.0,0.003806274337621354,0.007682991848399384,0,1,0,0,-287502804.0764154,-1
2026-03-31,422806109,HEICO CORP (HEI),HEI,Industrials,Common Stock,6,52873939311.0,0.006534734257560004,0.01242761470572752,1,1,0,0,386787703.934762,0
2026-03-31,21036P108,CONSTELLATION BRANDS INC (STZ),STZ,Consumer Staples,Common Stock,6,51795383157.0,0.004927181414534188,0.009205279562069445,2,0,1,0,2364464170.514748,2
2026-03-31,91324P102,UNITEDHEALTH GROUP INC (UNH),UNH,Health Care,Common Stock,6,50594673249.0,0.014707949132790088,0.050140912808472674,1,1,0,0,395838609.317877,0
2026-03-31,110122108,BRISTOL MYERS SQUIBB CO (BMY),BMY,Health Care,Common Stock,6,50583642832.0,0.022886672136160177,0.09907856490783311,1,0,0,0,26067050.83492503,1
2026-03-31,718546104,PHILLIPS 66 (PSX),PSX,Energy,Common Stock,6,50240228651.0,0.0064260908514700045,0.011984434418070122,2,2,1,0,12381184728.889399,0
2026-03-31,012653101,ALBEMARLE CORP (ALB),ALB,Materials,Common Stock,6,48340213914.0,0.00502623946525324,0.013123670090892105,0,2,0,1,-47344889.97406048,-2
2026-03-31,37045V100,GENERAL MOTORS CO (GM),GM,Consumer Discretionary,Common Stock,6,47856069515.0,0.0054912256763059,0.007691636245721079,2,1,1,1,-973714744.9866744,1
2026-03-31,03769M106,APOLLO GLOBAL MGMT INC (APO),APO,Financials,Common Stock,6,46984226430.0,0.007018422732068689,0.01485497227990996,2,1,1,0,2219995692.9125566,1
2026-03-31,79466L302,SALESFORCE INC (CRM),CRM,Information Technology,Common Stock,6,46636560040.0,0.0037375849134881393,0.005861090616064062,0,1,0,0,-17470676.75888972,-1
2026-03-31,031162100,AMGEN INC (AMGN),AMGN,Health Care,Common Stock,6,45591261995.0,0.007915374766985632,0.02767018275403017,1,1,0,1,-34022958.40917437,0
2026-03-31,92343E102,VERISIGN INC (VRSN),VRSN,Information Technology,Common Stock,6,45250921946.0,0.0038747642740111395,0.004672668991457204,0,2,0,0,-247327114.45253646,-2
2026-03-31,78409V104,S&P GLOBAL INC (SPGI),SPGI,Financials,Common Stock,6,44913839482.0,0.00960402232903639,0.024490468346328075,2,0,0,0,690837404.792658,2
2026-03-31,571748102,MARSH & MCLENNAN COS INC (MMC),MMC,Financials,Common Stock,6,44005840496.0,0.017483063953017217,0.08674762022109452,0,1,0,1,-264210272.0,-1
2026-03-31,722304102,PDD HOLDINGS INC (PDD),PDD,Consumer Discretionary,ADR,6,43654233780.0,0.005795385370135295,0.014202914110680564,3,0,1,0,1737350110.9459379,3
2026-03-31,83406F102,SOFI TECHNOLOGIES INC (SOFI),SOFI,Financials,Common Stock,6,42388795689.0,0.0072858361774920145,0.015743096341835197,3,1,3,1,2662520964.0,2
2026-03-31,803054204,SAP SE (SAP),SAP,Information Technology,ADR,6,38099614251.0,0.010045963042352364,0.025160950444748014,2,1,0,1,160178384.96452355,1
2026-03-31,742718109,PROCTER & GAMBLE CO (PG),PG,Consumer Staples,Common Stock,6,35006020652.0,0.006250614453557436,0.011066928102502647,1,0,1,0,29503115.999999996,1
2026-03-31,023135106,AMAZON COM INC (AMZN),AMZN,Consumer Discretionary,Common Stock,6,33813136603.0,0.00718097080779907,0.02741681119998643,0,1,0,0,-61335916.12495491,-1
2026-03-31,651639106,NEWMONT CORP (NEM),NEM,Materials,Common Stock,6,33799713286.0,0.006257381291495671,0.015967234706848753,0,1,0,0,-201077610.30585602,-1
2026-03-31,458140100,INTEL CORP (INTC),INTC,Information Technology,Common Stock,6,33735234905.0,0.004857432126703749,0.011210960893565077,1,1,0,0,-115515056.90963386,0
2026-03-31,615369105,MOODYS CORP (MCO),MCO,Financials,Common Stock,6,33292125226.0,0.004557995280602946,0.008315232562167667,0,0,0,0,0.0,0
2026-03-31,931142103,WALMART INC (WMT),WMT,Consumer Staples,Common Stock,6,33210751379.0,0.01286694806721385,0.051383997184248076,0,0,0,0,0.0,0
2026-03-31,060505104,BANK OF AMERICA CORP (BAC),BAC,Financials,Common Stock,6,33185394205.0,0.09946775523999402,0.41989176055519506,1,0,0,0,261617072.45754018,1
2026-03-31,126650100,CVS HEALTH CORP (CVS),CVS,Health Care,Common Stock,6,32527833686.0,0.00524423321642448,0.013298621410124382,1,0,0,0,181832653.66587794,1
2026-03-31,518439104,ESTEE LAUDER COMPANIES INC (EL),EL,Consumer Staples,Common Stock,6,32013612820.0,0.0039276738606316385,0.007256399695279886,1,1,1,1,-308477583.0,0
2026-03-31,548661107,LOWES COS INC (LOW),LOW,Consumer Discretionary,Common Stock,6,31880984450.0,0.01189122279628029,0.052513817281442825,1,1,0,0,66998856.41000573,0
2026-03-31,26441C204,DUKE ENERGY CORP NEW (DUK),DUK,Utilities,Common Stock,6,31651820859.0,0.006648101235437497,0.014857074191732293,0,1,0,0,-2052031915.3152037,-1
2026-03-31,532457108,LILLY ELI & CO (LLY),LLY,Health Care,Common Stock,6,31354540761.0,0.0040492221896067816,0.008521181484348727,1,0,0,0,7846814.680202211,1
2026-03-31,907818108,UNION PAC CORP (UNP),UNP,Industrials,Common Stock,6,31039043582.0,0.004165671089434023,0.005778099630409017,2,1,1,0,-64426467.74842727,1
2026-03-31,828806109,SIMON PPTY GROUP INC NEW (SPG),SPG,Real Estate,REIT,6,29950870533.0,0.007138270575463088,0.018278540722300982,1,0,1,0,411519234.0,1
2026-03-31,169656105,CHIPOTLE MEXICAN GRILL INC (CMG),CMG,Consumer Discretionary,Common Stock,6,29789544678.0,0.004866583208723936,0.013887908030794647,1,3,0,2,-210682041.12385178,-2
2026-03-31,550021109,LULULEMON ATHLETICA INC (LULU),LULU,Consumer Discretionary,Common Stock,6,29697314804.0,0.002833688341075183,0.0036183063243033038,1,0,0,0,36053510.01866762,1
2026-03-31,03027X100,AMERICAN TOWER CORP (AMT),AMT,Real Estate,REIT,6,28895818008.0,0.005889468667280868,0.012922185522470396,1,2,0,1,-2678061356.335347,-1
2026-03-31,38141G104,GOLDMAN SACHS GROUP INC (GS),GS,Financials,Common Stock,6,28686780069.0,0.002734933148386324,0.0041613829471069605,0,1,0,1,-3284333629.0,-1
2026-03-31,009066101,AIRBNB INC (ABNB),ABNB,Consumer Discretionary,Common Stock,6,26965492019.0,0.0038363131609696973,0.009154362796935727,1,3,1,2,-446045713.83171177,-2
2026-03-31,58933Y105,MERCK & CO INC (MRK),MRK,Health Care,Common Stock,6,26725160094.0,0.00309973463378221,0.004273316955533972,1,1,0,0,10492827.427739426,0
2026-03-31,718172109,PHILIP MORRIS INTL INC (PM),PM,Consumer Staples,Common Stock,6,26080776241.0,0.002564883636709928,0.0031698831132582262,0,0,0,0,0.0,0
2026-03-31,71654V408,PETROLEO BRASILEIRO SA PETRO (PBR),PBR,Energy,ADR,6,25763694137.0,0.0032542447009702834,0.0065034498407463195,1,1,0,0,-33069647.34241602,0
2026-03-31,29444U700,EQUINIX INC (EQIX),EQIX,Real Estate,REIT,6,25087306450.0,0.009465024751827646,0.03620727633211361,1,2,1,0,93822986.76676983,-1
2026-03-31,125523100,CIGNA GROUP (CI),CI,Health Care,Common Stock,6,16322514876.0,0.003435467226921509,0.0064436399451279535,0,2,0,1,-25961776348.537403,-2
2026-03-31,46090E103,INVESCO QQQ TR UNIT SER 1 (QQQ),QQQ,ETF - Broad Equity,ETF,6,4104802487.0,0.02001737382213389,0.04893903153294722,3,0,1,0,518392486.5269772,3
2026-03-31,78462F103,SPDR S&P 500 ETF TR TR UNIT (SPY),SPY,ETF - Broad Equity,ETF,6,2678529406.0,0.033900404383537676,0.10080205385665526,3,0,2,0,513010906.8504084,3
2026-03-31,922908769,VANGUARD INDEX FDS VANGUARD TOTAL STK MKT ETF (VTI),VTI,ETF - Broad Equity,ETF,6,1583810384.0,0.01795053292034734,0.06808714175591885,2,2,0,1,-246664022.02528298,0
2026-03-31,69608A108,PALANTIR TECHNOLOGIES INC (PLTR),PLTR,Information Technology,Common Stock,5,192567621403.0,0.012671548809935346,0.037571467927924575,0,1,0,0,-42060158.87748971,-1
2026-03-31,47233W109,JEFFERIES FINL GROUP INC (JEF),JEF,Financials,Common Stock,5,112499051232.0,0.007204408591893215,0.01852226940067171,1,1,0,0,997930.5695727444,0
2026-03-31,674599105,OCCIDENTAL PETE CORP (OXY),OXY,Energy,Common Stock,5,95853806674.0,0.005182769127731685,0.013144170419780742,0,1,0,1,-252910422.0,-1
2026-03-31,747525103,QUALCOMM INC (QCOM),QCOM,Information Technology,Common Stock,5,82472707068.0,0.007861939007118726,0.011553769212307635,1,0,1,0,601272066.0,1
2026-03-31,244199105,DEERE & CO (DE),DE,Industrials,Common Stock,5,79215033677.0,0.0077559413635403225,0.015110124774746202,2,0,0,0,927700931.5474646,2
2026-03-31,166764100,CHEVRON CORP NEW (CVX),CVX,Energy,Common Stock,5,77117043808.0,0.009248400693196086,0.01676710850535605,2,1,1,0,296240185.5189401,1
2026-03-31,G5494J103,LINDE PLC (LIN),LIN,Materials,Common Stock,5,74914849982.0,0.008022405956254188,0.018657104159658565,1,1,0,0,863752439.7666497,0
2026-03-31,22788C105,CROWDSTRIKE HOLDINGS INC (CRWD),CRWD,Information Technology,Common Stock,5,73651762685.0,0.007207671563240284,0.009777342149599277,1,1,1,1,-499826449.0,0
2026-03-31,254687106,WALT DISNEY CO (DIS),DIS,Communication Services,Common Stock,5,68661460456.0,0.006749398677579827,0.009932993193921887,1,1,1,1,129508785.0,0
2026-03-31,91912E105,VALE S A (VALE),VALE,Materials,ADR,5,63968537784.0,0.0073227114198423275,0.01810618089278461,1,0,0,0,13104542.424466766,1
2026-03-31,149123101,CATERPILLAR INC DEL (CAT),CAT,Industrials,Common Stock,5,61813009374.0,0.00564368766283943,0.008619765679393489,0,2,0,1,-354394900.47837365,-2
2026-03-31,902973304,US BANCORP DEL (USB),USB,Financials,Common Stock,5,56935527858.0,0.0054204141063421574,0.009531175260336101,0,0,0,0,0.0,0
2026-03-31,464288513,ISHARES TR IBOXX HI YD ETF (HYG),HYG,ETF - Fixed Income,ETF,5,55687955546.0,0.01131213186188155,0.021156435588740346,2,2,1,0,53479366037.734795,0
2026-03-31,883556102,THERMO FISHER SCIENTIFIC INC (TMO),TMO,Health Care,Common Stock,5,54848272434.0,0.037691367387296296,0.17119630156176507,1,3,0,2,-736257930.0614842,-2
2026-03-31,594918104,MICROSOFT CORP (MSFT),MSFT,Information Technology,Common Stock,5,53238782986.0,0.008665072517172,0.016526032158710634,0,2,0,1,-3096709209.0,-2
2026-03-31,464287200,ISHARES TR S&P 500 INDEX (IVV),IVV,ETF - Broad Equity,ETF,5,52883203048.0,0.015380630442731458,0.023479081449880437,1,1,0,1,-522207324.3487323,0
2026-03-31,75513E101,RTX CORP (RTX),RTX,Industrials,Common Stock,5,52606338946.0,0.006129022221325955,0.014109554809744176,1,1,0,0,-466928287.41704845,0
2026-03-31,74340W103,PROLOGIS INC (PLD),PLD,Real Estate,REIT,5,52498421881.0,0.008431498780939455,0.016150026779207634,2,1,2,0,3691307503.6303396,1
2026-03-31,03524A108,ANHEUSER BUSCH INBEV SA/NV (BUD),BUD,Consumer Staples,ADR,5,49310613491.0,0.004881855472647461,0.007663759150974018,0,2,0,1,-708832341.983865,-2
2026-03-31,007903107,ADVANCED MICRO DEVICES INC (AMD),AMD,Information Technology,Common Stock,5,48986843933.0,0.006562615477844089,0.013448312423831089,1,2,0,1,1129609885.8763785,-1
2026-03-31,882508104,TEXAS INSTRUMENTS INC (TXN),TXN,Information Technology,Common Stock,5,47685986858.0,0.011458732403647913,0.0347316191706792,1,0,0,0,117020580.46938333,1
2026-03-31,20030N101,COMCAST CORP NEW (CMCSA),CMCSA,Communication Services,Common Stock,5,46997378238.0,0.00926010023179541,0.016636570338785777,2,0,1,0,982719807.7622788,2
2026-03-31,82967N108,SIRIUS XM HOLDINGS INC (SIRI),SIRI,Communication Services,Common Stock,5,46616986871.0,0.006568294788020986,0.010581917957517272,2,0,0,0,313060017.48559266,2
2026-03-31,771049103,ROBLOX CORP (RBLX),RBLX,Communication Services,Common Stock,5,46400853234.0,0.007238453527243035,0.018676658026061575,2,0,1,0,3324296419.6540947,2
2026-03-31,713448108,PEPSICO INC (PEP),PEP,Consumer Staples,Common Stock,5,44770268359.0,0.006365786839013105,0.015350069831893493,1,1,0,1,427596499.21594024,0
2026-03-31,30303M102,META PLATFORMS INC (META),META,Communication Services,Common Stock,5,43856912707.0,0.004759627877188208,0.006058605084162511,0,1,0,0,-72777557.83880536,-1
2026-03-31,92343V104,VERIZON COMMUNICATIONS INC (VZ),VZ,Communication Services,Common Stock,5,43703673745.0,0.10642130301737973,0.5185063629256275,0,4,0,3,-6879746470.522124,-4
2026-03-31,002824100,ABBOTT LABS (ABT),ABT,Health Care,Common Stock,5,42931290999.0,0.006474534071921849,0.01135303896027669,2,0,0,0,672687830.0243607,2
2026-03-31,756109104,REALTY INCOME CORP (O),O,Real Estate,REIT,5,42478195015.0,0.00418486002920391,0.006949730170852995,0,0,0,0,0.0,0
2026-03-31,14040H105,CAPITAL ONE FINL CORP (COF),COF,Financials,Common Stock,5,41950811624.0,0.004998796341641273,0.011808776126578093,0,0,0,0,0.0,0
2026-03-31,01609W102,ALIBABA GROUP HLDG LTD (BABA),BABA,Consumer Discretionary,ADR,5,40566672977.0,0.046000377696918685,0.1808986151555499,2,0,1,0,187833114.84704816,2
2026-03-31,25754A201,DOMINOS PIZZA INC (DPZ),DPZ,Consumer Discretionary,Common Stock,5,40550695788.0,0.0034030558094425164,0.005476106633030198,1,1,0,1,-1770789544.6010468,0
2026-03-31,90384S303,ULTA BEAUTY INC (ULTA),ULTA,Consumer Discretionary,Common Stock,5,40458570073.0,0.00826562731540083,0.01840762723489406,0,2,0,1,-847059358.9715655,-2
2026-03-31,02005N100,ALLY FINL INC (ALLY),ALLY,Financials,Common Stock,5,38646881211.0,0.00545274921548476,0.00825315195875435,0,0,0,0,0.0,0
2026-03-31,75886F107,REGENERON PHARMACEUTICALS (REGN),REGN,Health Care,Common Stock,5,38248156821.0,0.009148444257159693,0.015647889195400704,1,2,1,1,-795677485.7817404,-1
2026-03-31,767204100,RIO TINTO PLC (RIO),RIO,Materials,ADR,5,37574589565.0,0.00728191603449794,0.01861549246013914,1,0,0,0,77660431.91236104,1
2026-03-31,813055101,SEAPORT ENTMT GROUP INC (SEG),SEG,Real Estate,Common Stock,5,36762134077.0,0.002671070015887698,0.0038179469836167896,0,2,0,1,-421265732.55545574,-2
2026-03-31,22266T109,COUPANG INC (CPNG),CPNG,Consumer Discretionary,Common Stock,5,33273475681.0,0.013161646211691563,0.03777212464952256,1,2,0,1,-766315789.1129715,-1
2026-03-31,191216100,COCA COLA CO (KO),KO,Consumer Staples,Common Stock,5,32891923169.0,0.0060562074368592875,0.010501266223933178,0,1,0,1,-656506414.0,-1
2026-03-31,911312106,UNITED PARCEL SERVICE INC (UPS),UPS,Industrials,Common Stock,5,32502427527.0,0.0065847468973224636,0.010781467776782459,1,1,0,1,-180388436.00616643,0
2026-03-31,260557103,DOW INC (DOW),DOW,Materials,Common Stock,5,32299185719.0,0.01661443491079984,0.06330146648768403,1,0,0,0,52285018.48808239,1
2026-03-31,501044101,KROGER CO (KR),KR,Consumer Staples,Common Stock,5,31900125661.0,0.0032280973233111297,0.0038909357854769277,0,1,0,1,-8809035.0,-1
2026-03-31,48251W104,KKR & CO INC (KKR),KKR,Financials,Common Stock,5,31039758263.0,0.015027632888548281,0.03205045084550998,0,1,0,1,-147006305.0,-1
2026-03-31,23918K108,DAVITA INC (DVA),DVA,Health Care,Common Stock,5,30674762824.0,0.0023600263410786257,0.003779194061137758,1,1,0,0,-29597070.191130966,0
2026-03-31,629579103,NVR INC (NVR),NVR,Consumer Discretionary,Common Stock,5,29480932754.0,0.0032234997629756097,0.005606354070170204,2,0,0,0,186784995.47856277,2
2026-03-31,842587107,SOUTHERN CO (SO),SO,Utilities,Common Stock,5,29195268751.0,0.003713997849650405,0.006279317827392349,0,0,0,0,0.0,0
2026-03-31,16119P108,CHARTER COMMUNICATIONS INC N (CHTR),CHTR,Communication Services,Common Stock,5,28775992445.0,0.005543074662869033,0.012212588369633862,2,1,1,1,-1031824022.635255,1
2026-03-31,654106103,NIKE INC (NKE),NKE,Consumer Discretionary,Common Stock,5,28373896480.0,0.013145309846405473,0.048172632807318067,3,0,2,0,785032204.5895753,3
2026-03-31,17275R102,CISCO SYSTEMS INC (CSCO),CSCO,Information Technology,Common Stock,5,28335587099.0,0.005801407291538449,0.01732457167835645,0,0,0,0,0.0,0
2026-03-31,369604301,GE AEROSPACE (GE),GE,Industrials,Common Stock,5,27855641134.0,0.004604799925355948,0.007676798626488002,0,0,0,0,0.0,0
2026-03-31,444859102,HUMANA INC (HUM),HUM,Health Care,Common Stock,5,26615766726.0,0.0070730650156957415,0.014531261895948814,2,1,1,0,130269266.01126748,1
2026-03-31,806857108,SCHLUMBERGER LTD (SLB),SLB,Energy,Common Stock,5,24439391598.0,0.0025034742295621287,0.004978691289493339,0,1,0,0,-5668233559.14174,-1
2026-03-31,81369Y803,SELECT SECTOR SPDR TR SBI INT-TECH (XLK),XLK,ETF - Sector,ETF,5,5836164949.0,0.02071352361720059,0.062048028808941315,1,3,0,2,-1241214254.8299193,-2
2026-03-31,464287432,ISHARES TR 20+YR TRS BD ETF (TLT),TLT,ETF - Fixed Income,ETF,5,4442438161.0,0.01773489096420258,0.04404332273349743,1,0,1,0,3113188790.0,1
2026-03-31,464287465,ISHARES TR MSCI EAFE ETF (EFA),EFA,ETF - International Equity,ETF,5,2546166913.0,0.020517116725634263,0.08386514680065957,0,1,0,0,-6776287.171793901,-1
2026-03-31,922908363,VANGUARD INDEX FDS S&P 500 ETF SHS (VOO),VOO,ETF - Broad Equity,ETF,5,2030759781.0,0.018404166558528466,0.06570230159830909,0,2,0,1,-218001826.73433816,-2
2026-03-31,G1151C101,ACCENTURE PLC IRELAND (ACN),ACN,Information Technology,Common Stock,4,163751811829.0,0.010539955172842796,0.027809025110517045,0,0,0,0,0.0,0
2026-03-31,46120E602,INTUITIVE SURGICAL INC (ISRG),ISRG,Health Care,Common Stock,4,112664498239.0,0.007134398661034304,0.0194075782096829,1,1,0,1,-80031483.12806661,0
2026-03-31,20825C104,CONOCOPHILLIPS (COP),COP,Energy,Common Stock,4,110473325282.0,0.011076291453349834,0.016584142171593323,2,0,0,0,26363474238.322132,2
2026-03-31,438516106,HONEYWELL INTL INC (HON),HON,Industrials,Common Stock,4,62402675503.0,0.007655116463289708,0.01469231596659296,1,0,0,0,51175639.77810196,1
2026-03-31,172967424,CITIGROUP INC (C),C,Financials,Common Stock,4,61689742848.0,0.006229617747654989,0.009653988858585717,0,1,0,1,-2262345916.0,-1
2026-03-31,617446448,MORGAN STANLEY (MS),MS,Financials,Common Stock,4,59664344560.0,0.009069295877180061,0.018644683988745903,1,1,0,1,-437765519.861975,0
2026-03-31,45866F104,INTERCONTINENTAL EXCHANGE IN (ICE),ICE,Financials,Common Stock,4,49782981267.0,0.0048239310008366485,0.007659452978865595,1,0,0,0,546997558.0675031,1
2026-03-31,437076102,HOME DEPOT INC (HD),HD,Consumer Discretionary,Common Stock,4,40933240509.0,0.003900464787048319,0.005248014528950878,0,1,0,0,-40850027.51478946,-1
2026-03-31,64110L106,NETFLIX INC (NFLX),NFLX,Communication Services,Common Stock,4,35526580868.0,0.005389598144727763,0.00810518600916751,2,0,0,0,526585116.16365284,2
2026-03-31,30231G102,EXXON MOBIL CORP (XOM),XOM,Energy,Common Stock,4,35432331491.0,0.007216904312400421,0.01654262239287803,2,0,1,0,234434530.1400751,2
2026-03-31,670346105,NUCOR CORP (NUE),NUE,Materials,Common Stock,4,33860027454.0,0.003311522926338532,0.004432758765322025,1,0,0,0,87941515.19647075,1
2026-03-31,247361702,DELTA AIR LINES INC DEL (DAL),DAL,Industrials,Common Stock,4,32512873435.0,0.003392465748715022,0.005085546196119589,1,0,1,0,40346938.0,1
2026-03-31,02079K107,ALPHABET INC (GOOG),GOOG,Communication Services,Common Stock,4,32209992703.0,0.0058652828598422125,0.012545693625587193,2,1,1,1,1768502285.4104962,1
2026-03-31,02079K305,ALPHABET INC (GOOGL),GOOGL,Communication Services,Common Stock,4,31116258237.0,0.004102999720117263,0.007072517377994787,1,1,1,0,-177468295.607342,0
2026-03-31,194162103,COLGATE PALMOLIVE CO (CL),CL,Consumer Staples,Common Stock,4,30572953066.0,0.11166502812214336,0.4352533612701349,0,0,0,0,0.0,0
2026-03-31,609207105,MONDELEZ INTL INC (MDLZ),MDLZ,Consumer Staples,Common Stock,4,29905540789.0,0.007777221133309589,0.015240290967227127,1,1,1,1,1108396255.0000002,0
2026-03-31,24703L202,DELL TECHNOLOGIES INC (DELL),DELL,Information Technology,Common Stock,4,28670786328.0,0.0044645096650417545,0.010155816189536395,0,1,0,0,-10348624.67848427,-1
2026-03-31,79466LAA3,SALESFORCE INC NOTE 3.700% 4/11 (CRM),CRM,Information Technology,Corporate Debt,4,28227973570.0,0.014589720851790102,0.038442322641418086,1,0,1,0,350278937.0,1
2026-03-31,808513105,SCHWAB CHARLES CORP NEW (SCHW),SCHW,Financials,Common Stock,4,25574088221.0,0.00328574277727677,0.005456389928502383,0,1,0,0,-267810592.85212332,-1
2026-03-31,43300A203,HILTON WORLDWIDE HLDGS INC (HLT),HLT,Consumer Discretionary,Common Stock,4,25336265435.0,0.004349012129353423,0.009429412327764695,1,0,1,0,490717975.0,1
2026-03-31,22160K105,COSTCO WHSL CORP NEW (COST),COST,Consumer Staples,Common Stock,4,23858574979.0,0.005389401514374687,0.013221511426117438,1,0,1,0,1116315750.0,1
2026-03-31,19260Q107,COINBASE GLOBAL INC (COIN),COIN,Financials,Common Stock,4,22488977728.0,0.0022478857218538417,0.003128685972091348,0,2,0,1,-4800334513.0,-2
2026-03-31,922042858,VANGUARD INTL EQUITY INDEX F FTSE EMR MKT ETF (VWO),VWO,ETF - International Equity,ETF,4,20754269946.0,0.010291242373169838,0.01943483253261226,0,0,0,0,0.0,0
2026-03-31,872540109,TJX COS INC NEW (TJX),TJX,Consumer Discretionary,Common Stock,4,18321082077.0,0.0023185021732653292,0.0032985449430930794,0,1,0,1,-19434182198.0,-1
2026-03-31,78463V107,SPDR GOLD TR GOLD SHS (GLD),GLD,ETF - Commodity,ETF,4,2218753904.0,0.010374463505281876,0.026734075392995247,3,0,0,0,595728239.0539564,3
2026-03-31,464287242,ISHARES TR IBOXX INV CORP (LQD),LQD,ETF - Fixed Income,ETF,4,2136665531.0,0.018350576148443227,0.052325053085302636,0,1,0,1,-42834502.0,-1
2026-03-31,81369Y209,SELECT SECTOR SPDR TR SBI INT-HEALTH CARE (XLV),XLV,ETF - Sector,ETF,4,1587598106.0,0.017727627567346103,0.029905116248005372,2,1,0,0,-97266519.9289478,1
2026-03-31,464287655,ISHARES TR RUSSELL 2000 ETF (IWM),IWM,ETF - Broad Equity,ETF,4,780864097.0,0.006721625988153557,0.01207577725852888,0,2,0,1,-4232362621.3,-2
2026-03-31,91232N108,UNITED STATES OIL FUND LP UNITS (USO),USO,ETF - Commodity,ETF,4,780237733.0,0.01162489658862579,0.020414751317699504,1,1,0,0,-137909731.70518732,0
2026-03-31,26875P101,EOG RES INC (EOG),EOG,Energy,Common Stock,3,65578859436.0,0.005599770461855578,0.006944454816664531,0,2,0,1,-936331018.0913842,-2
2026-03-31,345370860,FORD MOTOR CO (F),F,Consumer Discretionary,Common Stock,3,59422514802.0,0.00870314047004906,0.014163413942438162,0,1,0,1,-1249208143.0,-1
2026-03-31,23331A109,D R HORTON INC (DHI),DHI,Consumer Discretionary,Common Stock,3,56925938689.0,0.004159190717433357,0.007641473365261855,0,0,0,0,0.0,0
2026-03-31,046353108,ASTRAZENECA PLC (AZN),AZN,Health Care,ADR,3,35649115576.0,0.01895575541723023,0.05032872983193931,0,0,0,0,0.0,0
2026-03-31,92532F100,VERTEX PHARMACEUTICALS INC (VRTX),VRTX,Health Care,Common Stock,3,34342255199.0,0.004975890339437842,0.008241633579894898,0,0,0,0,0.0,0
2026-03-31,097023105,BOEING CO (BA),BA,Industrials,Common Stock,3,25100312048.0,0.0028432837223555684,0.0035554534695589664,0,1,0,0,-179497970.67402032,-1
2026-03-31,81141R100,SEA LTD (SE),SE,Consumer Discretionary,ADR,3,22741846400.0,0.0022504495293401406,0.00239559246051724,0,2,0,2,-610384699.0,-2
2026-03-31,833445AA6,SNOWFLAKE INC NOTE 0.000% 10/1 (SNOW),SNOW,Information Technology,Convertible Debt,3,22163386614.0,0.005842361671787877,0.009924408230748838,0,0,0,0,0.0,0
2026-03-31,060505815,BANK OF AMERICA CORP PFD SER L (BAC),BAC,Financials,Preferred Stock,3,2896896005.0,0.007207981467710803,0.016746462387292698,0,0,0,0,0.0,0
2026-03-31,00214Q104,ARK ETF TR ARK INNOVATION ETF (ARKK),ARKK,ETF - Thematic,ETF,3,818628888.0,0.005817130186719049,0.00826705487248047,2,0,0,0,135223692.47877088,2
2026-03-31,464287234,ISHARES TR MSCI EMERG MKT ETF (EEM),EEM,ETF - International Equity,ETF,3,406876799.0,0.013246997208976569,0.01950873461787221,0,1,0,1,-734851455.0,-1
2026-03-31,81369Y506,SELECT SECTOR SPDR TR SBI INT-ENERGY (XLE),XLE,ETF - Sector,ETF,3,346840510.0,0.012611202091199104,0.017456554568179888,0,0,0,0,0.0,0
2026-03-31,81762P102,SERVICENOW INC (NOW),NOW,Information Technology,Common Stock,2,98715325212.0,0.009554026828095336,0.013438946314484432,0,1,0,1,-121709519.0,-1
2026-03-31,949746804,WELLS FARGO & CO NEW PFD CL A 7.5% (WFC),WFC,Financials,Preferred Stock,2,21581120897.0,0.004737528272017011,0.0055515032903441985,0,0,0,0,0.0,0
2026-03-31,674599121,OCCIDENTAL PETE CORP WT EXP 08/03/2027 (OXY),OXY,Energy,Warrant,2,16350874850.0,0.005254934046218586,0.007009237070960766,0,0,0,0,0.0,0
2026-03-31,81369Y605,SELECT SECTOR SPDR TR SBI INT-FINL (XLF),XLF,ETF - Sector,ETF,2,770979847.0,0.0088726220765455,0.012580415569594505,1,0,1,0,654699979.0,1
2026-03-31,81369Y886,SELECT SECTOR SPDR TR SBI INT-UTILS (XLU),XLU,ETF - Sector,ETF,2,628885085.0,0.007684703993471662,0.010801083738349005,2,2,0,2,-121515676.44068033,0
2026-03-31,46428Q109,ISHARES SILVER TR ISHARES (SLV),SLV,ETF - Commodity,ETF,2,242310135.0,0.007043019636663922,0.008954401801368998,0,0,0,0,0.0,0
2025-12-31,854502101,STANLEY BLACK & DECKER INC (SWK),SWK,Industrials,Common Stock,10,139278928182.0,0.015803796127194836,0.047871096258323025,2,0,1,0,1096492962.1076298,2
2025-12-31,00827B106,AFFIRM HLDGS INC (AFRM),AFRM,Financials,Common Stock,9,127606077280.0,0.012180847558704022,0.05753328663575522,1,4,0,0,-172240431.8523749,-3
2025-12-31,595112103,MICRON TECHNOLOGY INC (MU),MU,Information Technology,Common Stock,9,110031051749.0,0.032070350555791396,0.18194963220741633,2,1,2,0,1151302245.7910452,1
2025-12-31,11135F101,BROADCOM INC (AVGO),AVGO,Information Technology,Common Stock,9,83935279519.0,0.008665233268671212,0.019206712307928527,5,1,2,0,69769936.86374629,4
2025-12-31,92826C839,VISA INC (V),V,Financials,Common Stock,9,58225285484.0,0.005982579282451013,0.019542567908992878,2,1,2,0,263895569.70786938,1
2025-12-31,313586109,FEDERAL NATL MTG ASSN (FNMA),FNMA,Financials,Common Stock,9,46324078466.0,0.005975391464797827,0.017739529384700106,1,1,0,0,26258454.866621777,0
2025-12-31,770700102,ROBINHOOD MKTS INC (HOOD),HOOD,Financials,Common Stock,9,43039232045.0,0.007781330481951989,0.016384437465688392,3,1,3,0,2688142405.5946255,2
2025-12-31,73278L105,POOL CORP (POOL),POOL,Consumer Discretionary,Common Stock,8,63573479601.0,0.01449914195007707,0.044615997814474964,0,0,0,0,0.0,0
2025-12-31,934423104,WARNER BROS DISCOVERY INC (WBD),WBD,Communication Services,Common Stock,8,50097852116.0,0.005474422908583101,0.015001535713239098,1,3,1,1,391214120.68758774,-2
2025-12-31,478160104,JOHNSON & JOHNSON (JNJ),JNJ,Health Care,Common Stock,8,46170779024.0,0.004290055625527807,0.007319711906036811,1,1,0,0,9405125568.792957,0
2025-12-31,00287Y109,ABBVIE INC (ABBV),ABBV,Health Care,Common Stock,8,45535351150.0,0.006764464388599401,0.023574721482366036,3,1,2,0,254753254.61840802,2
2025-12-31,92343V104,VERIZON COMMUNICATIONS INC (VZ),VZ,Communication Services,Common Stock,8,43962770280.0,0.06657838591448552,0.49166184448589295,0,2,0,0,-22371018.175941113,-2
2025-12-31,375558103,GILEAD SCIENCES INC (GILD),GILD,Health Care,Common Stock,8,42599929422.0,0.007045074738481892,0.01880994391472245,1,1,0,0,-154237950.9075185,0
2025-12-31,88160R101,TESLA INC (TSLA),TSLA,Consumer Discretionary,Common Stock,8,40676890308.0,0.006609343551289875,0.027070861224155078,2,1,0,1,-384622133.2412324,1
2025-12-31,169656105,CHIPOTLE MEXICAN GRILL INC (CMG),CMG,Consumer Discretionary,Common Stock,8,34978452841.0,0.006603696435728783,0.013915631903654982,3,0,2,0,2828752986.88,3
2025-12-31,59156R108,METLIFE INC (MET),MET,Financials,Common Stock,8,34970708903.0,0.014017478538650562,0.07454144482763382,1,1,0,0,111498022.50969608,0
2025-12-31,670100205,NOVO NORDISK A S (NVO),NVO,Health Care,ADR,8,32477393783.0,0.008019820410362458,0.03897348952403969,0,1,0,0,-57309306.97243978,-1
2025-12-31,717081103,PFIZER INC (PFE),PFE,Health Care,Common Stock,8,32353543385.0,0.004407720762662509,0.00909872656338289,2,2,1,0,-1085617097.7807918,0
2025-12-31,09857L108,BOOKING HOLDINGS INC (BKNG),BKNG,Consumer Discretionary,Common Stock,8,32200774615.0,0.007362510635121671,0.026708731265451296,2,2,1,1,920587807.3658283,0
2025-12-31,86800U104,SUPER MICRO COMPUTER INC (SMCI),SMCI,Information Technology,Common Stock,8,30833266919.0,0.03001499496662881,0.21167970791294932,1,2,0,0,412215267.78650874,-1
2025-12-31,44267T102,HOWARD HUGHES HLDGS INC (HHH),HHH,Real Estate,Common Stock,8,30473726848.0,0.00811308323196634,0.04210547558631608,2,0,1,0,428000097.95473385,2
2025-12-31,76954A103,RIVIAN AUTOMOTIVE INC (RIVN),RIVN,Consumer Discretionary,Common Stock,8,29129374637.0,0.005585748431297147,0.010005609491316918,2,0,1,0,466227556.2511283,2
2025-12-31,76131D103,RESTAURANT BRANDS INTL INC (QSR),QSR,Consumer Discretionary,Common Stock,8,28709823598.0,0.005206821171303311,0.014357275142575841,0,0,0,0,0.0,0
2025-12-31,526057104,LENNAR CORP (LEN),LEN,Consumer Discretionary,Common Stock,8,25249867702.0,0.004587281128532893,0.009128112230719137,0,1,0,1,-256380840.0,-1
2025-12-31,35671D857,FREEPORT-MCMORAN INC (FCX),FCX,Materials,Common Stock,8,24385015504.0,0.01637861807131159,0.05090159072791698,2,2,0,1,-971513662.4659796,0
2025-12-31,02209S103,ALTRIA GROUP INC (MO),MO,Consumer Staples,Common Stock,8,23759839611.0,0.003705708836918917,0.007051779913503086,1,1,0,0,189216855.4410408,0
2025-12-31,89151E109,TOTALENERGIES SE (TTE),TTE,Energy,ADR,7,243658725610.0,0.011939243854220974,0.04323551787829319,2,0,2,0,247609477.00000003,2
2025-12-31,09247X101,BLACKROCK INC (BLK),BLK,Financials,Common Stock,7,166616169703.0,0.06851803524767061,0.4597079159363816,1,2,0,2,-562868764.9207989,-1
2025-12-31,697435105,PALO ALTO NETWORKS INC (PANW),PANW,Information Technology,Common Stock,7,80482948541.0,0.019539932462132998,0.09756170514333325,0,1,0,0,-774961734.0937158,-1
2025-12-31,G0408V102,AON PLC (AON),AON,Financials,Common Stock,7,75331714883.0,0.009187739047825943,0.01942643662909963,2,1,1,1,1146872190.8514178,1
2025-12-31,883556102,THERMO FISHER SCIENTIFIC INC (TMO),TMO,Health Care,Common Stock,7,67705574077.0,0.03694755694512079,0.21011200616646392,2,0,0,0,1670919497.411236,2
2025-12-31,539830109,LOCKHEED MARTIN CORP (LMT),LMT,Industrials,Common Stock,7,62466381101.0,0.006663561033930141,0.01821592288020704,1,0,0,0,6652697.78334883,1
2025-12-31,874039100,TAIWAN SEMICONDUCTOR MFG LTD (TSM),TSM,Information Technology,ADR,7,52367428849.0,0.03889751724172271,0.21445945257565072,3,0,0,0,830414013.9641368,3
2025-12-31,031162100,AMGEN INC (AMGN),AMGN,Health Care,Common Stock,7,51944971929.0,0.009138495606450577,0.03521432192431446,2,2,1,1,55938869.766516,0
2025-12-31,90353T100,UBER TECHNOLOGIES INC (UBER),UBER,Industrials,Common Stock,7,51823476771.0,0.008294708525260111,0.017940729833935874,1,1,0,1,-2527082606.8548527,0
2025-12-31,084670702,BERKSHIRE HATHAWAY INC DEL (BRK),BRK,Financials,Common Stock,7,50284966344.0,0.015395879934717069,0.052863008348704256,0,0,0,0,0.0,0
2025-12-31,84265V105,SOUTHERN COPPER CORP (SCCO),SCCO,Materials,Common Stock,7,47334590321.0,0.004870814465451964,0.007477753474105214,1,1,1,0,51089.99734819308,0
2025-12-31,012653101,ALBEMARLE CORP (ALB),ALB,Materials,Common Stock,7,46335729749.0,0.004744424875141047,0.013326558133597856,0,1,0,0,-144242831.25469807,-1
2025-12-31,235851102,DANAHER CORP (DHR),DHR,Health Care,Common Stock,7,45086847773.0,0.011659626328192285,0.06380652528538995,1,1,0,1,-180594428.74498683,0
2025-12-31,855244109,STARBUCKS CORP (SBUX),SBUX,Consumer Discretionary,Common Stock,7,44687685874.0,0.0070057105231315685,0.012149697713014081,0,1,0,0,-170914603.29142508,-1
2025-12-31,68389X105,ORACLE CORP (ORCL),ORCL,Information Technology,Common Stock,7,42600870612.0,0.007212106348025627,0.013428412747734488,4,0,0,0,527765294.0676761,4
2025-12-31,125523100,CIGNA GROUP (CI),CI,Health Care,Common Stock,7,42214947230.0,0.004140906524555085,0.0068043357447266604,1,1,0,0,2893148420.019891,0
2025-12-31,530307305,LIBERTY BROADBAND CORP (LBRDK),LBRDK,Communication Services,Common Stock,7,41200830434.0,0.008736168094290349,0.019448667897765743,0,1,0,0,-114116854.6189384,-1
2025-12-31,571748102,MARSH & MCLENNAN COS INC (MMC),MMC,Financials,Common Stock,7,38882312832.0,0.01458700276778607,0.08073001309675638,2,0,0,0,3265687570.0,2
2025-12-31,500754106,KRAFT HEINZ CO (KHC),KHC,Consumer Staples,Common Stock,7,38229510475.0,0.007339788519824719,0.017689045320735265,1,0,0,0,110663185.72327471,1
2025-12-31,82509L107,SHOPIFY INC (SHOP),SHOP,Information Technology,Common Stock,7,37439427319.0,0.07769987650047352,0.5032677411397664,2,1,1,0,4016179437.745203,1
2025-12-31,803054204,SAP SE (SAP),SAP,Information Technology,ADR,7,35541473497.0,0.009706755424372862,0.02442288808581844,2,0,1,0,991601499.1017722,2
2025-12-31,70450Y103,PAYPAL HLDGS INC (PYPL),PYPL,Financials,Common Stock,7,34364136796.0,0.0031688722187791364,0.004280059509814824,0,1,0,0,-220832308.63500953,-1
2025-12-31,46625H100,JPMORGAN CHASE & CO (JPM),JPM,Financials,Common Stock,7,33915106433.0,0.006416127789474995,0.01256179680428559,2,0,2,0,268015920.0,2
2025-12-31,38141G104,GOLDMAN SACHS GROUP INC (GS),GS,Financials,Common Stock,7,33008637144.0,0.0056674956724210735,0.020653092979161722,0,2,0,1,-249688282.81937057,-2
2025-12-31,693475105,PNC FINL SVCS GROUP INC (PNC),PNC,Financials,Common Stock,7,31907603187.0,0.004409676800452063,0.00952928365311497,2,1,1,0,1527737281.7153935,1
2025-12-31,03027X100,AMERICAN TOWER CORP (AMT),AMT,Real Estate,REIT,7,31838240792.0,0.008162447736019398,0.017918531057905158,2,0,1,0,3101966462.685592,2
2025-12-31,009066101,AIRBNB INC (ABNB),ABNB,Consumer Discretionary,Common Stock,7,29956284205.0,0.003846948061170383,0.010633004900354943,1,3,0,1,-307103746.22629875,-2
2025-12-31,13645T100,CANADIAN PAC KANSAS CITY LTD (CP),CP,Industrials,Common Stock,7,29945591795.0,0.005616681995688786,0.0180021144275087,2,2,1,0,725499919.4107124,0
2025-12-31,60770K107,MODERNA INC (MRNA),MRNA,Health Care,Common Stock,7,29654632109.0,0.011056288156825678,0.02612777830389825,1,0,1,0,4808028545.0,1
2025-12-31,404119109,HCA HEALTHCARE INC (HCA),HCA,Health Care,Common Stock,7,29127734193.0,0.0037356650188671912,0.011154618761803762,0,1,0,0,-751944830.2716069,-1
2025-12-31,00724F101,ADOBE INC (ADBE),ADBE,Information Technology,Common Stock,7,28508651592.0,0.008702026924824162,0.01789993531584406,2,1,1,1,-196577328.94984603,1
2025-12-31,G6683N103,NU HLDGS LTD (NU),NU,Financials,Common Stock,7,27619041282.0,0.002953697915684634,0.006158833949211323,1,0,0,0,81404790.40837657,1
2025-12-31,00206R102,AT&T INC (T),T,Communication Services,Common Stock,7,22127924457.0,0.0037741310679044646,0.008705337635125912,0,1,0,0,-113399945.84204994,-1
2025-12-31,81369Y803,SELECT SECTOR SPDR TR SBI INT-TECH (XLK),XLK,ETF - Sector,ETF,7,6831366505.0,0.019432413391456627,0.0688443306653692,3,0,1,0,2062114274.5197968,3
2025-12-31,922908769,VANGUARD INDEX FDS VANGUARD TOTAL STK MKT ETF (VTI),VTI,ETF - Broad Equity,ETF,7,1827635112.0,0.016377296808874415,0.07052986091543402,3,1,1,0,387960518.44128925,2
2025-12-31,833445109,SNOWFLAKE INC (SNOW),SNOW,Information Technology,Common Stock,6,223293631044.0,0.011577115773479245,0.04662874254764177,0,1,0,0,-167073285.2377565,-1
2025-12-31,G5960L103,MEDTRONIC PLC (MDT),MDT,Health Care,Common Stock,6,172890195646.0,0.012834211336344504,0.03660944058819681,2,1,0,0,59098283629.0608,1
2025-12-31,65339F101,NEXTERA ENERGY INC (NEE),NEE,Utilities,Common Stock,6,152512598912.0,0.0379051474578204,0.13625886621533456,0,2,0,0,-434546684.0406755,-2
2025-12-31,55354G100,MSCI INC (MSCI),MSCI,Financials,Common Stock,6,113207610380.0,0.009214619822991144,0.017627177264363473,1,0,1,0,858203060.0,1
2025-12-31,58733R102,MERCADOLIBRE INC (MELI),MELI,Consumer Discretionary,Common Stock,6,92430548548.0,0.006542255448395726,0.013777693746008474,2,0,1,0,92358686.48534551,2
2025-12-31,67066G104,NVIDIA CORP (NVDA),NVDA,Information Technology,Common Stock,6,88865556812.0,0.01716622074978603,0.07070183504431901,1,1,1,0,1491881937.1494539,0
2025-12-31,674599105,OCCIDENTAL PETE CORP (OXY),OXY,Energy,Common Stock,6,87281841886.0,0.004700181187738468,0.012463278237815567,1,2,0,1,-213505050.57940686,-1
2025-12-31,036752103,ELEVANCE HEALTH INC (ELV),ELV,Health Care,Common Stock,6,81853117629.0,0.008585751839021787,0.013708679182894125,2,0,1,0,888940146.5836915,2
2025-12-31,743315103,PROGRESSIVE CORP OHIO (PGR),PGR,Financials,Common Stock,6,80779006049.0,0.008705913126200407,0.014862355508053362,1,2,1,0,224756812.92717433,-1
2025-12-31,042068106,ARM HOLDINGS PLC (ARM),ARM,Information Technology,ADR,6,77128387539.0,0.009233174560212642,0.020533466447598035,1,1,1,0,399872734.4680729,0
2025-12-31,12572Q105,CME GROUP INC (CME),CME,Financials,Common Stock,6,70951438834.0,0.009083277156903873,0.02733222949284895,0,0,0,0,0.0,0
2025-12-31,546347105,LOUISIANA PAC CORP (LPX),LPX,Materials,Common Stock,6,56592074836.0,0.015308200853663504,0.044823810327273526,0,0,0,0,0.0,0
2025-12-31,L8681T102,SPOTIFY TECHNOLOGY S A (SPOT),SPOT,Communication Services,Common Stock,6,56321932737.0,0.01876705298703557,0.07693707555612414,1,0,1,0,873310726.0000001,1
2025-12-31,149123101,CATERPILLAR INC DEL (CAT),CAT,Industrials,Common Stock,6,56281530363.0,0.005986515008643445,0.008273956597276899,2,0,0,0,365621322.7603703,2
2025-12-31,464287200,ISHARES TR S&P 500 INDEX (IVV),IVV,ETF - Broad Equity,ETF,6,54171414928.0,0.0138205234821563,0.024786330274881165,4,2,1,1,51371948686.94785,2
2025-12-31,91324P102,UNITEDHEALTH GROUP INC (UNH),UNH,Health Care,Common Stock,6,51599445743.0,0.01572491218328224,0.05105508499368122,2,1,1,0,8475295547.44942,1
2025-12-31,256677105,DOLLAR GEN CORP NEW (DG),DG,Consumer Staples,Common Stock,6,51433656300.0,0.006252621816602172,0.011305567857441872,1,1,1,0,1791340752.6861792,0
2025-12-31,110122108,BRISTOL MYERS SQUIBB CO (BMY),BMY,Health Care,Common Stock,6,50791812140.0,0.024493958800074975,0.1070773650169505,0,4,0,1,-2790411944.7332177,-4
2025-12-31,780259206,SHELL PLC (SHEL),SHEL,Energy,ADR,6,49994580484.0,0.004682089463658871,0.010340338797099247,1,1,0,1,42237154.60067564,0
2025-12-31,026874784,AMERICAN INTL GROUP INC (AIG),AIG,Financials,Common Stock,6,49652425266.0,0.005600018580617241,0.01231440902698161,1,1,1,1,-142511605.0,0
2025-12-31,57636Q104,MASTERCARD INC (MA),MA,Financials,Common Stock,6,49315869044.0,0.005567512465426843,0.01409061357047997,1,1,0,0,650606315.6941231,0
2025-12-31,47215P106,JD COM INC (JD),JD,Consumer Discretionary,ADR,6,47837670456.0,0.0046979438599566515,0.00754873810716349,2,1,0,0,169712830.47725913,1
2025-12-31,594918104,MICROSOFT CORP (MSFT),MSFT,Information Technology,Common Stock,6,46515089708.0,0.006767015427028351,0.01580512810498444,1,2,0,1,53314650.14484653,-1
2025-12-31,422806109,HEICO CORP (HEI),HEI,Industrials,Common Stock,6,46278496539.0,0.005010982269132395,0.009716042451590063,2,1,0,0,12720524987.25217,1
2025-12-31,92343E102,VERISIGN INC (VRSN),VRSN,Information Technology,Common Stock,6,45637102034.0,0.004957054033899189,0.006426510044730543,0,1,0,0,-2909911.9760191846,-1
2025-12-31,37045V100,GENERAL MOTORS CO (GM),GM,Consumer Discretionary,Common Stock,6,43971129058.0,0.01593178819111614,0.070258593692522,1,1,0,0,10015100048.791859,0
2025-12-31,03524A108,ANHEUSER BUSCH INBEV SA/NV (BUD),BUD,Consumer Staples,ADR,6,43560670108.0,0.005729468593528907,0.013323846656248263,2,1,0,0,-102700575.02660245,1
2025-12-31,79466L302,SALESFORCE INC (CRM),CRM,Information Technology,Common Stock,6,42965251483.0,0.003706684718255236,0.005683569050509567,1,1,0,0,121380972.60498168,0
2025-12-31,007903107,ADVANCED MICRO DEVICES INC (AMD),AMD,Information Technology,Common Stock,6,41979528162.0,0.005076216357812413,0.007509439355643413,1,2,1,2,-145796564.0,-1
2025-12-31,91913Y100,VALERO ENERGY CORP NEW (VLO),VLO,Energy,Common Stock,6,41557433290.0,0.007774986974066096,0.018657671942804165,1,0,1,0,26547213.000000004,1
2025-12-31,813055101,SEAPORT ENTMT GROUP INC (SEG),SEG,Real Estate,Common Stock,6,39919234555.0,0.003633818867529164,0.005739759712594369,1,1,0,0,39353430.168896735,0
2025-12-31,26441C204,DUKE ENERGY CORP NEW (DUK),DUK,Utilities,Common Stock,6,39112162483.0,0.008479822051326281,0.0178937815763537,1,0,0,0,530737758.4224969,1
2025-12-31,126650100,CVS HEALTH CORP (CVS),CVS,Health Care,Common Stock,6,38815201238.0,0.00653273515554554,0.018339701582141547,1,1,0,0,-36597.39968949556,0
2025-12-31,713448108,PEPSICO INC (PEP),PEP,Consumer Staples,Common Stock,6,38449398992.0,0.005198727283591371,0.00857573331472707,1,0,1,0,147334830.0,1
2025-12-31,25754A201,DOMINOS PIZZA INC (DPZ),DPZ,Consumer Discretionary,Common Stock,6,37888615705.0,0.0045159179036528664,0.011478622139077847,1,1,1,0,1740618776.881925,0
2025-12-31,78409V104,S&P GLOBAL INC (SPGI),SPGI,Financials,Common Stock,6,37761904832.0,0.008284247284958487,0.024730602943573723,2,0,0,0,222271741.93778557,2
2025-12-31,90384S303,ULTA BEAUTY INC (ULTA),ULTA,Consumer Discretionary,Common Stock,6,36972458981.0,0.007541590096361015,0.015297184839888432,2,0,1,0,777535071.4478359,2
2025-12-31,459200101,INTERNATIONAL BUSINESS MACHS (IBM),IBM,Information Technology,Common Stock,6,36525174842.0,0.00456411262364524,0.005727484053369419,1,0,1,0,259362290.0,1
2025-12-31,651639106,NEWMONT CORP (NEM),NEM,Materials,Common Stock,6,36042820903.0,0.0071799766022056415,0.01704458689056254,0,1,0,0,-119921351.87468164,-1
2025-12-31,501044101,KROGER CO (KR),KR,Consumer Staples,Common Stock,6,35015263827.0,0.003432642687370983,0.004947027757062516,0,1,0,1,-872126145.0,-1
2025-12-31,911312106,UNITED PARCEL SERVICE INC (UPS),UPS,Industrials,Common Stock,6,33319372729.0,0.006212344995167325,0.010079001802031782,1,0,1,0,1602801314.0,1
2025-12-31,458140100,INTEL CORP (INTC),INTC,Information Technology,Common Stock,6,33082384894.0,0.0051164783786828245,0.01018842074999269,3,0,1,0,186297553.75,3
2025-12-31,09260D107,BLACKSTONE INC (BX),BX,Financials,Common Stock,6,33038308235.0,0.034393487331212245,0.16250037583139074,0,1,0,1,-272419950.0,-1
2025-12-31,023135106,AMAZON COM INC (AMZN),AMZN,Consumer Discretionary,Common Stock,6,32865568135.0,0.007882605598365214,0.029724882788815687,1,1,1,0,94687537.34422693,0
2025-12-31,22266T109,COUPANG INC (CPNG),CPNG,Consumer Discretionary,Common Stock,6,32773290905.0,0.016952576054709317,0.039088836388547835,1,0,0,0,190270577.04269177,1
2025-12-31,548661107,LOWES COS INC (LOW),LOW,Consumer Discretionary,Common Stock,6,32246846570.0,0.009093815406312383,0.03298971905619237,0,2,0,0,-131923617.68152641,-2
2025-12-31,615369105,MOODYS CORP (MCO),MCO,Financials,Common Stock,6,31920510258.0,0.004696894258955766,0.009162354723212727,0,3,0,3,-512269920.0,-3
2025-12-31,550021109,LULULEMON ATHLETICA INC (LULU),LULU,Consumer Discretionary,Common Stock,6,31217653274.0,0.0030558213304115816,0.003977047628812581,0,1,0,0,-76043856.32695216,-1
2025-12-31,518439104,ESTEE LAUDER COMPANIES INC (EL),EL,Consumer Staples,Common Stock,6,31091093002.0,0.0036269785326698994,0.0066665391943195275,2,0,0,0,68476525.66869943,2
2025-12-31,48251W104,KKR & CO INC (KKR),KKR,Financials,Common Stock,6,31015438261.0,0.014098455869920506,0.03756540019810198,1,1,0,0,7832134.862600394,0
2025-12-31,060505104,BANK OF AMERICA CORP (BAC),BAC,Financials,Common Stock,6,30862599209.0,0.10511955712692002,0.46547047994566865,0,1,0,1,-103889400.0,-1
2025-12-31,931142103,WALMART INC (WMT),WMT,Consumer Staples,Common Stock,6,30725395368.0,0.013154869168299032,0.05312283841022477,2,0,0,0,59266751.04853283,2
2025-12-31,H1467J104,CHUBB LTD (CB),CB,Financials,Common Stock,6,29575029517.0,0.003724314082439685,0.006503012488515786,0,0,0,0,0.0,0
2025-12-31,532457108,LILLY ELI & CO (LLY),LLY,Health Care,Common Stock,6,29248475840.0,0.003829491781639669,0.008431564236496106,0,2,0,1,-268066072.57438546,-2
2025-12-31,58933Y105,MERCK & CO INC (MRK),MRK,Health Care,Common Stock,6,29128237297.0,0.003812085486869537,0.006403306011344245,1,1,1,0,-49359467.33782613,0
2025-12-31,406216101,HALLIBURTON CO (HAL),HAL,Energy,Common Stock,6,28809329553.0,0.005088100489864095,0.010453688736523779,0,1,0,0,-63204559.73485057,-1
2025-12-31,892331307,TOYOTA MOTOR CORP (TM),TM,Consumer Discretionary,ADR,6,27671919807.0,0.0061597142814993795,0.016748339442723498,2,2,0,0,-2454228450.4020014,0
2025-12-31,191216100,COCA COLA CO (KO),KO,Consumer Staples,Common Stock,6,27076920278.0,0.005889474308520532,0.009425982454169268,2,1,0,0,206770276.19893864,1
2025-12-31,949746101,WELLS FARGO & CO NEW (WFC),WFC,Financials,Common Stock,6,26863526722.0,0.004928830233537762,0.01112136796478705,1,1,0,0,-5024552992.600027,0
2025-12-31,71654V408,PETROLEO BRASILEIRO SA PETRO (PBR),PBR,Energy,ADR,6,24715249978.0,0.003178968172652176,0.00660754938240011,1,3,0,1,-6656698019.900529,-2
2025-12-31,718172109,PHILIP MORRIS INTL INC (PM),PM,Consumer Staples,Common Stock,6,24221200209.0,0.0026253919096102737,0.0033004131619498015,0,1,0,0,-1477963.8927857964,-1
2025-12-31,922908363,VANGUARD INDEX FDS S&P 500 ETF SHS (VOO),VOO,ETF - Broad Equity,ETF,6,2171476166.0,0.022134585476686886,0.07153357795042738,1,0,1,0,155852465.0,1
2025-12-31,69608A108,PALANTIR TECHNOLOGIES INC (PLTR),PLTR,Information Technology,Common Stock,5,157498927087.0,0.011223923708939054,0.03208503169495295,1,1,0,0,274652870.21617305,0
2025-12-31,46120E602,INTUITIVE SURGICAL INC (ISRG),ISRG,Health Care,Common Stock,5,124913611935.0,0.006741742024041264,0.022593134566329533,0,1,0,0,-263072607.42645,-1
2025-12-31,872590104,T-MOBILE US INC (TMUS),TMUS,Communication Services,Common Stock,5,124536845365.0,0.009738740765263867,0.014450858532437928,2,0,1,0,901991736.43,2
2025-12-31,47233W109,JEFFERIES FINL GROUP INC (JEF),JEF,Financials,Common Stock,5,116783332258.0,0.007973662412605725,0.02008051630925462,1,0,1,0,177774731.0,1
2025-12-31,037833100,APPLE INC (AAPL),AAPL,Information Technology,Common Stock,5,102291770631.0,0.01044910986747084,0.02427296001424953,1,1,1,0,-27966832.314022988,0
2025-12-31,N07059210,ASML HOLDING N V (ASML),ASML,Information Technology,ADR,5,89701889123.0,0.008212930312118847,0.01650266469264816,1,0,0,0,136602738.80472124,1
2025-12-31,G5494J103,LINDE PLC (LIN),LIN,Materials,Common Stock,5,78922924078.0,0.008360419820117263,0.014593345391195597,2,0,2,0,2644114645.0,2
2025-12-31,244199105,DEERE & CO (DE),DE,Industrials,Common Stock,5,73578453579.0,0.004619557260741081,0.011841053592495782,0,1,0,0,-96877427.21356912,-1
2025-12-31,025816109,AMERICAN EXPRESS CO (AXP),AXP,Financials,Common Stock,5,69839922277.0,0.00426984383178578,0.007574904643946922,1,2,0,1,-1343217783.2359984,-1
2025-12-31,254687106,WALT DISNEY CO (DIS),DIS,Communication Services,Common Stock,5,65177916818.0,0.007295565215794069,0.009862202335136927,1,0,0,0,166289035.59862694,1
2025-12-31,22788C105,CROWDSTRIKE HOLDINGS INC (CRWD),CRWD,Information Technology,Common Stock,5,64958712004.0,0.006212049563104601,0.007714163274433723,1,0,1,0,1008651111.0,1
2025-12-31,617446448,MORGAN STANLEY (MS),MS,Financials,Common Stock,5,63038860756.0,0.00821748947702424,0.01577697645283405,0,0,0,0,0.0,0
2025-12-31,172967424,CITIGROUP INC (C),C,Financials,Common Stock,5,61993262159.0,0.02661384493644851,0.10676227005234751,1,2,0,1,-482057686.13839775,-1
2025-12-31,594972AE0,MICROSTRATEGY INC NOTE 0.750% 12/1 (MSTR),MSTR,Information Technology,Convertible Debt,5,57138569862.0,0.00727943355271095,0.018572651817928203,1,1,0,0,13488416.579637624,0
2025-12-31,902973304,US BANCORP DEL (USB),USB,Financials,Common Stock,5,56505582396.0,0.005672402620733683,0.010031163331933749,1,0,0,0,696460344.781268,1
2025-12-31,91912E105,VALE S A (VALE),VALE,Materials,ADR,5,55622150731.0,0.006927931210000546,0.0182444902364496,2,0,1,0,1348716800.4541445,2
2025-12-31,21036P108,CONSTELLATION BRANDS INC (STZ),STZ,Consumer Staples,Common Stock,5,51197836896.0,0.004665205181890179,0.009444637122078827,0,1,0,0,-393714.0586797066,-1
2025-12-31,75513E101,RTX CORP (RTX),RTX,Industrials,Common Stock,5,46561685480.0,0.006982995161504094,0.020836206977949294,0,1,0,0,-110485603.05030935,-1
2025-12-31,722304102,PDD HOLDINGS INC (PDD),PDD,Consumer Discretionary,ADR,5,46396897233.0,0.003995266758521328,0.0077309930999887025,0,1,0,0,-48275003.48419985,-1
2025-12-31,30303M102,META PLATFORMS INC (META),META,Communication Services,Common Stock,5,43953237260.0,0.005175788270166756,0.006966421812529042,2,0,1,0,1177782835.28853,2
2025-12-31,14040H105,CAPITAL ONE FINL CORP (COF),COF,Financials,Common Stock,5,42412434965.0,0.005335690828961544,0.012390655653360632,0,1,0,1,-258301350.0,-1
2025-12-31,03769M106,APOLLO GLOBAL MGMT INC (APO),APO,Financials,Common Stock,5,41235868459.0,0.006185303001081251,0.018780719173873424,0,2,0,2,-344346000.0,-2
2025-12-31,82967N108,SIRIUS XM HOLDINGS INC (SIRI),SIRI,Communication Services,Common Stock,5,40641569549.0,0.005230371635189692,0.009849493108066872,1,1,1,1,1460304410.0,0
2025-12-31,002824100,ABBOTT LABS (ABT),ABT,Health Care,Common Stock,5,39593489285.0,0.005270796042654393,0.0106894021146244,1,1,0,0,-27330438.382332116,0
2025-12-31,02005N100,ALLY FINL INC (ALLY),ALLY,Financials,Common Stock,5,38937702225.0,0.005808620478989364,0.008739518192272889,1,0,0,0,159071206.40009376,1
2025-12-31,882508104,TEXAS INSTRUMENTS INC (TXN),TXN,Information Technology,Common Stock,5,38632808464.0,0.008980442176329964,0.02622968750270994,0,0,0,0,0.0,0
2025-12-31,872540109,TJX COS INC NEW (TJX),TJX,Consumer Discretionary,Common Stock,5,38303454133.0,0.002941924391329589,0.004358151696686428,0,4,0,0,-7157284060.556373,-4
2025-12-31,718546104,PHILLIPS 66 (PSX),PSX,Energy,Common Stock,5,37485548698.0,0.00737501478979332,0.012315394906708523,1,0,0,0,55595862.035913765,1
2025-12-31,75886F107,REGENERON PHARMACEUTICALS (REGN),REGN,Health Care,Common Stock,5,37236585918.0,0.008411360140443072,0.015460684357626486,2,1,1,0,2549961232.705469,1
2025-12-31,767204100,RIO TINTO PLC (RIO),RIO,Materials,ADR,5,34808780594.0,0.00668217158865521,0.01606952932280329,0,0,0,0,0.0,0
2025-12-31,23918K108,DAVITA INC (DVA),DVA,Health Care,Common Stock,5,34315989423.0,0.0029068685485400267,0.004437190835619827,0,2,0,2,-825022720.0,-2
2025-12-31,756109104,REALTY INCOME CORP (O),O,Real Estate,REIT,5,33919512142.0,0.0037150494566578285,0.006429630746134375,0,1,0,0,-10426517.325370528,-1
2025-12-31,742718109,PROCTER & GAMBLE CO (PG),PG,Consumer Staples,Common Stock,5,33865946126.0,0.0059569819540778125,0.012100458872840007,2,0,2,0,417439216.0,2
2025-12-31,16119P108,CHARTER COMMUNICATIONS INC N (CHTR),CHTR,Communication Services,Common Stock,5,30289165860.0,0.005924325946624243,0.013002704375423644,2,0,1,0,2161891529.744922,2
2025-12-31,907818108,UNION PAC CORP (UNP),UNP,Industrials,Common Stock,5,30219917618.0,0.004030473058940308,0.004883166120101218,1,1,1,1,304218904.0,0
2025-12-31,629579103,NVR INC (NVR),NVR,Consumer Discretionary,Common Stock,5,29999677347.0,0.0030061824535829985,0.0040760209593293665,0,1,0,0,-7686523.550042052,-1
2025-12-31,842587107,SOUTHERN CO (SO),SO,Utilities,Common Stock,5,29710733686.0,0.004180547762429437,0.007343747917284682,1,2,0,0,-3492919458.08567,-1
2025-12-31,260557103,DOW INC (DOW),DOW,Materials,Common Stock,5,29611023501.0,0.017204929471320123,0.06714978850206746,0,0,0,0,0.0,0
2025-12-31,828806109,SIMON PPTY GROUP INC NEW (SPG),SPG,Real Estate,REIT,5,29368808571.0,0.005334786903678194,0.009621602979351804,2,0,1,0,912031697.3326184,2
2025-12-31,29444U700,EQUINIX INC (EQIX),EQIX,Real Estate,REIT,5,28891390756.0,0.025100723937921295,0.1052196025831684,0,2,0,1,-321557057.37295175,-2
2025-12-31,806857108,SCHLUMBERGER LTD (SLB),SLB,Energy,Common Stock,5,28749330003.0,0.002746312143154438,0.005041540589227368,0,1,0,0,-99443756.88427381,-1
2025-12-31,369604301,GE AEROSPACE (GE),GE,Industrials,Common Stock,5,28088328679.0,0.004787147514361894,0.00719827454810998,0,0,0,0,0.0,0
2025-12-31,17275R102,CISCO SYSTEMS INC (CSCO),CSCO,Information Technology,Common Stock,5,27026306567.0,0.005531737079232484,0.015365705591129304,1,1,0,0,-36632970.589942396,0
2025-12-31,580135101,MCDONALDS CORP (MCD),MCD,Consumer Discretionary,Common Stock,5,26813117541.0,0.0034484246390395503,0.006693483115241861,0,1,0,1,-182646600.0,-1
2025-12-31,19260Q107,COINBASE GLOBAL INC (COIN),COIN,Financials,Common Stock,5,26670331411.0,0.002920587935358705,0.004196413576308108,1,0,0,0,9611744.440522097,1
2025-12-31,81141R100,SEA LTD (SE),SE,Consumer Discretionary,ADR,5,22449816336.0,0.003486151006551018,0.007510591383722905,1,1,0,1,-378487863.94115853,0
2025-12-31,464287439,ISHARES TR 7-10 YR TREAS BD (IEF),IEF,ETF - Fixed Income,ETF,5,5074561331.0,0.08838661659235789,0.30477283624519746,1,1,0,0,-131696063.23786862,0
2025-12-31,464287655,ISHARES TR RUSSELL 2000 ETF (IWM),IWM,ETF - Broad Equity,ETF,5,5056878118.0,0.012167175922130515,0.024350225955434967,2,1,1,1,1888881479.9943805,1
2025-12-31,46090E103,INVESCO QQQ TR UNIT SER 1 (QQQ),QQQ,ETF - Broad Equity,ETF,5,3538176549.0,0.0215909810998636,0.05010851063644874,1,0,0,0,121589280.9535678,1
2025-12-31,464287465,ISHARES TR MSCI EAFE ETF (EFA),EFA,ETF - International Equity,ETF,5,2456333481.0,0.02141176223405824,0.08680369028151942,0,2,0,0,-602684096.9205203,-2
2025-12-31,464287242,ISHARES TR IBOXX INV CORP (LQD),LQD,ETF - Fixed Income,ETF,5,2185860304.0,0.019040952481957953,0.056456121029447144,0,1,0,0,-185494385.4862552,-1
2025-12-31,G1151C101,ACCENTURE PLC IRELAND (ACN),ACN,Information Technology,Common Stock,4,159888604030.0,0.011059556598140587,0.028525259078735217,0,2,0,2,-529198250.0,-2
2025-12-31,166764100,CHEVRON CORP NEW (CVX),CVX,Energy,Common Stock,4,70673331253.0,0.007187367706019222,0.010985003203194059,0,1,0,0,-93188415.16971256,-1
2025-12-31,20825C104,CONOCOPHILLIPS (COP),COP,Energy,Common Stock,4,69651090130.0,0.008005638734761063,0.012950389397450584,1,2,0,2,-552789578.6174732,-1
2025-12-31,26875P101,EOG RES INC (EOG),EOG,Energy,Common Stock,4,64366856524.0,0.006452865244113119,0.007726532860622988,0,1,0,1,-468085500.0,-1
2025-12-31,747525103,QUALCOMM INC (QCOM),QCOM,Information Technology,Common Stock,4,63482152110.0,0.005537760620972524,0.007864769340949401,0,1,0,1,-11134660.0,-1
2025-12-31,345370860,FORD MOTOR CO (F),F,Consumer Discretionary,Common Stock,4,62199730469.0,0.008392618624449615,0.016695473815738413,0,0,0,0,0.0,0
2025-12-31,438516106,HONEYWELL INTL INC (HON),HON,Industrials,Common Stock,4,58012116239.0,0.0071511572493827965,0.013737088932178931,1,2,1,1,-70703817.74886853,-1
2025-12-31,45866F104,INTERCONTINENTAL EXCHANGE IN (ICE),ICE,Financials,Common Stock,4,44488613474.0,0.0037930069804614297,0.0051312736582993955,0,1,0,1,-587987200.0,-1
2025-12-31,20030N101,COMCAST CORP NEW (CMCSA),CMCSA,Communication Services,Common Stock,4,42928821391.0,0.008022693125471726,0.016696562393246295,1,0,1,0,349434017.0,1
2025-12-31,01609W102,ALIBABA GROUP HLDG LTD (BABA),BABA,Consumer Discretionary,ADR,4,41046938688.0,0.0488402900337088,0.18147178539812045,0,3,0,3,-796302700.0,-3
2025-12-31,83406F102,SOFI TECHNOLOGIES INC (SOFI),SOFI,Financials,Common Stock,4,40618488899.0,0.004060355162494298,0.00582358368634776,0,2,0,1,-780873903.1200957,-2
2025-12-31,771049103,ROBLOX CORP (RBLX),RBLX,Communication Services,Common Stock,4,38085835657.0,0.0037194569344287717,0.005407541266471927,1,0,0,0,7566949.428936272,1
2025-12-31,64110L106,NETFLIX INC (NFLX),NFLX,Communication Services,Common Stock,4,36997182881.0,0.0048765435520728975,0.00625695580534731,1,2,0,1,-595665816.4325101,-1
2025-12-31,437076102,HOME DEPOT INC (HD),HD,Consumer Discretionary,Common Stock,4,36095692976.0,0.0038851059786953693,0.004856836977813292,0,0,0,0,0.0,0
2025-12-31,02079K107,ALPHABET INC (GOOG),GOOG,Communication Services,Common Stock,4,33233188552.0,0.004456942517092186,0.00555220837989275,0,0,0,0,0.0,0
2025-12-31,194162103,COLGATE PALMOLIVE CO (CL),CL,Consumer Staples,Common Stock,4,32829152676.0,0.12096537630241132,0.47064281751031306,0,1,0,1,-11723679800.0,-1
2025-12-31,609207105,MONDELEZ INTL INC (MDLZ),MDLZ,Consumer Staples,Common Stock,4,29507101839.0,0.00545951065267884,0.011890184723679446,0,0,0,0,0.0,0
2025-12-31,444859102,HUMANA INC (HUM),HUM,Health Care,Common Stock,4,26959921684.0,0.006313401816982028,0.013558074858218779,1,0,1,0,613961263.0,1
2025-12-31,24703L202,DELL TECHNOLOGIES INC (DELL),DELL,Information Technology,Common Stock,4,25115701773.0,0.004488354866761215,0.009431063276258193,1,0,0,0,9690331.281009754,1
2025-12-31,808513105,SCHWAB CHARLES CORP NEW (SCHW),SCHW,Financials,Common Stock,4,24554770286.0,0.00425016201434463,0.0064216228747181504,0,3,0,2,-742571658.6992233,-3
2025-12-31,670346105,NUCOR CORP (NUE),NUE,Materials,Common Stock,4,24008917235.0,0.0024088722591345305,0.0029487005022228313,0,1,0,1,-249688950.0,-1
2025-12-31,922042858,VANGUARD INTL EQUITY INDEX F FTSE EMR MKT ETF (VWO),VWO,ETF - International Equity,ETF,4,20383894191.0,0.010913796869838257,0.019810573763700386,1,4,1,3,17245519639.306557,-3
2025-12-31,464288513,ISHARES TR IBOXX HI YD ETF (HYG),HYG,ETF - Fixed Income,ETF,4,2067936717.0,0.013353319755223117,0.022369323292466187,0,2,0,1,-276894411.6382523,-2
2025-12-31,78462F103,SPDR S&P 500 ETF TR TR UNIT (SPY),SPY,ETF - Broad Equity,ETF,4,2049698035.0,0.0429509907757396,0.1077421092860097,1,1,1,0,974032169.9877989,0
2025-12-31,81369Y209,SELECT SECTOR SPDR TR SBI INT-HEALTH CARE (XLV),XLV,ETF - Sector,ETF,4,1641397995.0,0.021812015026309056,0.04875902171747052,2,2,0,1,20610319.88869288,0
2025-12-31,78463V107,SPDR GOLD TR GOLD SHS (GLD),GLD,ETF - Commodity,ETF,4,1609847776.0,0.008700068330084864,0.02194278570396983,1,1,0,1,213725627.56228238,0
2025-12-31,464287432,ISHARES TR 20+YR TRS BD ETF (TLT),TLT,ETF - Fixed Income,ETF,4,1278708945.0,0.018280883942933784,0.04557805805962176,0,1,0,0,-101358387.16162334,-1
2025-12-31,464287234,ISHARES TR MSCI EMERG MKT ETF (EEM),EEM,ETF - International Equity,ETF,4,1125177618.0,0.012945083158422618,0.02113401171873389,0,2,0,1,-646066277.1507008,-2
2025-12-31,91232N108,UNITED STATES OIL FUND LP UNITS (USO),USO,ETF - Commodity,ETF,4,924523488.0,0.012766454720095174,0.021334681392982103,0,0,0,0,0.0,0
2025-12-31,81369Y886,SELECT SECTOR SPDR TR SBI INT-UTILS (XLU),XLU,ETF - Sector,ETF,4,735777674.0,0.007249501192673926,0.015108583667304503,0,4,0,0,-479334244.3501806,-4
2025-12-31,81762P102,SERVICENOW INC (NOW),NOW,Information Technology,Common Stock,3,95557455821.0,0.007353543195904921,0.013649104188813096,0,1,0,0,-84932252.26115207,-1
2025-12-31,23331A109,D R HORTON INC (DHI),DHI,Consumer Discretionary,Common Stock,3,49014289904.0,0.0037887241560323817,0.006911973344252864,0,0,0,0,0.0,0
2025-12-31,74340W103,PROLOGIS INC (PLD),PLD,Real Estate,REIT,3,42770397060.0,0.004730065479235625,0.005408094330239415,2,2,0,2,12353826904.198753,0
2025-12-31,046353108,ASTRAZENECA PLC (AZN),AZN,Health Care,ADR,3,34946311802.0,0.02113806497150174,0.05669868075449652,1,0,0,0,764908972.0999999,1
2025-12-31,30231G102,EXXON MOBIL CORP (XOM),XOM,Energy,Common Stock,3,33905875141.0,0.0035852708535401134,0.003997778914496996,0,1,0,1,-370605904.0,-1
2025-12-31,247361702,DELTA AIR LINES INC DEL (DAL),DAL,Industrials,Common Stock,3,33220249145.0,0.003048388110622651,0.003984469097335665,1,0,0,0,6859426390.343994,1
2025-12-31,92532F100,VERTEX PHARMACEUTICALS INC (VRTX),VRTX,Health Care,Common Stock,3,33028482284.0,0.005306518823338657,0.009183487823463798,1,0,0,0,295559710.56,1
2025-12-31,02079K305,ALPHABET INC (GOOGL),GOOGL,Communication Services,Common Stock,3,30069133107.0,0.007830041903972587,0.01732003354364963,0,0,0,0,0.0,0
2025-12-31,79466LAA3,SALESFORCE INC NOTE 3.700% 4/11 (CRM),CRM,Information Technology,Corporate Debt,3,27625551802.0,0.017501057168640678,0.03773628040649971,1,1,1,1,748829740.0,0
2025-12-31,22160K105,COSTCO WHSL CORP NEW (COST),COST,Consumer Staples,Common Stock,3,26934613876.0,0.003431455686695612,0.004567954644515834,0,2,0,1,-454679703.23412025,-2
2025-12-31,654106103,NIKE INC (NKE),NKE,Consumer Discretionary,Common Stock,3,26790159032.0,0.0032147688862324696,0.004073739041744411,0,1,0,1,-164230800.0,-1
2025-12-31,43300A203,HILTON WORLDWIDE HLDGS INC (HLT),HLT,Consumer Discretionary,Common Stock,3,25654590444.0,0.002885978920290801,0.00341073727439509,0,1,0,0,-108576180.78200182,-1
2025-12-31,097023105,BOEING CO (BA),BA,Industrials,Common Stock,3,22748048097.0,0.003977283829526738,0.007243664749180228,0,0,0,0,0.0,0
2025-12-31,833445AA6,SNOWFLAKE INC NOTE 0.000% 10/1 (SNOW),SNOW,Information Technology,Convertible Debt,3,21811918901.0,0.006490509282274791,0.01122449391765561,2,0,2,0,810484503.0,2
2025-12-31,060505815,BANK OF AMERICA CORP PFD SER L (BAC),BAC,Financials,Preferred Stock,3,2759533002.0,0.007336447188517447,0.016916971119271994,1,0,1,0,2690201279.0,1
2025-12-31,00214Q104,ARK ETF TR ARK INNOVATION ETF (ARKK),ARKK,ETF - Thematic,ETF,3,717637570.0,0.005654159731717025,0.007277861585922138,0,1,0,0,-113267077.70654815,-1
2025-12-31,81369Y506,SELECT SECTOR SPDR TR SBI INT-ENERGY (XLE),XLE,ETF - Sector,ETF,3,348923421.0,0.013814823136167201,0.019831106144096663,1,1,1,1,-240408133.0,0
2025-12-31,949746804,WELLS FARGO & CO NEW PFD CL A 7.5% (WFC),WFC,Financials,Preferred Stock,2,22422607744.0,0.0054826740362000454,0.006682781626596545,1,0,0,0,203468871.7301361,1
2025-12-31,674599121,OCCIDENTAL PETE CORP WT EXP 08/03/2027 (OXY),OXY,Energy,Warrant,2,15832547405.0,0.005562137606351857,0.007584293956596804,0,0,0,0,0.0,0
2025-12-31,46428Q109,ISHARES SILVER TR ISHARES (SLV),SLV,ETF - Commodity,ETF,2,236440758.0,0.007526929352839513,0.009399350447190487,0,2,0,1,-1497887465.1156611,-2
2025-12-31,81369Y605,SELECT SECTOR SPDR TR SBI INT-FINL (XLF),XLF,ETF - Sector,ETF,1,113268086.0,0.005412145277952682,0.005412145277952682,0,2,0,1,-268063553.17738497,-2
2025-09-30,09247X101,BLACKROCK INC (BLK),BLK,Financials,Common Stock,9,159727136600.0,0.05581985146381062,0.47508280458137947,0,0,0,0,0.0,0
2025-09-30,00827B106,AFFIRM HLDGS INC (AFRM),AFRM,Financials,Common Stock,9,117949216350.0,0.0146636971452076,0.07573385960924368,0,0,0,0,0.0,0
2025-09-30,854502101,STANLEY BLACK & DECKER INC (SWK),SWK,Industrials,Common Stock,9,112750853760.0,0.010177141737676395,0.036935971342102206,0,0,0,0,0.0,0
2025-09-30,313586109,FEDERAL NATL MTG ASSN (FNMA),FNMA,Financials,Common Stock,9,43268990664.0,0.005706023652813664,0.01705397275565328,0,0,0,0,0.0,0
2025-09-30,88160R101,TESLA INC (TSLA),TSLA,Consumer Discretionary,Common Stock,9,36799018620.0,0.0060156987516904814,0.02464218678597727,0,0,0,0,0.0,0
2025-09-30,615369105,MOODYS CORP (MCO),MCO,Financials,Common Stock,9,31137402240.0,0.004489415841279327,0.009180543726075293,0,0,0,0,0.0,0
2025-09-30,526057104,LENNAR CORP (LEN),LEN,Consumer Discretionary,Common Stock,9,29210806440.0,0.005479188928551716,0.012362193618408205,0,0,0,0,0.0,0
2025-09-30,35671D857,FREEPORT-MCMORAN INC (FCX),FCX,Materials,Common Stock,9,25818157152.0,0.016228083045147133,0.04773710587018566,0,0,0,0,0.0,0
2025-09-30,73278L105,POOL CORP (POOL),POOL,Consumer Discretionary,Common Stock,8,56898920160.0,0.016418610074507862,0.05163357897602965,0,0,0,0,0.0,0
2025-09-30,235851102,DANAHER CORP (DHR),DHR,Health Care,Common Stock,8,53685792050.0,0.013446507964975613,0.0819172387331335,0,0,0,0,0.0,0
2025-09-30,375558103,GILEAD SCIENCES INC (GILD),GILD,Health Care,Common Stock,8,46659088728.0,0.008093428377512712,0.021116043666614126,0,0,0,0,0.0,0
2025-09-30,934423104,WARNER BROS DISCOVERY INC (WBD),WBD,Communication Services,Common Stock,8,45501592952.0,0.0049152938777614445,0.014124774470604562,0,0,0,0,0.0,0
2025-09-30,90353T100,UBER TECHNOLOGIES INC (UBER),UBER,Industrials,Common Stock,8,45421030125.0,0.009041084371363046,0.022474821158045066,0,0,0,0,0.0,0
2025-09-30,92343V104,VERIZON COMMUNICATIONS INC (VZ),VZ,Communication Services,Common Stock,8,41318236916.0,0.06470290143230774,0.47508306115005794,0,0,0,0,0.0,0
2025-09-30,59156R108,METLIFE INC (MET),MET,Financials,Common Stock,8,38270027040.0,0.016874885502085192,0.08191801281971474,0,0,0,0,0.0,0
2025-09-30,38141G104,GOLDMAN SACHS GROUP INC (GS),GS,Financials,Common Stock,8,33262959000.0,0.006447137619333384,0.02670911406817129,0,0,0,0,0.0,0
2025-09-30,670100205,NOVO NORDISK A S (NVO),NVO,Health Care,ADR,8,33170470440.0,0.010723587550820996,0.05666398166115258,0,0,0,0,0.0,0
2025-09-30,478160104,JOHNSON & JOHNSON (JNJ),JNJ,Health Care,Common Stock,8,32788052800.0,0.0038606302962107854,0.00600974588452313,0,0,0,0,0.0,0
2025-09-30,09857L108,BOOKING HOLDINGS INC (BKNG),BKNG,Consumer Discretionary,Common Stock,8,32648805000.0,0.007888939793175764,0.03293524518529164,0,0,0,0,0.0,0
2025-09-30,86800U104,SUPER MICRO COMPUTER INC (SMCI),SMCI,Information Technology,Common Stock,8,30394034730.0,0.0284976463676644,0.1999873448283117,0,0,0,0,0.0,0
2025-09-30,009066101,AIRBNB INC (ABNB),ABNB,Consumer Discretionary,Common Stock,8,28567042010.0,0.005784730108921521,0.015332744052014024,0,0,0,0,0.0,0
2025-09-30,76131D103,RESTAURANT BRANDS INTL INC (QSR),QSR,Consumer Discretionary,Common Stock,8,27432263880.0,0.0052115872170204625,0.014124775819635157,0,0,0,0,0.0,0
2025-09-30,02209S103,ALTRIA GROUP INC (MO),MO,Consumer Staples,Common Stock,8,25459735100.0,0.004327117172924884,0.007842598599523829,0,0,0,0,0.0,0
2025-09-30,595112103,MICRON TECHNOLOGY INC (MU),MU,Information Technology,Common Stock,7,86687698650.0,0.03788531714662694,0.15671888034772366,0,0,0,0,0.0,0
2025-09-30,674599105,OCCIDENTAL PETE CORP (OXY),OXY,Energy,Common Stock,7,78750734608.0,0.004647089486670237,0.01190686910835096,0,0,0,0,0.0,0
2025-09-30,11135F101,BROADCOM INC (AVGO),AVGO,Information Technology,Common Stock,7,74527861784.0,0.01281836500224177,0.06067617249839448,0,0,0,0,0.0,0
2025-09-30,697435105,PALO ALTO NETWORKS INC (PANW),PANW,Information Technology,Common Stock,7,71538597000.0,0.01837328894142632,0.08122006002274217,0,0,0,0,0.0,0
2025-09-30,G0408V102,AON PLC (AON),AON,Financials,Common Stock,7,66741945900.0,0.012356473328329528,0.04787211233170114,0,0,0,0,0.0,0
2025-09-30,539830109,LOCKHEED MARTIN CORP (LMT),LMT,Industrials,Common Stock,7,63455320500.0,0.007922429739116112,0.026390774875392983,0,0,0,0,0.0,0
2025-09-30,883556102,THERMO FISHER SCIENTIFIC INC (TMO),TMO,Health Care,Common Stock,7,60874101700.0,0.03220639655011642,0.18647860363118204,0,0,0,0,0.0,0
2025-09-30,780259206,SHELL PLC (SHEL),SHEL,Energy,ADR,7,57655068880.0,0.005227483775683568,0.012473915496064884,0,0,0,0,0.0,0
2025-09-30,92826C839,VISA INC (V),V,Financials,Common Stock,7,55718468300.0,0.004918191972275817,0.009403158445547634,0,0,0,0,0.0,0
2025-09-30,031162100,AMGEN INC (AMGN),AMGN,Health Care,Common Stock,7,51821158400.0,0.009918563413817496,0.03617569998707424,0,0,0,0,0.0,0
2025-09-30,110122108,BRISTOL MYERS SQUIBB CO (BMY),BMY,Health Care,Common Stock,7,51485264428.0,0.02726278292860523,0.09963250214964892,0,0,0,0,0.0,0
2025-09-30,084670702,BERKSHIRE HATHAWAY INC DEL (BRK),BRK,Financials,Common Stock,7,47761892460.0,0.015428753276667243,0.05169798903435564,0,0,0,0,0.0,0
2025-09-30,874039100,TAIWAN SEMICONDUCTOR MFG LTD (TSM),TSM,Information Technology,ADR,7,45826521120.0,0.035017209021336364,0.19968260947269828,0,0,0,0,0.0,0
2025-09-30,012653101,ALBEMARLE CORP (ALB),ALB,Materials,Common Stock,7,45302117525.0,0.005588843789255927,0.016795162672010783,0,0,0,0,0.0,0
2025-09-30,855244109,STARBUCKS CORP (SBUX),SBUX,Consumer Discretionary,Common Stock,7,44015358865.0,0.0076792549954284245,0.01590118447745248,0,0,0,0,0.0,0
2025-09-30,594918104,MICROSOFT CORP (MSFT),MSFT,Information Technology,Common Stock,7,43453749760.0,0.0063809566023939205,0.013596941318633857,0,0,0,0,0.0,0
2025-09-30,007903107,ADVANCED MICRO DEVICES INC (AMD),AMD,Information Technology,Common Stock,7,40706742240.0,0.011748863979651908,0.053391731269252916,0,0,0,0,0.0,0
2025-09-30,125523100,CIGNA GROUP (CI),CI,Health Care,Common Stock,7,40074045900.0,0.0047827566511842706,0.008966627463404962,0,0,0,0,0.0,0
2025-09-30,530307305,LIBERTY BROADBAND CORP (LBRDK),LBRDK,Communication Services,Common Stock,7,39158613000.0,0.009531452593926864,0.021770513913297783,0,0,0,0,0.0,0
2025-09-30,501044101,KROGER CO (KR),KR,Consumer Staples,Common Stock,7,37702103395.0,0.006103705085096118,0.020113586403020436,0,0,0,0,0.0,0
2025-09-30,03769M106,APOLLO GLOBAL MGMT INC (APO),APO,Financials,Common Stock,7,37657821875.0,0.005795920519965804,0.01841035251653324,0,0,0,0,0.0,0
2025-09-30,500754106,KRAFT HEINZ CO (KHC),KHC,Consumer Staples,Common Stock,7,36713254130.0,0.006963263873380894,0.01705406364110172,0,0,0,0,0.0,0
2025-09-30,23918K108,DAVITA INC (DVA),DVA,Health Care,Common Stock,7,36081930880.0,0.003558842635184626,0.006642816999787497,0,0,0,0,0.0,0
2025-09-30,571748102,MARSH & MCLENNAN COS INC (MMC),MMC,Financials,Common Stock,7,35459029575.0,0.014030737915600085,0.07826187199789839,0,0,0,0,0.0,0
2025-09-30,68389X105,ORACLE CORP (ORCL),ORCL,Information Technology,Common Stock,7,34937611880.0,0.005223941349824637,0.009265860014465709,0,0,0,0,0.0,0
2025-09-30,01609W102,ALIBABA GROUP HLDG LTD (BABA),BABA,Consumer Discretionary,ADR,7,33707574900.0,0.027106633635905875,0.13758850914034704,0,0,0,0,0.0,0
2025-09-30,70450Y103,PAYPAL HLDGS INC (PYPL),PYPL,Financials,Common Stock,7,32654976276.0,0.0039740267270190035,0.008655509019206453,0,0,0,0,0.0,0
2025-09-30,09260D107,BLACKSTONE INC (BX),BX,Financials,Common Stock,7,32103277650.0,0.03060649768037506,0.15672031011958187,0,0,0,0,0.0,0
2025-09-30,060505104,BANK OF AMERICA CORP (BAC),BAC,Financials,Common Stock,7,31572254640.0,0.09505380635734981,0.4750881539348446,0,0,0,0,0.0,0
2025-09-30,71654V408,PETROLEO BRASILEIRO SA PETRO (PBR),PBR,Energy,ADR,7,31502781058.0,0.006557980733962749,0.022487673082310894,0,0,0,0,0.0,0
2025-09-30,717081103,PFIZER INC (PFE),PFE,Health Care,Common Stock,7,31495149531.0,0.004195356011115833,0.008723363422701176,0,0,0,0,0.0,0
2025-09-30,404119109,HCA HEALTHCARE INC (HCA),HCA,Health Care,Common Stock,7,30717498800.0,0.006052456882939858,0.014827851610457089,0,0,0,0,0.0,0
2025-09-30,532457108,LILLY ELI & CO (LLY),LLY,Health Care,Common Stock,7,29328077700.0,0.0048042286127230795,0.01083258045642629,0,0,0,0,0.0,0
2025-09-30,00724F101,ADOBE INC (ADBE),ADBE,Information Technology,Common Stock,7,29285909640.0,0.007363642110007218,0.017053962249025306,0,0,0,0,0.0,0
2025-09-30,G6683N103,NU HLDGS LTD (NU),NU,Financials,Common Stock,7,28986985781.0,0.002982787903159853,0.004794387994505902,0,0,0,0,0.0,0
2025-09-30,76954A103,RIVIAN AUTOMOTIVE INC (RIVN),RIVN,Consumer Discretionary,Common Stock,7,28533449582.0,0.005307496843496477,0.010245689827410297,0,0,0,0,0.0,0
2025-09-30,44267T102,HOWARD HUGHES HLDGS INC (HHH),HHH,Real Estate,Common Stock,7,28362177012.0,0.008426591635860617,0.04045856426266124,0,0,0,0,0.0,0
2025-09-30,00206R102,AT&T INC (T),T,Communication Services,Common Stock,7,23781456846.0,0.004740971807039014,0.010083765903946688,0,0,0,0,0.0,0
2025-09-30,833445109,SNOWFLAKE INC (SNOW),SNOW,Information Technology,Common Stock,6,200953870800.0,0.011327339532646181,0.0445208611696899,0,0,0,0,0.0,0
2025-09-30,65339F101,NEXTERA ENERGY INC (NEE),NEE,Utilities,Common Stock,6,131271362140.0,0.03975185667211437,0.15671895125388724,0,0,0,0,0.0,0
2025-09-30,G1151C101,ACCENTURE PLC IRELAND (ACN),ACN,Information Technology,Common Stock,6,128329078150.0,0.007884662335261552,0.024330266459196843,0,0,0,0,0.0,0
2025-09-30,G5960L103,MEDTRONIC PLC (MDT),MDT,Health Care,Common Stock,6,101812029840.0,0.009068913380163088,0.024349576597407583,0,0,0,0,0.0,0
2025-09-30,20825C104,CONOCOPHILLIPS (COP),COP,Energy,Common Stock,6,70097991495.0,0.013087237331327876,0.04180805759846756,0,0,0,0,0.0,0
2025-09-30,546347105,LOUISIANA PAC CORP (LPX),LPX,Materials,Common Stock,6,65205397320.0,0.019201947083594142,0.051698397116486695,0,0,0,0,0.0,0
2025-09-30,12572Q105,CME GROUP INC (CME),CME,Financials,Common Stock,6,64841592420.0,0.008851152793306631,0.027022610485274927,0,0,0,0,0.0,0
2025-09-30,025816109,AMERICAN EXPRESS CO (AXP),AXP,Financials,Common Stock,6,63168195870.0,0.008023796386446694,0.02596652788787667,0,0,0,0,0.0,0
2025-09-30,172967424,CITIGROUP INC (C),C,Financials,Common Stock,6,58431364866.0,0.04545869626967334,0.1283114174937226,0,0,0,0,0.0,0
2025-09-30,00287Y109,ABBVIE INC (ABBV),ABBV,Health Care,Common Stock,6,50066435640.0,0.00401210492835321,0.007580477271073898,0,0,0,0,0.0,0
2025-09-30,149123101,CATERPILLAR INC DEL (CAT),CAT,Industrials,Common Stock,6,48657046040.0,0.005083643911438483,0.008431014101495377,0,0,0,0,0.0,0
2025-09-30,14040H105,CAPITAL ONE FINL CORP (COF),COF,Financials,Common Stock,6,47685357000.0,0.006036277131606502,0.012756044433012646,0,0,0,0,0.0,0
2025-09-30,03524A108,ANHEUSER BUSCH INBEV SA/NV (BUD),BUD,Consumer Staples,ADR,6,46102332806.0,0.006264073900206296,0.012507371584306452,0,0,0,0,0.0,0
2025-09-30,57636Q104,MASTERCARD INC (MA),MA,Financials,Common Stock,6,45942146415.0,0.004192253227895948,0.00650700121353784,0,0,0,0,0.0,0
2025-09-30,84265V105,SOUTHERN COPPER CORP (SCCO),SCCO,Materials,Common Stock,6,44230371350.0,0.0052635972665276256,0.007505652156658232,0,0,0,0,0.0,0
2025-09-30,026874784,AMERICAN INTL GROUP INC (AIG),AIG,Financials,Common Stock,6,44028143025.0,0.005046752836836714,0.010019835269538526,0,0,0,0,0.0,0
2025-09-30,92343E102,VERISIGN INC (VRSN),VRSN,Information Technology,Common Stock,6,43252043840.0,0.0050546407371642845,0.006360470285450111,0,0,0,0,0.0,0
2025-09-30,47215P106,JD COM INC (JD),JD,Consumer Discretionary,ADR,6,43216643360.0,0.003949274334562686,0.007266302698630223,0,0,0,0,0.0,0
2025-09-30,26441C204,DUKE ENERGY CORP NEW (DUK),DUK,Utilities,Common Stock,6,41594298710.0,0.008087856093149073,0.017760142819341948,0,0,0,0,0.0,0
2025-09-30,770700102,ROBINHOOD MKTS INC (HOOD),HOOD,Financials,Common Stock,6,38573360835.0,0.004570162363103839,0.007842601833037513,0,0,0,0,0.0,0
2025-09-30,78409V104,S&P GLOBAL INC (SPGI),SPGI,Financials,Common Stock,6,37787101560.0,0.006656696285838498,0.014123763129464145,0,0,0,0,0.0,0
2025-09-30,79466L302,SALESFORCE INC (CRM),CRM,Information Technology,Common Stock,6,36273070890.0,0.003547243862200881,0.005067126099858146,0,0,0,0,0.0,0
2025-09-30,651639106,NEWMONT CORP (NEM),NEM,Materials,Common Stock,6,35141645389.0,0.008254576846031427,0.01705397524238078,0,0,0,0,0.0,0
2025-09-30,548661107,LOWES COS INC (LOW),LOW,Consumer Discretionary,Common Stock,6,34484262115.0,0.01031197854551466,0.0361757561460351,0,0,0,0,0.0,0
2025-09-30,82509L107,SHOPIFY INC (SHOP),SHOP,Information Technology,Common Stock,6,33650388000.0,0.07994055096063492,0.45916427683511063,0,0,0,0,0.0,0
2025-09-30,693475105,PNC FINL SVCS GROUP INC (PNC),PNC,Financials,Common Stock,6,33212830590.0,0.004084109292518893,0.010245679057180287,0,0,0,0,0.0,0
2025-09-30,37045V100,GENERAL MOTORS CO (GM),GM,Consumer Discretionary,Common Stock,6,33186387262.0,0.01747173381266293,0.0810963405230905,0,0,0,0,0.0,0
2025-09-30,126650100,CVS HEALTH CORP (CVS),CVS,Health Care,Common Stock,6,33090569340.0,0.005812754959711022,0.012983263597997789,0,0,0,0,0.0,0
2025-09-30,169656105,CHIPOTLE MEXICAN GRILL INC (CMG),CMG,Consumer Discretionary,Common Stock,6,32420856105.0,0.00424652456403778,0.00834512672906981,0,0,0,0,0.0,0
2025-09-30,422806109,HEICO CORP (HEI),HEI,Industrials,Common Stock,6,32249915000.0,0.004508108362630952,0.009504676030972067,0,0,0,0,0.0,0
2025-09-30,22266T109,COUPANG INC (CPNG),CPNG,Consumer Discretionary,Common Stock,6,31853054496.0,0.017068446657230847,0.03917885943680588,0,0,0,0,0.0,0
2025-09-30,813055101,SEAPORT ENTMT GROUP INC (SEG),SEG,Real Estate,Common Stock,6,31530582800.0,0.003134585846445137,0.004400916067553802,0,0,0,0,0.0,0
2025-09-30,518439104,ESTEE LAUDER COMPANIES INC (EL),EL,Consumer Staples,Common Stock,6,31297337550.0,0.0035717890194268253,0.007023968572817868,0,0,0,0,0.0,0
2025-09-30,949746101,WELLS FARGO & CO NEW (WFC),WFC,Financials,Common Stock,6,30896150667.0,0.004548167462353926,0.007221134419471744,0,0,0,0,0.0,0
2025-09-30,803054204,SAP SE (SAP),SAP,Information Technology,ADR,6,30341989700.0,0.007162372515441748,0.019746194434232242,0,0,0,0,0.0,0
2025-09-30,29444U700,EQUINIX INC (EQIX),EQIX,Real Estate,REIT,6,30215963360.0,0.021750386871015395,0.10294348050834025,0,0,0,0,0.0,0
2025-09-30,48251W104,KKR & CO INC (KKR),KKR,Financials,Common Stock,6,29830450650.0,0.013356058430630147,0.03617595116556929,0,0,0,0,0.0,0
2025-09-30,550021109,LULULEMON ATHLETICA INC (LULU),LULU,Consumer Discretionary,Common Stock,6,29630945240.0,0.0032390249535246946,0.004907212329706904,0,0,0,0,0.0,0
2025-09-30,931142103,WALMART INC (WMT),WMT,Consumer Staples,Common Stock,6,29012420640.0,0.011941530626509817,0.05169797522979798,0,0,0,0,0.0,0
2025-09-30,892331307,TOYOTA MOTOR CORP (TM),TM,Consumer Discretionary,ADR,6,28525548060.0,0.004473489692376397,0.008656368166271099,0,0,0,0,0.0,0
2025-09-30,406216101,HALLIBURTON CO (HAL),HAL,Energy,Common Stock,6,28269452460.0,0.005719181708561359,0.010245718338046805,0,0,0,0,0.0,0
2025-09-30,13645T100,CANADIAN PAC KANSAS CITY LTD (CP),CP,Industrials,Common Stock,6,28133437840.0,0.0038334977491806485,0.0062536860002742525,0,0,0,0,0.0,0
2025-09-30,03027X100,AMERICAN TOWER CORP (AMT),AMT,Real Estate,REIT,6,28034200440.0,0.005623616133338403,0.010644803687979898,0,0,0,0,0.0,0
2025-09-30,808513105,SCHWAB CHARLES CORP NEW (SCHW),SCHW,Financials,Common Stock,6,27655666155.0,0.015473782401364765,0.06647106485181649,0,0,0,0,0.0,0
2025-09-30,718172109,PHILIP MORRIS INTL INC (PM),PM,Consumer Staples,Common Stock,6,26694107640.0,0.0031895665644827574,0.004448586732743563,0,0,0,0,0.0,0
2025-09-30,580135101,MCDONALDS CORP (MCD),MCD,Consumer Discretionary,Common Stock,6,26691792600.0,0.003980528886801606,0.008556855030962306,0,0,0,0,0.0,0
2025-09-30,60770K107,MODERNA INC (MRNA),MRNA,Health Care,Common Stock,6,25671767520.0,0.010847794659382182,0.027022878780916585,0,0,0,0,0.0,0
2025-09-30,H1467J104,CHUBB LTD (CB),CB,Financials,Common Stock,6,25497989000.0,0.0033897572760818663,0.0058552909977409905,0,0,0,0,0.0,0
2025-09-30,191216100,COCA COLA CO (KO),KO,Consumer Staples,Common Stock,6,24703316260.0,0.004936654387014089,0.008914131591724371,0,0,0,0,0.0,0
2025-09-30,81141R100,SEA LTD (SE),SE,Consumer Discretionary,ADR,6,24653175735.0,0.00487007812492975,0.009378007167126383,0,0,0,0,0.0,0
2025-09-30,81369Y803,SELECT SECTOR SPDR TR SBI INT-TECH (XLK),XLK,ETF - Sector,ETF,6,4402386675.0,0.015551828351020536,0.04509597127509412,0,0,0,0,0.0,0
2025-09-30,922042858,VANGUARD INTL EQUITY INDEX F FTSE EMR MKT ETF (VWO),VWO,ETF - International Equity,ETF,6,3136376508.0,0.013546312121033443,0.018147623882006903,0,0,0,0,0.0,0
2025-09-30,464287200,ISHARES TR S&P 500 INDEX (IVV),IVV,ETF - Broad Equity,ETF,6,2612399800.0,0.011989947215468361,0.03180236872427793,0,0,0,0,0.0,0
2025-09-30,922908769,VANGUARD INDEX FDS VANGUARD TOTAL STK MKT ETF (VTI),VTI,ETF - Broad Equity,ETF,6,1509544960.0,0.01973176778973806,0.08907112631385493,0,0,0,0,0.0,0
2025-09-30,89151E109,TOTALENERGIES SE (TTE),TTE,Energy,ADR,5,234886991444.0,0.015527454398755247,0.044520861094895316,0,0,0,0,0.0,0
2025-09-30,46120E602,INTUITIVE SURGICAL INC (ISRG),ISRG,Health Care,Common Stock,5,157884566980.0,0.010029073141797604,0.030408644230224383,0,0,0,0,0.0,0
2025-09-30,69608A108,PALANTIR TECHNOLOGIES INC (PLTR),PLTR,Information Technology,Common Stock,5,140345840268.0,0.009931372535127454,0.03040864431776164,0,0,0,0,0.0,0
2025-09-30,55354G100,MSCI INC (MSCI),MSCI,Financials,Common Stock,5,99257663740.0,0.008039440397531884,0.016618061727633977,0,0,0,0,0.0,0
2025-09-30,N07059210,ASML HOLDING N V (ASML),ASML,Information Technology,ADR,5,93907667440.0,0.008712812696270483,0.01837088378134893,0,0,0,0,0.0,0
2025-09-30,743315103,PROGRESSIVE CORP OHIO (PGR),PGR,Financials,Common Stock,5,89492789000.0,0.011175546789894242,0.0181564967977946,0,0,0,0,0.0,0
2025-09-30,036752103,ELEVANCE HEALTH INC (ELV),ELV,Health Care,Common Stock,5,84926316800.0,0.0077987461690280716,0.015267208402417532,0,0,0,0,0.0,0
2025-09-30,58733R102,MERCADOLIBRE INC (MELI),MELI,Consumer Discretionary,Common Stock,5,71647996100.0,0.005497500608358356,0.011350470341587766,0,0,0,0,0.0,0
2025-09-30,67066G104,NVIDIA CORP (NVDA),NVDA,Information Technology,Common Stock,5,68543425125.0,0.0059573423361116585,0.01190686907201239,0,0,0,0,0.0,0
2025-09-30,244199105,DEERE & CO (DE),DE,Industrials,Common Stock,5,66182213120.0,0.004819125665063751,0.01135047063788407,0,0,0,0,0.0,0
2025-09-30,042068106,ARM HOLDINGS PLC (ARM),ARM,Information Technology,ADR,5,60250109780.0,0.005950600388811505,0.008913902955579136,0,0,0,0,0.0,0
2025-09-30,617446448,MORGAN STANLEY (MS),MS,Financials,Common Stock,5,59497351725.0,0.007809555461231949,0.013708875531507946,0,0,0,0,0.0,0
2025-09-30,26875P101,EOG RES INC (EOG),EOG,Energy,Common Stock,5,58665966625.0,0.006531136066172216,0.007295963982308574,0,0,0,0,0.0,0
2025-09-30,747525103,QUALCOMM INC (QCOM),QCOM,Information Technology,Common Stock,5,57351158350.0,0.004590187212134773,0.007580477264214756,0,0,0,0,0.0,0
2025-09-30,L8681T102,SPOTIFY TECHNOLOGY S A (SPOT),SPOT,Communication Services,Common Stock,5,57339268150.0,0.019989965200240288,0.08191727074820067,0,0,0,0,0.0,0
2025-09-30,254687106,WALT DISNEY CO (DIS),DIS,Communication Services,Common Stock,5,54733291735.0,0.006250395949703377,0.008815543157125308,0,0,0,0,0.0,0
2025-09-30,722304102,PDD HOLDINGS INC (PDD),PDD,Consumer Discretionary,ADR,5,53028250800.0,0.005281174033573836,0.009371662699124636,0,0,0,0,0.0,0
2025-09-30,256677105,DOLLAR GEN CORP NEW (DG),DG,Consumer Staples,Common Stock,5,52241321280.0,0.006492864436356843,0.010007833550589162,0,0,0,0,0.0,0
2025-09-30,21036P108,CONSTELLATION BRANDS INC (STZ),STZ,Consumer Staples,Common Stock,5,51339414000.0,0.00541565969284987,0.0102456852233211,0,0,0,0,0.0,0
2025-09-30,902973304,US BANCORP DEL (USB),USB,Financials,Common Stock,5,48834308814.0,0.0045643402776582975,0.00793621173952362,0,0,0,0,0.0,0
2025-09-30,75513E101,RTX CORP (RTX),RTX,Industrials,Common Stock,5,46621664280.0,0.007987830110744176,0.02254798597202728,0,0,0,0,0.0,0
2025-09-30,45866F104,INTERCONTINENTAL EXCHANGE IN (ICE),ICE,Financials,Common Stock,5,44852511520.0,0.006105722312241412,0.013560574257374267,0,0,0,0,0.0,0
2025-09-30,872540109,TJX COS INC NEW (TJX),TJX,Consumer Discretionary,Common Stock,5,44410337175.0,0.004029397672434032,0.005121532788994329,0,0,0,0,0.0,0
2025-09-30,594972AE0,MICROSTRATEGY INC NOTE 0.750% 12/1 (MSTR),MSTR,Information Technology,Convertible Debt,5,43977670145.0,0.005616254610443435,0.011933537426612762,0,0,0,0,0.0,0
2025-09-30,194162103,COLGATE PALMOLIVE CO (CL),CL,Consumer Staples,Common Stock,5,43909123600.0,0.09837412299650408,0.4750832033068851,0,0,0,0,0.0,0
2025-09-30,91913Y100,VALERO ENERGY CORP NEW (VLO),VLO,Energy,Common Stock,5,41438799855.0,0.007885391596292585,0.02016753171869865,0,0,0,0,0.0,0
2025-09-30,83406F102,SOFI TECHNOLOGIES INC (SOFI),SOFI,Financials,Common Stock,5,40552948952.0,0.004965007471126955,0.00821661723687056,0,0,0,0,0.0,0
2025-09-30,91324P102,UNITEDHEALTH GROUP INC (UNH),UNH,Health Care,Common Stock,5,40364082100.0,0.019398142233313122,0.051697948791094246,0,0,0,0,0.0,0
2025-09-30,002824100,ABBOTT LABS (ABT),ABT,Health Care,Common Stock,5,40091458585.0,0.007906192915029985,0.02301272652831136,0,0,0,0,0.0,0
2025-09-30,25754A201,DOMINOS PIZZA INC (DPZ),DPZ,Consumer Discretionary,Common Stock,5,39672211740.0,0.003897893878068115,0.0051932996273979185,0,0,0,0,0.0,0
2025-09-30,02005N100,ALLY FINL INC (ALLY),ALLY,Financials,Common Stock,5,37545009285.0,0.005716666467673203,0.008841576198087927,0,0,0,0,0.0,0
2025-09-30,64110L106,NETFLIX INC (NFLX),NFLX,Communication Services,Common Stock,5,36669853500.0,0.005757023591235516,0.0094332780295319,0,0,0,0,0.0,0
2025-09-30,713448108,PEPSICO INC (PEP),PEP,Consumer Staples,Common Stock,5,35780585270.0,0.004771705609853688,0.008678723493830103,0,0,0,0,0.0,0
2025-09-30,767204100,RIO TINTO PLC (RIO),RIO,Materials,ADR,5,35659113295.0,0.007672119440681089,0.01944211959729682,0,0,0,0,0.0,0
2025-09-30,82967N108,SIRIUS XM HOLDINGS INC (SIRI),SIRI,Communication Services,Common Stock,5,35492864940.0,0.004308341503550162,0.005907742522746897,0,0,0,0,0.0,0
2025-09-30,58933Y105,MERCK & CO INC (MRK),MRK,Health Care,Common Stock,5,35283108600.0,0.005107784460112469,0.010598768605977128,0,0,0,0,0.0,0
2025-09-30,882508104,TEXAS INSTRUMENTS INC (TXN),TXN,Information Technology,Common Stock,5,35242638550.0,0.009208089317603831,0.02825946754021379,0,0,0,0,0.0,0
2025-09-30,842587107,SOUTHERN CO (SO),SO,Utilities,Common Stock,5,32705635512.0,0.004029638239555015,0.006237678112983824,0,0,0,0,0.0,0
2025-09-30,907818108,UNION PAC CORP (UNP),UNP,Industrials,Common Stock,5,32661589940.0,0.004130612780344237,0.006173924724006503,0,0,0,0,0.0,0
2025-09-30,90384S303,ULTA BEAUTY INC (ULTA),ULTA,Consumer Discretionary,Common Stock,5,32637442660.0,0.006812651775861355,0.014546566043124499,0,0,0,0,0.0,0
2025-09-30,458140100,INTEL CORP (INTC),INTC,Information Technology,Common Stock,5,32542365971.0,0.00441395124573944,0.00677495293187488,0,0,0,0,0.0,0
2025-09-30,74340W103,PROLOGIS INC (PLD),PLD,Real Estate,REIT,5,32336558125.0,0.00440712959839974,0.006798472145895686,0,0,0,0,0.0,0
2025-09-30,459200101,INTERNATIONAL BUSINESS MACHS (IBM),IBM,Information Technology,Common Stock,5,31950978180.0,0.0043560045902062096,0.005157752029858084,0,0,0,0,0.0,0
2025-09-30,806857108,SCHLUMBERGER LTD (SLB),SLB,Energy,Common Stock,5,31627473192.0,0.003794485281200955,0.007146838754509983,0,0,0,0,0.0,0
2025-09-30,023135106,AMAZON COM INC (AMZN),AMZN,Consumer Discretionary,Common Stock,5,31226437860.0,0.0037768719345916677,0.004520189727859857,0,0,0,0,0.0,0
2025-09-30,629579103,NVR INC (NVR),NVR,Consumer Discretionary,Common Stock,5,31115977000.0,0.003704652225543617,0.004578796365231024,0,0,0,0,0.0,0
2025-09-30,46625H100,JPMORGAN CHASE & CO (JPM),JPM,Financials,Common Stock,5,30336119730.0,0.005672893219946602,0.013375899601296754,0,0,0,0,0.0,0
2025-09-30,718546104,PHILLIPS 66 (PSX),PSX,Energy,Common Stock,5,29927387100.0,0.0056011059149488176,0.009065392960072749,0,0,0,0,0.0,0
2025-09-30,756109104,REALTY INCOME CORP (O),O,Real Estate,REIT,5,29620616684.0,0.003689662146977246,0.006080739211519593,0,0,0,0,0.0,0
2025-09-30,19260Q107,COINBASE GLOBAL INC (COIN),COIN,Financials,Common Stock,5,27359917560.0,0.0028440747743920733,0.004497532928272307,0,0,0,0,0.0,0
2025-09-30,911312106,UNITED PARCEL SERVICE INC (UPS),UPS,Industrials,Common Stock,5,26990274465.0,0.004871760879445016,0.007315531962452852,0,0,0,0,0.0,0
2025-09-30,260557103,DOW INC (DOW),DOW,Materials,Common Stock,5,26058101576.0,0.014600549567171817,0.05587829656875549,0,0,0,0,0.0,0
2025-09-30,670346105,NUCOR CORP (NUE),NUE,Materials,Common Stock,5,25991916150.0,0.0034779484970952268,0.005758502136986673,0,0,0,0,0.0,0
2025-09-30,369604301,GE AEROSPACE (GE),GE,Industrials,Common Stock,5,24739767690.0,0.004912921430743818,0.007487845047374017,0,0,0,0,0.0,0
2025-09-30,17275R102,CISCO SYSTEMS INC (CSCO),CSCO,Information Technology,Common Stock,5,23921007240.0,0.00463542988912099,0.00939277946722059,0,0,0,0,0.0,0
2025-09-30,464287439,ISHARES TR 7-10 YR TREAS BD (IEF),IEF,ETF - Fixed Income,ETF,5,5067944736.0,0.08649354739505846,0.3019934557124165,0,0,0,0,0.0,0
2025-09-30,46090E103,INVESCO QQQ TR UNIT SER 1 (QQQ),QQQ,ETF - Broad Equity,ETF,5,3535104375.0,0.02112144212705159,0.04773203943504784,0,0,0,0,0.0,0
2025-09-30,464287465,ISHARES TR MSCI EAFE ETF (EFA),EFA,ETF - International Equity,ETF,5,3203159768.0,0.027492083246708498,0.11444769147480817,0,0,0,0,0.0,0
2025-09-30,464287655,ISHARES TR RUSSELL 2000 ETF (IWM),IWM,ETF - Broad Equity,ETF,5,3109763360.0,0.011683628962763341,0.01762144215315948,0,0,0,0,0.0,0
2025-09-30,464287242,ISHARES TR IBOXX INV CORP (LQD),LQD,ETF - Fixed Income,ETF,5,2388629600.0,0.019786526519524863,0.05516234922084171,0,0,0,0,0.0,0
2025-09-30,464288513,ISHARES TR IBOXX HI YD ETF (HYG),HYG,ETF - Fixed Income,ETF,5,2198049864.0,0.013229297884650121,0.0235826939059352,0,0,0,0,0.0,0
2025-09-30,922908363,VANGUARD INDEX FDS S&P 500 ETF SHS (VOO),VOO,ETF - Broad Equity,ETF,5,1963852800.0,0.02520653887893013,0.07094543640783638,0,0,0,0,0.0,0
2025-09-30,464287234,ISHARES TR MSCI EMERG MKT ETF (EEM),EEM,ETF - International Equity,ETF,5,1707183016.0,0.011113593287062944,0.020373725736378835,0,0,0,0,0.0,0
2025-09-30,81369Y209,SELECT SECTOR SPDR TR SBI INT-HEALTH CARE (XLV),XLV,ETF - Sector,ETF,5,1581010800.0,0.017410059762718907,0.04604766208115421,0,0,0,0,0.0,0
2025-09-30,78463V107,SPDR GOLD TR GOLD SHS (GLD),GLD,ETF - Commodity,ETF,5,1305927665.0,0.005938479167207438,0.00828232584667891,0,0,0,0,0.0,0
2025-09-30,872590104,T-MOBILE US INC (TMUS),TMUS,Communication Services,Common Stock,4,133909996270.0,0.010222950630655685,0.016618061740472274,0,0,0,0,0.0,0
2025-09-30,47233W109,JEFFERIES FINL GROUP INC (JEF),JEF,Financials,Common Stock,4,113595282540.0,0.007973975583291047,0.020769716145808352,0,0,0,0,0.0,0
2025-09-30,037833100,APPLE INC (AAPL),AAPL,Information Technology,Common Stock,4,80272484416.0,0.005898726157525158,0.014186134136719979,0,0,0,0,0.0,0
2025-09-30,22788C105,CROWDSTRIKE HOLDINGS INC (CRWD),CRWD,Information Technology,Common Stock,4,64817271280.0,0.006536111222857745,0.008343397616078106,0,0,0,0,0.0,0
2025-09-30,438516106,HONEYWELL INTL INC (HON),HON,Industrials,Common Stock,4,61032148590.0,0.005584158761926781,0.00968941516470789,0,0,0,0,0.0,0
2025-09-30,345370860,FORD MOTOR CO (F),F,Consumer Discretionary,Common Stock,4,60640405749.0,0.008642451721423883,0.016999083100838194,0,0,0,0,0.0,0
2025-09-30,166764100,CHEVRON CORP NEW (CVX),CVX,Energy,Common Stock,4,56577006450.0,0.006573853716127061,0.009371662673480783,0,0,0,0,0.0,0
2025-09-30,91912E105,VALE S A (VALE),VALE,Materials,ADR,4,53881567982.0,0.003954956662975218,0.008570320394960338,0,0,0,0,0.0,0
2025-09-30,437076102,HOME DEPOT INC (HD),HD,Consumer Discretionary,Common Stock,4,38686737200.0,0.0046758747319653226,0.0059642591004767315,0,0,0,0,0.0,0
2025-09-30,30303M102,META PLATFORMS INC (META),META,Communication Services,Common Stock,4,38418039900.0,0.003923703017446345,0.0046412197990096105,0,0,0,0,0.0,0
2025-09-30,02079K107,ALPHABET INC (GOOG),GOOG,Communication Services,Common Stock,4,37205486949.0,0.005307186404544292,0.006509041475706934,0,0,0,0,0.0,0
2025-09-30,30231G102,EXXON MOBIL CORP (XOM),XOM,Energy,Common Stock,4,35580438402.0,0.004329947833107547,0.0055093486429564,0,0,0,0,0.0,0
2025-09-30,771049103,ROBLOX CORP (RBLX),RBLX,Communication Services,Common Stock,4,35528137920.0,0.0034200352069112703,0.005356853062606384,0,0,0,0,0.0,0
2025-09-30,75886F107,REGENERON PHARMACEUTICALS (REGN),REGN,Health Care,Common Stock,4,35153326950.0,0.008737205479286381,0.021681188858187296,0,0,0,0,0.0,0
2025-09-30,609207105,MONDELEZ INTL INC (MDLZ),MDLZ,Consumer Staples,Common Stock,4,31942735416.0,0.006120889521064352,0.013102349887619725,0,0,0,0,0.0,0
2025-09-30,22160K105,COSTCO WHSL CORP NEW (COST),COST,Consumer Staples,Common Stock,4,30021763500.0,0.006989334501620175,0.011214512686469986,0,0,0,0,0.0,0
2025-09-30,828806109,SIMON PPTY GROUP INC NEW (SPG),SPG,Real Estate,REIT,4,26995734975.0,0.003880687010240382,0.007973016612677623,0,0,0,0,0.0,0
2025-09-30,16119P108,CHARTER COMMUNICATIONS INC N (CHTR),CHTR,Communication Services,Common Stock,4,26518486170.0,0.00358905624871702,0.00465943757433926,0,0,0,0,0.0,0
2025-09-30,24703L202,DELL TECHNOLOGIES INC (DELL),DELL,Information Technology,Common Stock,4,25217388240.0,0.0049455388078450836,0.012248886722173676,0,0,0,0,0.0,0
2025-09-30,654106103,NIKE INC (NKE),NKE,Consumer Discretionary,Common Stock,4,24552177120.0,0.0033003418306014965,0.004017468388814291,0,0,0,0,0.0,0
2025-09-30,464287432,ISHARES TR 20+YR TRS BD ETF (TLT),TLT,ETF - Fixed Income,ETF,4,1236736125.0,0.016499174443504946,0.039619775792566404,0,0,0,0,0.0,0
2025-09-30,81369Y886,SELECT SECTOR SPDR TR SBI INT-UTILS (XLU),XLU,ETF - Sector,ETF,4,1153306518.0,0.009724574888406726,0.017386141683650026,0,0,0,0,0.0,0
2025-09-30,91232N108,UNITED STATES OIL FUND LP UNITS (USO),USO,ETF - Commodity,ETF,4,936885168.0,0.012646446179246219,0.019904137022102843,0,0,0,0,0.0,0
2025-09-30,81762P102,SERVICENOW INC (NOW),NOW,Information Technology,Common Stock,3,82395877500.0,0.007296272587930128,0.012547683439910735,0,0,0,0,0.0,0
2025-09-30,G5494J103,LINDE PLC (LIN),LIN,Materials,Common Stock,3,76412329925.0,0.007154060983448284,0.010427810561300951,0,0,0,0,0.0,0
2025-09-30,23331A109,D R HORTON INC (DHI),DHI,Consumer Discretionary,Common Stock,3,45568338270.0,0.0037322298217147376,0.00685720074693149,0,0,0,0,0.0,0
2025-09-30,20030N101,COMCAST CORP NEW (CMCSA),CMCSA,Communication Services,Common Stock,3,41642432640.0,0.005864878444359849,0.008824296013919578,0,0,0,0,0.0,0
2025-09-30,046353108,ASTRAZENECA PLC (AZN),AZN,Health Care,ADR,3,36978494046.0,0.017570061473012273,0.044975345472740694,0,0,0,0,0.0,0
2025-09-30,742718109,PROCTER & GAMBLE CO (PG),PG,Consumer Staples,Common Stock,3,36278207060.0,0.004004710835811693,0.004372035230950418,0,0,0,0,0.0,0
2025-09-30,92532F100,VERTEX PHARMACEUTICALS INC (VRTX),VRTX,Health Care,Common Stock,3,35509539465.0,0.0046017171559115415,0.006026196562577469,0,0,0,0,0.0,0
2025-09-30,02079K305,ALPHABET INC (GOOGL),GOOGL,Communication Services,Common Stock,3,30522343665.0,0.008341792882860096,0.01836110659419421,0,0,0,0,0.0,0
2025-09-30,444859102,HUMANA INC (HUM),HUM,Health Care,Common Stock,3,29910974720.0,0.004756091982247976,0.00773389149733895,0,0,0,0,0.0,0
2025-09-30,247361702,DELTA AIR LINES INC DEL (DAL),DAL,Industrials,Common Stock,3,24929849400.0,0.002488879867669781,0.003035623401120326,0,0,0,0,0.0,0
2025-09-30,79466LAA3,SALESFORCE INC NOTE 3.700% 4/11 (CRM),CRM,Information Technology,Corporate Debt,3,23825377600.0,0.014353257606227509,0.03617573007635918,0,0,0,0,0.0,0
2025-09-30,43300A203,HILTON WORLDWIDE HLDGS INC (HLT),HLT,Consumer Discretionary,Common Stock,3,23475806520.0,0.003304091499593306,0.004823142387041517,0,0,0,0,0.0,0
2025-09-30,097023105,BOEING CO (BA),BA,Industrials,Common Stock,3,22540097520.0,0.004146709741084581,0.00749588902098179,0,0,0,0,0.0,0
2025-09-30,46428Q109,ISHARES SILVER TR ISHARES (SLV),SLV,ETF - Commodity,ETF,3,1725113256.0,0.01014805147038011,0.013500174919488754,0,0,0,0,0.0,0
2025-09-30,78462F103,SPDR S&P 500 ETF TR TR UNIT (SPY),SPY,ETF - Broad Equity,ETF,3,1101958200.0,0.054579341768420796,0.1123539248015208,0,0,0,0,0.0,0
2025-09-30,00214Q104,ARK ETF TR ARK INNOVATION ETF (ARKK),ARKK,ETF - Thematic,ETF,3,831064468.0,0.0075511895605496196,0.011184400378421106,0,0,0,0,0.0,0
2025-09-30,81369Y506,SELECT SECTOR SPDR TR SBI INT-ENERGY (XLE),XLE,ETF - Sector,ETF,3,575255610.0,0.013359390646955134,0.018698939822467363,0,0,0,0,0.0,0
2025-09-30,949746804,WELLS FARGO & CO NEW PFD CL A 7.5% (WFC),WFC,Financials,Preferred Stock,2,21977756060.0,0.004344695519568787,0.004520271994217265,0,0,0,0,0.0,0
2025-09-30,674599121,OCCIDENTAL PETE CORP WT EXP 08/03/2027 (OXY),OXY,Energy,Warrant,2,14136203040.0,0.005160752757480795,0.006965693848545851,0,0,0,0,0.0,0
2025-09-30,81369Y605,SELECT SECTOR SPDR TR SBI INT-FINL (XLF),XLF,ETF - Sector,ETF,2,380657385.0,0.016076999798660264,0.021336308666417662,0,0,0,0,0.0,0
2025-09-30,060505815,BANK OF AMERICA CORP PFD SER L (BAC),BAC,Financials,Preferred Stock,2,61363200.0,0.00225146230509373,0.0022978012695352014,0,0,0,0,0.0,0
2025-09-30,833445AA6,SNOWFLAKE INC NOTE 0.000% 10/1 (SNOW),SNOW,Information Technology,Convertible Debt,1,19740462028.0,0.004112596277108308,0.004112596277108308,0,0,0,0,0.0,0
