period,sector,value_usd,share,share_prev,d_share,value_prev,d_value
2011-09-30,Communication Services,105871061000.0,0.05365501430229581,,,,
2011-09-30,Consumer Discretionary,265775491000.0,0.13469391575101614,,,,
2011-09-30,Consumer Staples,160182139000.0,0.08117964321730312,,,,
2011-09-30,ETF - Broad Equity,2838793000.0,0.0014386885101326907,,,,
2011-09-30,ETF - Commodity,1930118000.0,0.0009781757915424932,,,,
2011-09-30,ETF - Fixed Income,1869448000.0,0.0009474284873502712,,,,
2011-09-30,ETF - International Equity,1684467000.0,0.0008536808843045911,,,,
2011-09-30,ETF - Sector,3192036000.0,0.001617710596415418,,,,
2011-09-30,Energy,152780067000.0,0.07742830384963,,,,
2011-09-30,Financials,346554805000.0,0.1756325368157436,,,,
2011-09-30,Health Care,279056723000.0,0.14142478900553193,,,,
2011-09-30,Industrials,196597470000.0,0.09963478182810664,,,,
2011-09-30,Information Technology,246974890000.0,0.1251658491951633,,,,
2011-09-30,Materials,114533490000.0,0.05804509736652071,,,,
2011-09-30,Real Estate,60908566000.0,0.030868208450865794,,,,
2011-09-30,Utilities,32431552000.0,0.01643617594807754,,,,
2011-12-31,Communication Services,123520888000.0,0.052057478860490426,0.05365501430229581,-0.001597535441805381,105871061000.0,17649827000.0
2011-12-31,Consumer Discretionary,312903978000.0,0.13187236979787872,0.13469391575101614,-0.002821545953137411,265775491000.0,47128487000.0
2011-12-31,Consumer Staples,180709222000.0,0.07615931731449883,0.08117964321730312,-0.005020325902804282,160182139000.0,20527083000.0
2011-12-31,ETF - Broad Equity,5895139000.0,0.002484487270461921,0.0014386885101326907,0.0010457987603292305,2838793000.0,3056346000.0
2011-12-31,ETF - Commodity,2727961000.0,0.001149690342978609,0.0009781757915424932,0.00017151455143611574,1930118000.0,797843000.0
2011-12-31,ETF - Fixed Income,3908534000.0,0.00164723901661481,0.0009474284873502712,0.0006998105292645388,1869448000.0,2039086000.0
2011-12-31,ETF - International Equity,3361603000.0,0.0014167367150879065,0.0008536808843045911,0.0005630558307833153,1684467000.0,1677136000.0
2011-12-31,ETF - Sector,6472931000.0,0.002727995840654199,0.001617710596415418,0.001110285244238781,3192036000.0,3280895000.0
2011-12-31,Energy,188227119000.0,0.07932771069710506,0.07742830384963,0.0018994068474750686,152780067000.0,35447052000.0
2011-12-31,Financials,442687792000.0,0.18656933857079447,0.1756325368157436,0.010936801755050879,346554805000.0,96132987000.0
2011-12-31,Health Care,312393909000.0,0.13165740286706384,0.14142478900553193,-0.009767386138468087,279056723000.0,33337186000.0
2011-12-31,Industrials,236779523000.0,0.09978996437565692,0.09963478182810664,0.00015518254755027272,196597470000.0,40182053000.0
2011-12-31,Information Technology,315299851000.0,0.13288210272701637,0.1251658491951633,0.007716253531853068,246974890000.0,68324961000.0
2011-12-31,Materials,126924003000.0,0.05349171067375522,0.05804509736652071,-0.00455338669276549,114533490000.0,12390513000.0
2011-12-31,Real Estate,69493049000.0,0.029287620805223853,0.030868208450865794,-0.0015805876456419406,60908566000.0,8584483000.0
2011-12-31,Utilities,41473409000.0,0.017478834124718838,0.01643617594807754,0.0010426581766412972,32431552000.0,9041857000.0
2012-03-31,Communication Services,144622873000.0,0.04919010308283694,0.052057478860490426,-0.0028673757776534886,123520888000.0,21101985000.0
2012-03-31,Consumer Discretionary,360562406000.0,0.1226369076414054,0.13187236979787872,-0.00923546215647332,312903978000.0,47658428000.0
2012-03-31,Consumer Staples,190002975000.0,0.06462508822028235,0.07615931731449883,-0.011534229094216489,180709222000.0,9293753000.0
2012-03-31,ETF - Broad Equity,92246832000.0,0.03137561217681757,0.002484487270461921,0.02889112490635565,5895139000.0,86351693000.0
2012-03-31,ETF - Commodity,49772113000.0,0.016928825422522262,0.001149690342978609,0.015779135079543653,2727961000.0,47044152000.0
2012-03-31,ETF - Fixed Income,52391948000.0,0.017819901301716172,0.00164723901661481,0.016172662285101363,3908534000.0,48483414000.0
2012-03-31,ETF - International Equity,38949882000.0,0.01324789551542331,0.0014167367150879065,0.011831158800335403,3361603000.0,35588279000.0
2012-03-31,ETF - Sector,77647061000.0,0.026409839988929883,0.002727995840654199,0.023681844148275684,6472931000.0,71174130000.0
2012-03-31,Energy,197698882000.0,0.06724267180711875,0.07932771069710506,-0.012085038889986313,188227119000.0,9471763000.0
2012-03-31,Financials,493759681000.0,0.16794085957992747,0.18656933857079447,-0.018628478990867003,442687792000.0,51071889000.0
2012-03-31,Health Care,343031349000.0,0.11667412676800172,0.13165740286706384,-0.014983276099062123,312393909000.0,30637440000.0
2012-03-31,Industrials,260257648000.0,0.08852057954357392,0.09978996437565692,-0.011269384832082993,236779523000.0,23478125000.0
2012-03-31,Information Technology,376384706000.0,0.12801849460522938,0.13288210272701637,-0.004863608121786989,315299851000.0,61084855000.0
2012-03-31,Materials,139658863000.0,0.04750171065542171,0.05349171067375522,-0.005990000018333511,126924003000.0,12734860000.0
2012-03-31,Real Estate,81022856000.0,0.027558038061557894,0.029287620805223853,-0.001729582743665959,69493049000.0,11529807000.0
2012-03-31,Utilities,42070631000.0,0.014309345629235254,0.017478834124718838,-0.0031694884954835845,41473409000.0,597222000.0
2012-06-30,Communication Services,170434461000.0,0.05724685348065843,0.04919010308283694,0.008056750397821492,144622873000.0,25811588000.0
2012-06-30,Consumer Discretionary,363651233000.0,0.12214600692527657,0.1226369076414054,-0.0004909007161288392,360562406000.0,3088827000.0
2012-06-30,Consumer Staples,181792724000.0,0.06106195527369184,0.06462508822028235,-0.003563132946590504,190002975000.0,-8210251000.0
2012-06-30,ETF - Broad Equity,90720616000.0,0.03047194670229911,0.03137561217681757,-0.0009036654745184607,92246832000.0,-1526216000.0
2012-06-30,ETF - Commodity,49482350000.0,0.016620516905490483,0.016928825422522262,-0.0003083085170317787,49772113000.0,-289763000.0
2012-06-30,ETF - Fixed Income,53869843000.0,0.01809422220807254,0.017819901301716172,0.00027432090635636647,52391948000.0,1477895000.0
2012-06-30,ETF - International Equity,38473262000.0,0.012922698729554368,0.01324789551542331,-0.00032519678586894266,38949882000.0,-476620000.0
2012-06-30,ETF - Sector,77821373000.0,0.02613924855135176,0.026409839988929883,-0.0002705914375781236,77647061000.0,174312000.0
2012-06-30,Energy,228920532000.0,0.07689161028366429,0.06724267180711875,0.009648938476545535,197698882000.0,31221650000.0
2012-06-30,Financials,482806280000.0,0.16216873165516538,0.16794085957992747,-0.005772127924762088,493759681000.0,-10953401000.0
2012-06-30,Health Care,341692875000.0,0.11477046270888805,0.11667412676800172,-0.0019036640591136716,343031349000.0,-1338474000.0
2012-06-30,Industrials,253872601000.0,0.08527270545480035,0.08852057954357392,-0.0032478740887735696,260257648000.0,-6385047000.0
2012-06-30,Information Technology,378635863000.0,0.12717916109514762,0.12801849460522938,-0.0008393335100817523,376384706000.0,2251157000.0
2012-06-30,Materials,137176549000.0,0.046075927107167375,0.04750171065542171,-0.0014257835482543377,139658863000.0,-2482314000.0
2012-06-30,Real Estate,82297379000.0,0.027642684289389197,0.027558038061557894,8.464622783130316e-05,81022856000.0,1274523000.0
2012-06-30,Utilities,45536841000.0,0.015295268629382642,0.014309345629235254,0.0009859230001473887,42070631000.0,3466210000.0
2012-09-30,Communication Services,195142158000.0,0.06022272945318686,0.05724685348065843,0.0029758759725284287,170434461000.0,24707697000.0
2012-09-30,Consumer Discretionary,410763195000.0,0.12676543610741273,0.12214600692527657,0.004619429182136162,363651233000.0,47111962000.0
2012-09-30,Consumer Staples,192098984000.0,0.059283576958619424,0.06106195527369184,-0.0017783783150724167,181792724000.0,10306260000.0
2012-09-30,ETF - Broad Equity,95518809000.0,0.02947801464867284,0.03047194670229911,-0.0009939320536262695,90720616000.0,4798193000.0
2012-09-30,ETF - Commodity,49678070000.0,0.01533112578045016,0.016620516905490483,-0.0012893911250403227,49482350000.0,195720000.0
2012-09-30,ETF - Fixed Income,55803526000.0,0.017221499871042108,0.01809422220807254,-0.0008727223370304307,53869843000.0,1933683000.0
2012-09-30,ETF - International Equity,40339608000.0,0.01244918742177491,0.012922698729554368,-0.00047351130777945755,38473262000.0,1866346000.0
2012-09-30,ETF - Sector,83020569000.0,0.025620938689919746,0.02613924855135176,-0.000518309861432014,77821373000.0,5199196000.0
2012-09-30,Energy,250831138000.0,0.07740887933712907,0.07689161028366429,0.0005172690534647889,228920532000.0,21910606000.0
2012-09-30,Financials,530545899000.0,0.16373151996184648,0.16216873165516538,0.0015627883066811066,482806280000.0,47739619000.0
2012-09-30,Health Care,362719131000.0,0.11193858014887814,0.11477046270888805,-0.0028318825600099073,341692875000.0,21026256000.0
2012-09-30,Industrials,269496531000.0,0.08316919747800157,0.08527270545480035,-0.002103507976798785,253872601000.0,15623930000.0
2012-09-30,Information Technology,421773865000.0,0.13016343378922743,0.12717916109514762,0.0029842726940798037,378635863000.0,43138002000.0
2012-09-30,Materials,154834539000.0,0.04778341414163263,0.046075927107167375,0.0017074870344652576,137176549000.0,17657990000.0
2012-09-30,Real Estate,82213915000.0,0.025371997578976763,0.027642684289389197,-0.0022706867104124347,82297379000.0,-83464000.0
2012-09-30,Utilities,45560708000.0,0.014060468633229146,0.015295268629382642,-0.0012347999961534965,45536841000.0,23867000.0
2012-12-31,Communication Services,202062473000.0,0.060435738272141,0.06022272945318686,0.00021300881895414125,195142158000.0,6920315000.0
2012-12-31,Consumer Discretionary,405123709000.0,0.12117020088615373,0.12676543610741273,-0.005595235221259001,410763195000.0,-5639486000.0
2012-12-31,Consumer Staples,218148697000.0,0.06524703652568178,0.059283576958619424,0.00596345956706236,192098984000.0,26049713000.0
2012-12-31,ETF - Broad Equity,101834125000.0,0.030458008527256275,0.02947801464867284,0.0009799938785834336,95518809000.0,6315316000.0
2012-12-31,ETF - Commodity,48731098000.0,0.014575194694573761,0.01533112578045016,-0.0007559310858763994,49678070000.0,-946972000.0
2012-12-31,ETF - Fixed Income,56347569000.0,0.016853237920904818,0.017221499871042108,-0.00036826195013728996,55803526000.0,544043000.0
2012-12-31,ETF - International Equity,41594672000.0,0.012440730201829963,0.01244918742177491,-8.45721994494758e-06,40339608000.0,1255064000.0
2012-12-31,ETF - Sector,84630597000.0,0.025312530991873198,0.025620938689919746,-0.0003084076980465478,83020569000.0,1610028000.0
2012-12-31,Energy,252117043000.0,0.07540677592664184,0.07740887933712907,-0.0020021034104872326,250831138000.0,1285905000.0
2012-12-31,Financials,536537111000.0,0.16047520319958997,0.16373151996184648,-0.003256316762256517,530545899000.0,5991212000.0
2012-12-31,Health Care,373229772000.0,0.11163090543766066,0.11193858014887814,-0.0003076747112174816,362719131000.0,10510641000.0
2012-12-31,Industrials,285058651000.0,0.08525942382208489,0.08316919747800157,0.002090226344083318,269496531000.0,15562120000.0
2012-12-31,Information Technology,447354384000.0,0.13380115597377085,0.13016343378922743,0.0036377221845434182,421773865000.0,25580519000.0
2012-12-31,Materials,159659941000.0,0.04775338173170569,0.04778341414163263,-3.0032409926945836e-05,154834539000.0,4825402000.0
2012-12-31,Real Estate,82699505000.0,0.02473495234028743,0.025371997578976763,-0.0006370452386893315,82213915000.0,485590000.0
2012-12-31,Utilities,48297552000.0,0.014445523547844136,0.014060468633229146,0.00038505491461499064,45560708000.0,2736844000.0
2013-03-31,Communication Services,207479986000.0,0.05583052568194304,0.060435738272141,-0.004605212590197957,202062473000.0,5417513000.0
2013-03-31,Consumer Discretionary,449256520000.0,0.1208898658670642,0.12117020088615373,-0.0002803350190895282,405123709000.0,44132811000.0
2013-03-31,Consumer Staples,235705305000.0,0.06342564089132297,0.06524703652568178,-0.001821395634358819,218148697000.0,17556608000.0
2013-03-31,ETF - Broad Equity,116052827000.0,0.031228507689824082,0.030458008527256275,0.0007704991625678073,101834125000.0,14218702000.0
2013-03-31,ETF - Commodity,48783774000.0,0.013127163731200103,0.014575194694573761,-0.001448030963373658,48731098000.0,52676000.0
2013-03-31,ETF - Fixed Income,60039633000.0,0.01615598852094069,0.016853237920904818,-0.0006972493999641283,56347569000.0,3692064000.0
2013-03-31,ETF - International Equity,39637445000.0,0.010665989687502219,0.012440730201829963,-0.001774740514327744,41594672000.0,-1957227000.0
2013-03-31,ETF - Sector,91127497000.0,0.02452138232547253,0.025312530991873198,-0.0007911486664006692,84630597000.0,6496900000.0
2013-03-31,Energy,282572060000.0,0.07603695641674832,0.07540677592664184,0.0006301804901064773,252117043000.0,30455017000.0
2013-03-31,Financials,598751616000.0,0.1611173112099251,0.16047520319958997,0.000642108010335124,536537111000.0,62214505000.0
2013-03-31,Health Care,429396231000.0,0.11554568594666788,0.11163090543766066,0.003914780509007218,373229772000.0,56166459000.0
2013-03-31,Industrials,322348395000.0,0.08674031983779207,0.08525942382208489,0.001480896015707181,285058651000.0,37289744000.0
2013-03-31,Information Technology,513516164000.0,0.13818141178347138,0.13380115597377085,0.004380255809700528,447354384000.0,66161780000.0
2013-03-31,Materials,173784934000.0,0.04676356697277672,0.04775338173170569,-0.0009898147589289669,159659941000.0,14124993000.0
2013-03-31,Real Estate,93774076000.0,0.025233546904222744,0.02473495234028743,0.0004985945639353132,82699505000.0,11074571000.0
2013-03-31,Utilities,54019864000.0,0.014536136533125996,0.014445523547844136,9.06129852818599e-05,48297552000.0,5722312000.0
2013-06-30,Communication Services,246560116000.0,0.06329102400019708,0.05583052568194304,0.007460498318254037,207479986000.0,39080130000.0
2013-06-30,Consumer Discretionary,452674878000.0,0.11619988274090642,0.1208898658670642,-0.0046899831261577735,449256520000.0,3418358000.0
2013-06-30,Consumer Staples,245980468000.0,0.0631422306102732,0.06342564089132297,-0.0002834102810497646,235705305000.0,10275163000.0
2013-06-30,ETF - Broad Equity,126806208000.0,0.032550661007565325,0.031228507689824082,0.0013221533177412426,116052827000.0,10753381000.0
2013-06-30,ETF - Commodity,51970214000.0,0.013340552052503814,0.013127163731200103,0.0002133883213037112,48783774000.0,3186440000.0
2013-06-30,ETF - Fixed Income,62065312000.0,0.01593192449411291,0.01615598852094069,-0.0002240640268277791,60039633000.0,2025679000.0
2013-06-30,ETF - International Equity,40069008000.0,0.0102855587032255,0.010665989687502219,-0.00038043098427671847,39637445000.0,431563000.0
2013-06-30,ETF - Sector,96783211000.0,0.024843874303730206,0.02452138232547253,0.0003224919782576774,91127497000.0,5655714000.0
2013-06-30,Energy,278549779000.0,0.07150264622660461,0.07603695641674832,-0.004534310190143706,282572060000.0,-4022281000.0
2013-06-30,Financials,609851316000.0,0.15654646381456025,0.1611173112099251,-0.004570847395364841,598751616000.0,11099700000.0
2013-06-30,Health Care,450705829000.0,0.11569443551149093,0.11554568594666788,0.00014874956482305302,429396231000.0,21309598000.0
2013-06-30,Industrials,337863085000.0,0.08672814147084368,0.08674031983779207,-1.2178366948389918e-05,322348395000.0,15514690000.0
2013-06-30,Information Technology,554433578000.0,0.1423209457433624,0.13818141178347138,0.004139533959891029,513516164000.0,40917414000.0
2013-06-30,Materials,181329165000.0,0.0465464922718916,0.04676356697277672,-0.00021707470088511843,173784934000.0,7544231000.0
2013-06-30,Real Estate,103846793000.0,0.02665706836423819,0.025233546904222744,0.0014235214600154464,93774076000.0,10072717000.0
2013-06-30,Utilities,56167966000.0,0.014418098684493862,0.014536136533125996,-0.0001180378486321347,54019864000.0,2148102000.0
2013-09-30,Communication Services,263118508000.0,0.06276146245962338,0.06329102400019708,-0.0005295615405736948,246560116000.0,16558392000.0
2013-09-30,Consumer Discretionary,480407756000.0,0.11459130554018614,0.11619988274090642,-0.0016085772007202875,452674878000.0,27732878000.0
2013-09-30,Consumer Staples,259463557000.0,0.061889649709840455,0.0631422306102732,-0.0012525809004327454,245980468000.0,13483089000.0
2013-09-30,ETF - Broad Equity,153153286000.0,0.036531539658384515,0.032550661007565325,0.00398087865081919,126806208000.0,26347078000.0
2013-09-30,ETF - Commodity,64580429000.0,0.015404321805860474,0.013340552052503814,0.00206376975335666,51970214000.0,12610215000.0
2013-09-30,ETF - Fixed Income,75627042000.0,0.018039262207337238,0.01593192449411291,0.0021073377132243276,62065312000.0,13561730000.0
2013-09-30,ETF - International Equity,57557104000.0,0.013729053305443033,0.0102855587032255,0.003443494602217533,40069008000.0,17488096000.0
2013-09-30,ETF - Sector,123231554000.0,0.02939433112858808,0.024843874303730206,0.004550456824857874,96783211000.0,26448343000.0
2013-09-30,Energy,290953693000.0,0.06940096848188379,0.07150264622660461,-0.002101677744720823,278549779000.0,12403914000.0
2013-09-30,Financials,634951572000.0,0.15145452728759337,0.15654646381456025,-0.005091936526966878,609851316000.0,25100256000.0
2013-09-30,Health Care,475096469000.0,0.11332440819344843,0.11569443551149093,-0.0023700273180425058,450705829000.0,24390640000.0
2013-09-30,Industrials,358925725000.0,0.08561428683451111,0.08672814147084368,-0.0011138546363325674,337863085000.0,21062640000.0
2013-09-30,Information Technology,572393078000.0,0.13653249613685586,0.1423209457433624,-0.0057884496065065405,554433578000.0,17959500000.0
2013-09-30,Materials,203276950000.0,0.04848750003679612,0.0465464922718916,0.0019410077649045163,181329165000.0,21947785000.0
2013-09-30,Real Estate,117924199000.0,0.02812837167889253,0.02665706836423819,0.001471303314654341,103846793000.0,14077406000.0
2013-09-30,Utilities,61696899000.0,0.014716515534755448,0.014418098684493862,0.0002984168502615861,56167966000.0,5528933000.0
2013-12-31,Communication Services,300300685000.0,0.06370392402869192,0.06276146245962338,0.000942461569068534,263118508000.0,37182177000.0
2013-12-31,Consumer Discretionary,585019957000.0,0.12410250378215625,0.11459130554018614,0.009511198241970109,480407756000.0,104612201000.0
2013-12-31,Consumer Staples,267802867000.0,0.05681003855863294,0.061889649709840455,-0.0050796111512075165,259463557000.0,8339310000.0
2013-12-31,ETF - Broad Equity,162548187000.0,0.03448196382119344,0.036531539658384515,-0.0020495758371910783,153153286000.0,9394901000.0
2013-12-31,ETF - Commodity,67862348000.0,0.014395897436599763,0.015404321805860474,-0.0010084243692607114,64580429000.0,3281919000.0
2013-12-31,ETF - Fixed Income,74347524000.0,0.01577162243441885,0.018039262207337238,-0.0022676397729183874,75627042000.0,-1279518000.0
2013-12-31,ETF - International Equity,62968883000.0,0.013357828134170222,0.013729053305443033,-0.00037122517127281124,57557104000.0,5411779000.0
2013-12-31,ETF - Sector,136445597000.0,0.028944722338337368,0.02939433112858808,-0.00044960879025071274,123231554000.0,13214043000.0
2013-12-31,Energy,334784540000.0,0.07101911506509075,0.06940096848188379,0.0016181465832069558,290953693000.0,43830847000.0
2013-12-31,Financials,706964122000.0,0.1499709823136064,0.15145452728759337,-0.0014835449739869777,634951572000.0,72012550000.0
2013-12-31,Health Care,517558605000.0,0.10979167114892117,0.11332440819344843,-0.003532737044527251,475096469000.0,42462136000.0
2013-12-31,Industrials,417398184000.0,0.08854426090719696,0.08561428683451111,0.0029299740726858453,358925725000.0,58472459000.0
2013-12-31,Information Technology,666340436000.0,0.14135332562491307,0.13653249613685586,0.0048208294880572045,572393078000.0,93947358000.0
2013-12-31,Materials,231115589000.0,0.04902742703867753,0.04848750003679612,0.0005399270018814142,203276950000.0,27838639000.0
2013-12-31,Real Estate,123854707000.0,0.026273769056916724,0.02812837167889253,-0.001854602621975808,117924199000.0,5930508000.0
2013-12-31,Utilities,58693846000.0,0.01245094831047669,0.014716515534755448,-0.0022655672242787583,61696899000.0,-3003053000.0
2014-03-31,Communication Services,324623972000.0,0.06623422418815983,0.06370392402869192,0.0025303001594679103,300300685000.0,24323287000.0
2014-03-31,Consumer Discretionary,604181687000.0,0.12327341403837734,0.12410250378215625,-0.0008290897437789047,585019957000.0,19161730000.0
2014-03-31,Consumer Staples,272922460000.0,0.05568537434328505,0.05681003855863294,-0.0011246642153478897,267802867000.0,5119593000.0
2014-03-31,ETF - Broad Equity,183728397000.0,0.03748678128006281,0.03448196382119344,0.003004817458869373,162548187000.0,21180210000.0
2014-03-31,ETF - Commodity,71053239000.0,0.014497253952708402,0.014395897436599763,0.00010135651610863883,67862348000.0,3190891000.0
2014-03-31,ETF - Fixed Income,75803952000.0,0.015466559416987564,0.01577162243441885,-0.00030506301743128683,74347524000.0,1456428000.0
2014-03-31,ETF - International Equity,62062111000.0,0.01266276100387454,0.013357828134170222,-0.0006950671302956828,62968883000.0,-906772000.0
2014-03-31,ETF - Sector,136918805000.0,0.02793604788356462,0.028944722338337368,-0.0010086744547727483,136445597000.0,473208000.0
2014-03-31,Energy,332411407000.0,0.06782312322251927,0.07101911506509075,-0.00319599184257148,334784540000.0,-2373133000.0
2014-03-31,Financials,763812661000.0,0.15584350938330865,0.1499709823136064,0.00587252706970226,706964122000.0,56848539000.0
2014-03-31,Health Care,530210851000.0,0.10818087202792594,0.10979167114892117,-0.0016107991209952377,517558605000.0,12652246000.0
2014-03-31,Industrials,428721463000.0,0.0874736185367662,0.08854426090719696,-0.0010706423704307522,417398184000.0,11323279000.0
2014-03-31,Information Technology,694319745000.0,0.14166461387699356,0.14135332562491307,0.00031128825208048827,666340436000.0,27979309000.0
2014-03-31,Materials,227007196000.0,0.04631711398130986,0.04902742703867753,-0.002710313057367672,231115589000.0,-4108393000.0
2014-03-31,Real Estate,131848294000.0,0.02690149285593243,0.026273769056916724,0.0006277237990157079,123854707000.0,7993587000.0
2014-03-31,Utilities,61525332000.0,0.012553240008223929,0.01245094831047669,0.00010229169774723934,58693846000.0,2831486000.0
2014-06-30,Communication Services,370461613000.0,0.06987712216458108,0.06623422418815983,0.0036428979764212555,324623972000.0,45837641000.0
2014-06-30,Consumer Discretionary,687171669000.0,0.12961553094234377,0.12327341403837734,0.006342116903966424,604181687000.0,82989982000.0
2014-06-30,Consumer Staples,286069642000.0,0.05395895990338944,0.05568537434328505,-0.0017264144398956086,272922460000.0,13147182000.0
2014-06-30,ETF - Broad Equity,190714982000.0,0.03597299592773161,0.03748678128006281,-0.0015137853523312025,183728397000.0,6986585000.0
2014-06-30,ETF - Commodity,74117644000.0,0.01398020059999828,0.014497253952708402,-0.0005170533527101215,71053239000.0,3064405000.0
2014-06-30,ETF - Fixed Income,76450506000.0,0.014420229140734318,0.015466559416987564,-0.0010463302762532458,75803952000.0,646554000.0
2014-06-30,ETF - International Equity,65443843000.0,0.01234413297290984,0.01266276100387454,-0.0003186280309646992,62062111000.0,3381732000.0
2014-06-30,ETF - Sector,145636432000.0,0.027470200402322672,0.02793604788356462,-0.00046584748124194747,136918805000.0,8717627000.0
2014-06-30,Energy,347098877000.0,0.06547040173719133,0.06782312322251927,-0.0023527214853279327,332411407000.0,14687470000.0
2014-06-30,Financials,846487017000.0,0.1596658725816238,0.15584350938330865,0.0038223631983151374,763812661000.0,82674356000.0
2014-06-30,Health Care,567204161000.0,0.10698704821126966,0.10818087202792594,-0.001193823816656281,530210851000.0,36993310000.0
2014-06-30,Industrials,454318327000.0,0.08569432330735735,0.0874736185367662,-0.0017792952294088532,428721463000.0,25596864000.0
2014-06-30,Information Technology,755747969000.0,0.14255051347370515,0.14166461387699356,0.0008858995967115924,694319745000.0,61428224000.0
2014-06-30,Materials,239086879000.0,0.04509698836686601,0.04631711398130986,-0.0012201256144438524,227007196000.0,12079683000.0
2014-06-30,Real Estate,136360231000.0,0.025720507025858836,0.02690149285593243,-0.0011809858300735956,131848294000.0,4511937000.0
2014-06-30,Utilities,59245408000.0,0.011174973242116856,0.012553240008223929,-0.0013782667661070731,61525332000.0,-2279924000.0
2014-09-30,Communication Services,357344904000.0,0.065197531639855,0.06987712216458108,-0.004679590524726079,370461613000.0,-13116709000.0
2014-09-30,Consumer Discretionary,745851944000.0,0.13608059097321662,0.12961553094234377,0.0064650600308728545,687171669000.0,58680275000.0
2014-09-30,Consumer Staples,302919667000.0,0.05526765416967256,0.05395895990338944,0.0013086942662831197,286069642000.0,16850025000.0
2014-09-30,ETF - Broad Equity,192057395000.0,0.03504084694371528,0.03597299592773161,-0.0009321489840163275,190714982000.0,1342413000.0
2014-09-30,ETF - Commodity,68846609000.0,0.012561054931328267,0.01398020059999828,-0.0014191456686700136,74117644000.0,-5271035000.0
2014-09-30,ETF - Fixed Income,77949829000.0,0.014221936246077786,0.014420229140734318,-0.0001982928946565321,76450506000.0,1499323000.0
2014-09-30,ETF - International Equity,66650887000.0,0.012160445735660752,0.01234413297290984,-0.00018368723724908852,65443843000.0,1207044000.0
2014-09-30,ETF - Sector,145565693000.0,0.026558441910913385,0.027470200402322672,-0.0009117584914092869,145636432000.0,-70739000.0
2014-09-30,Energy,356628154000.0,0.06506676069481064,0.06547040173719133,-0.00040364104238069243,347098877000.0,9529277000.0
2014-09-30,Financials,896265514000.0,0.16352352741743845,0.1596658725816238,0.0038576548358146556,846487017000.0,49778497000.0
2014-09-30,Health Care,585382866000.0,0.10680302839148366,0.10698704821126966,-0.00018401981978599657,567204161000.0,18178705000.0
2014-09-30,Industrials,455888257000.0,0.08317675368331501,0.08569432330735735,-0.002517569624042343,454318327000.0,1569930000.0
2014-09-30,Information Technology,784986883000.0,0.14322075554563848,0.14255051347370515,0.0006702420719333357,755747969000.0,29238914000.0
2014-09-30,Materials,255998765000.0,0.04670694165223441,0.04509698836686601,0.0016099532853683998,239086879000.0,16911886000.0
2014-09-30,Real Estate,126552535000.0,0.023089493686375216,0.025720507025858836,-0.00263101333948362,136360231000.0,-9807696000.0
2014-09-30,Utilities,62067659000.0,0.011324236378264487,0.011174973242116856,0.00014926313614763154,59245408000.0,2822251000.0
2014-12-31,Communication Services,425948983000.0,0.07287126187875895,0.065197531639855,0.007673730238903942,357344904000.0,68604079000.0
2014-12-31,Consumer Discretionary,787291540000.0,0.13468967006847254,0.13608059097321662,-0.0013909209047440751,745851944000.0,41439596000.0
2014-12-31,Consumer Staples,307065849000.0,0.05253276047028958,0.05526765416967256,-0.0027348936993829773,302919667000.0,4146182000.0
2014-12-31,ETF - Broad Equity,200947412000.0,0.03437804072350812,0.03504084694371528,-0.00066280622020716,192057395000.0,8890017000.0
2014-12-31,ETF - Commodity,67961987000.0,0.011626922354872275,0.012561054931328267,-0.0009341325764559913,68846609000.0,-884622000.0
2014-12-31,ETF - Fixed Income,78580048000.0,0.013443457983918812,0.014221936246077786,-0.0007784782621589742,77949829000.0,630219000.0
2014-12-31,ETF - International Equity,70771260000.0,0.012107532185256415,0.012160445735660752,-5.291355040433661e-05,66650887000.0,4120373000.0
2014-12-31,ETF - Sector,151062173000.0,0.025843684591347855,0.026558441910913385,-0.0007147573195655302,145565693000.0,5496480000.0
2014-12-31,ETF - Thematic,1023428000.0,0.0001750878456776466,,,,
2014-12-31,Energy,374223816000.0,0.06402213125369641,0.06506676069481064,-0.0010446294411142337,356628154000.0,17595662000.0
2014-12-31,Financials,955931341000.0,0.16354053153854864,0.16352352741743845,1.700412111019234e-05,896265514000.0,59665827000.0
2014-12-31,Health Care,635495663000.0,0.10872046355206004,0.10680302839148366,0.0019174351605763806,585382866000.0,50112797000.0
2014-12-31,Industrials,487109480000.0,0.08333458676365967,0.08317675368331501,0.0001578330803446576,455888257000.0,31221223000.0
2014-12-31,Information Technology,855007460000.0,0.1462744953330538,0.14322075554563848,0.003053739787415327,784986883000.0,70020577000.0
2014-12-31,Materials,257886195000.0,0.04411911567062409,0.04670694165223441,-0.002587825981610316,255998765000.0,1887430000.0
2014-12-31,Real Estate,129293947000.0,0.022119581093530582,0.023089493686375216,-0.0009699125928446344,126552535000.0,2741412000.0
2014-12-31,Utilities,59625259000.0,0.010200676692724557,0.011324236378264487,-0.00112355968553993,62067659000.0,-2442400000.0
2015-03-31,Communication Services,417682413000.0,0.06679497275448194,0.07287126187875895,-0.006076289124277004,425948983000.0,-8266570000.0
2015-03-31,Consumer Discretionary,792621475000.0,0.12675451055499024,0.13468967006847254,-0.00793515951348231,787291540000.0,5329935000.0
2015-03-31,Consumer Staples,309158524000.0,0.04944003995541907,0.05253276047028958,-0.0030927205148705145,307065849000.0,2092675000.0
2015-03-31,ETF - Broad Equity,265593843000.0,0.04247325947847164,0.03437804072350812,0.008095218754963517,200947412000.0,64646431000.0
2015-03-31,ETF - Commodity,110902130000.0,0.017735256551881715,0.011626922354872275,0.00610833419700944,67961987000.0,42940143000.0
2015-03-31,ETF - Fixed Income,139814322000.0,0.022358839007847728,0.013443457983918812,0.008915381023928916,78580048000.0,61234274000.0
2015-03-31,ETF - International Equity,120510801000.0,0.019271856843576976,0.012107532185256415,0.007164324658320561,70771260000.0,49739541000.0
2015-03-31,ETF - Sector,223874307000.0,0.03580155106146048,0.025843684591347855,0.009957866470112629,151062173000.0,72812134000.0
2015-03-31,ETF - Thematic,18152057000.0,0.002902842243330947,0.0001750878456776466,0.0027277543976533007,1023428000.0,17128629000.0
2015-03-31,Energy,377650752000.0,0.06039318607975389,0.06402213125369641,-0.0036289451739425146,374223816000.0,3426936000.0
2015-03-31,Financials,958840169000.0,0.15333588624009856,0.16354053153854864,-0.010204645298450082,955931341000.0,2908828000.0
2015-03-31,Health Care,655149936000.0,0.10477032492440755,0.10872046355206004,-0.003950138627652491,635495663000.0,19654273000.0
2015-03-31,Industrials,470276032000.0,0.07520564373038584,0.08333458676365967,-0.008128943033273828,487109480000.0,-16833448000.0
2015-03-31,Information Technology,935157524000.0,0.14954860293992983,0.1462744953330538,0.00327410760687602,855007460000.0,80150064000.0
2015-03-31,Materials,266233617000.0,0.042575570913114265,0.04411911567062409,-0.0015435447575098266,257886195000.0,8347422000.0
2015-03-31,Real Estate,131796002000.0,0.021076564606850343,0.022119581093530582,-0.0010430164866802386,129293947000.0,2502055000.0
2015-03-31,Utilities,59787434000.0,0.009561092113999033,0.010200676692724557,-0.0006395845787255244,59625259000.0,162175000.0
2015-06-30,Communication Services,423671560000.0,0.06585968252936264,0.06679497275448194,-0.0009352902251193035,417682413000.0,5989147000.0
2015-06-30,Consumer Discretionary,799704894000.0,0.12431400973909508,0.12675451055499024,-0.0024405008158951552,792621475000.0,7083419000.0
2015-06-30,Consumer Staples,302653095000.0,0.047047379704290355,0.04944003995541907,-0.002392660251128713,309158524000.0,-6505429000.0
2015-06-30,ETF - Broad Equity,267137042000.0,0.0415264144186431,0.04247325947847164,-0.0009468450598285397,265593843000.0,1543199000.0
2015-06-30,ETF - Commodity,109729420000.0,0.017057422417806604,0.017735256551881715,-0.0006778341340751108,110902130000.0,-1172710000.0
2015-06-30,ETF - Fixed Income,140537170000.0,0.02184648268525522,0.022358839007847728,-0.0005123563225925068,139814322000.0,722848000.0
2015-06-30,ETF - International Equity,114326493000.0,0.017772036748644162,0.019271856843576976,-0.001499820094932814,120510801000.0,-6184308000.0
2015-06-30,ETF - Sector,222286602000.0,0.034554420028219,0.03580155106146048,-0.0012471310332414845,223874307000.0,-1587705000.0
2015-06-30,ETF - Thematic,19825548000.0,0.0030818785600115347,0.002902842243330947,0.0001790363166805876,18152057000.0,1673491000.0
2015-06-30,Energy,390788703000.0,0.06074804717985174,0.06039318607975389,0.00035486110009784466,377650752000.0,13137951000.0
2015-06-30,Financials,960701116000.0,0.14934084908924355,0.15333588624009856,-0.003995037150855002,958840169000.0,1860947000.0
2015-06-30,Health Care,639077011000.0,0.09934442863305244,0.10477032492440755,-0.005425896291355106,655149936000.0,-16072925000.0
2015-06-30,Industrials,484992474000.0,0.07539200971330284,0.07520564373038584,0.00018636598291700557,470276032000.0,14716442000.0
2015-06-30,Information Technology,1083278870000.0,0.16839554316312075,0.14954860293992983,0.018846940223190917,935157524000.0,148121346000.0
2015-06-30,Materials,288691244000.0,0.04487701199213553,0.042575570913114265,0.002301441079021263,266233617000.0,22457627000.0
2015-06-30,Real Estate,126705657000.0,0.019696375996289,0.021076564606850343,-0.001380188610561342,131796002000.0,-5090345000.0
2015-06-30,Utilities,58835741000.0,0.009146007401676443,0.009561092113999033,-0.0004150847123225894,59787434000.0,-951693000.0
2015-09-30,Communication Services,414445670000.0,0.06726514211168459,0.06585968252936264,0.0014054595823219523,423671560000.0,-9225890000.0
2015-09-30,Consumer Discretionary,740870755000.0,0.12024441375263026,0.12431400973909508,-0.004069595986464822,799704894000.0,-58834139000.0
2015-09-30,Consumer Staples,333444242000.0,0.05411849115097028,0.047047379704290355,0.007071111446679927,302653095000.0,30791147000.0
2015-09-30,ETF - Broad Equity,255240477000.0,0.04142590501201077,0.0415264144186431,-0.00010050940663232366,267137042000.0,-11896565000.0
2015-09-30,ETF - Commodity,114348820000.0,0.018558981754118558,0.017057422417806604,0.0015015593363119535,109729420000.0,4619400000.0
2015-09-30,ETF - Fixed Income,142438791000.0,0.023118025382751713,0.02184648268525522,0.0012715426974964916,140537170000.0,1901621000.0
2015-09-30,ETF - International Equity,103083976000.0,0.016730680996323317,0.017772036748644162,-0.0010413557523208453,114326493000.0,-11242517000.0
2015-09-30,ETF - Sector,204811951000.0,0.033241281034945745,0.034554420028219,-0.0013131389932732537,222286602000.0,-17474651000.0
2015-09-30,ETF - Thematic,17487068000.0,0.002838176869206263,0.0030818785600115347,-0.00024370169080527174,19825548000.0,-2338480000.0
2015-09-30,Energy,371389512000.0,0.060277064309706,0.06074804717985174,-0.000470982870145735,390788703000.0,-19399191000.0
2015-09-30,Financials,959316121000.0,0.1556984181041028,0.14934084908924355,0.006357569014859232,960701116000.0,-1384995000.0
2015-09-30,Health Care,618380481000.0,0.10036406203388945,0.09934442863305244,0.0010196334008370084,639077011000.0,-20696530000.0
2015-09-30,Industrials,448932509000.0,0.07286240682992326,0.07539200971330284,-0.0025296028833795836,484992474000.0,-36059965000.0
2015-09-30,Information Technology,995211397000.0,0.16152427422000368,0.16839554316312075,-0.00687126894311707,1083278870000.0,-88067473000.0
2015-09-30,Materials,261517302000.0,0.04244464294606899,0.04487701199213553,-0.002432369046066536,288691244000.0,-27173942000.0
2015-09-30,Real Estate,125065535000.0,0.02029832036862362,0.019696375996289,0.0006019443723346181,126705657000.0,-1640122000.0
2015-09-30,Utilities,55388981000.0,0.008989713123040706,0.009146007401676443,-0.00015629427863573728,58835741000.0,-3446760000.0
2015-12-31,Communication Services,459797544000.0,0.06888444579476524,0.06726514211168459,0.00161930368308065,414445670000.0,45351874000.0
2015-12-31,Consumer Discretionary,800930749000.0,0.1199912254530251,0.12024441375263026,-0.00025318829960516154,740870755000.0,60059994000.0
2015-12-31,Consumer Staples,332547088000.0,0.04982045284161637,0.05411849115097028,-0.0042980383093539146,333444242000.0,-897154000.0
2015-12-31,ETF - Broad Equity,272867541000.0,0.04087957750632392,0.04142590501201077,-0.0005463275056868527,255240477000.0,17627064000.0
2015-12-31,ETF - Commodity,119447302000.0,0.017894965528458658,0.018558981754118558,-0.0006640162256599004,114348820000.0,5098482000.0
2015-12-31,ETF - Fixed Income,144078926000.0,0.021585145674929904,0.023118025382751713,-0.001532879707821809,142438791000.0,1640135000.0
2015-12-31,ETF - International Equity,113741366000.0,0.01704013225622961,0.016730680996323317,0.0003094512599062932,103083976000.0,10657390000.0
2015-12-31,ETF - Sector,220527974000.0,0.03303833930707642,0.033241281034945745,-0.00020294172786932546,204811951000.0,15716023000.0
2015-12-31,ETF - Thematic,32339565000.0,0.004844943261090553,0.002838176869206263,0.00200676639188429,17487068000.0,14852497000.0
2015-12-31,Energy,400360507000.0,0.059979902030112255,0.060277064309706,-0.0002971622795937476,371389512000.0,28970995000.0
2015-12-31,Financials,1048146954000.0,0.15702785493295565,0.1556984181041028,0.0013294368288528646,959316121000.0,88830833000.0
2015-12-31,Health Care,664363036000.0,0.09953137014013208,0.10036406203388945,-0.0008326918937573702,618380481000.0,45982555000.0
2015-12-31,Industrials,502092873000.0,0.07522090917063803,0.07286240682992326,0.0023585023407147743,448932509000.0,53160364000.0
2015-12-31,Information Technology,1083339283000.0,0.16230018426795542,0.16152427422000368,0.0007759100479517445,995211397000.0,88127886000.0
2015-12-31,Materials,287057961000.0,0.04300551147454658,0.04244464294606899,0.0005608685284775872,261517302000.0,25540659000.0
2015-12-31,Real Estate,132430878000.0,0.019840096486344366,0.02029832036862362,-0.0004582238822792538,125065535000.0,7365343000.0
2015-12-31,Utilities,60841439000.0,0.009114943873799847,0.008989713123040706,0.0001252307507591411,55388981000.0,5452458000.0
2016-03-31,Communication Services,479746326000.0,0.07000406530983996,0.06888444579476524,0.0011196195150747212,459797544000.0,19948782000.0
2016-03-31,Consumer Discretionary,837616163000.0,0.12222404508675604,0.1199912254530251,0.0022328196337309397,800930749000.0,36685414000.0
2016-03-31,Consumer Staples,327156379000.0,0.04773830518515895,0.04982045284161637,-0.0020821476564574157,332547088000.0,-5390709000.0
2016-03-31,ETF - Broad Equity,274819681000.0,0.040101390786165994,0.04087957750632392,-0.0007781867201579265,272867541000.0,1952140000.0
2016-03-31,ETF - Commodity,122562910000.0,0.017884247343259566,0.017894965528458658,-1.0718185199092012e-05,119447302000.0,3115608000.0
2016-03-31,ETF - Fixed Income,148967489000.0,0.02173717496900407,0.021585145674929904,0.00015202929407416577,144078926000.0,4888563000.0
2016-03-31,ETF - International Equity,116167233000.0,0.01695099706880381,0.01704013225622961,-8.913518742580118e-05,113741366000.0,2425867000.0
2016-03-31,ETF - Sector,226374996000.0,0.03303239471707546,0.03303833930707642,-5.944590000958594e-06,220527974000.0,5847022000.0
2016-03-31,ETF - Thematic,34262549000.0,0.004999554114099859,0.004844943261090553,0.0001546108530093059,32339565000.0,1922984000.0
2016-03-31,Energy,383044245000.0,0.05589340218008953,0.059979902030112255,-0.004086499850022726,400360507000.0,-17316262000.0
2016-03-31,Financials,1093669358000.0,0.15958705052136812,0.15702785493295565,0.0025591955884124717,1048146954000.0,45522404000.0
2016-03-31,Health Care,676289253000.0,0.09868339676530402,0.09953137014013208,-0.0008479733748280593,664363036000.0,11926217000.0
2016-03-31,Industrials,495058842000.0,0.07223845109255041,0.07522090917063803,-0.002982458078087627,502092873000.0,-7034031000.0
2016-03-31,Information Technology,1141340178000.0,0.16654312504616528,0.16230018426795542,0.004242940778209858,1083339283000.0,58000895000.0
2016-03-31,Materials,299247427000.0,0.04366586107740108,0.04300551147454658,0.0006603496028545,287057961000.0,12189466000.0
2016-03-31,Real Estate,136841787000.0,0.0199678056403984,0.019840096486344366,0.00012770915405403357,132430878000.0,4410909000.0
2016-03-31,Utilities,59956126000.0,0.008748733096559439,0.009114943873799847,-0.00036621077724040794,60841439000.0,-885313000.0
2016-06-30,Communication Services,483646668000.0,0.06831619634284336,0.07000406530983996,-0.001687868966996603,479746326000.0,3900342000.0
2016-06-30,Consumer Discretionary,847426342000.0,0.11970090604691094,0.12222404508675604,-0.002523139039845093,837616163000.0,9810179000.0
2016-06-30,Consumer Staples,321829311000.0,0.04545912512966594,0.04773830518515895,-0.0022791800554930117,327156379000.0,-5327068000.0
2016-06-30,ETF - Broad Equity,288856886000.0,0.04080169480038333,0.040101390786165994,0.0007003040142173345,274819681000.0,14037205000.0
2016-06-30,ETF - Commodity,124755627000.0,0.01762201721403471,0.017884247343259566,-0.0002622301292248552,122562910000.0,2192717000.0
2016-06-30,ETF - Fixed Income,136992710000.0,0.019350533133205006,0.02173717496900407,-0.0023866418357990637,148967489000.0,-11974779000.0
2016-06-30,ETF - International Equity,124493297000.0,0.0175849625024604,0.01695099706880381,0.00063396543365659,116167233000.0,8326064000.0
2016-06-30,ETF - Sector,236430338000.0,0.033396325170615714,0.03303239471707546,0.0003639304535402524,226374996000.0,10055342000.0
2016-06-30,ETF - Thematic,45057903000.0,0.006364531695987599,0.004999554114099859,0.00136497758188774,34262549000.0,10795354000.0
2016-06-30,Energy,415157220000.0,0.05864190540576415,0.05589340218008953,0.002748503225674624,383044245000.0,32112975000.0
2016-06-30,Financials,1128043564000.0,0.1593387294906471,0.15958705052136812,-0.0002483210307210326,1093669358000.0,34374206000.0
2016-06-30,Health Care,710113677000.0,0.10030517853928533,0.09868339676530402,0.0016217817739813123,676289253000.0,33824424000.0
2016-06-30,Industrials,503859691000.0,0.07117133200140312,0.07223845109255041,-0.0010671190911472894,495058842000.0,8800849000.0
2016-06-30,Information Technology,1186861544000.0,0.16764690348631583,0.16654312504616528,0.0011037784401505546,1141340178000.0,45521366000.0
2016-06-30,Materials,311234641000.0,0.043962603797469704,0.04366586107740108,0.0002967427200686254,299247427000.0,11987214000.0
2016-06-30,Real Estate,152553460000.0,0.021548524606273316,0.0199678056403984,0.0015807189658749166,136841787000.0,15711673000.0
2016-06-30,Utilities,62218680000.0,0.008788530636734463,0.008748733096559439,3.9797540175023904e-05,59956126000.0,2262554000.0
2016-09-30,Communication Services,533390022000.0,0.07280275863127719,0.06831619634284336,0.004486562288433832,483646668000.0,49743354000.0
2016-09-30,Consumer Discretionary,854828062000.0,0.1166760503611904,0.11970090604691094,-0.0030248556857205428,847426342000.0,7401720000.0
2016-09-30,Consumer Staples,321313164000.0,0.043856247321671836,0.04545912512966594,-0.0016028778079941047,321829311000.0,-516147000.0
2016-09-30,ETF - Broad Equity,283924405000.0,0.03875303075456479,0.04080169480038333,-0.002048664045818535,288856886000.0,-4932481000.0
2016-09-30,ETF - Commodity,122042786000.0,0.016657700979353183,0.01762201721403471,-0.0009643162346815275,124755627000.0,-2712841000.0
2016-09-30,ETF - Fixed Income,138385017000.0,0.018888262950738494,0.019350533133205006,-0.0004622701824665114,136992710000.0,1392307000.0
2016-09-30,ETF - International Equity,123926087000.0,0.016914753984617392,0.0175849625024604,-0.0006702085178430066,124493297000.0,-567210000.0
2016-09-30,ETF - Sector,252929290000.0,0.034522486906682914,0.033396325170615714,0.0011261617360672008,236430338000.0,16498952000.0
2016-09-30,ETF - Thematic,48975042000.0,0.006684636034835055,0.006364531695987599,0.00032010433884745604,45057903000.0,3917139000.0
2016-09-30,Energy,401433648000.0,0.05479194543653666,0.05864190540576415,-0.00384995996922749,415157220000.0,-13723572000.0
2016-09-30,Financials,1166376860000.0,0.1591995528774383,0.1593387294906471,-0.00013917661320878016,1128043564000.0,38333296000.0
2016-09-30,Health Care,741151094000.0,0.10116020544116784,0.10030517853928533,0.000855026901882508,710113677000.0,31037417000.0
2016-09-30,Industrials,544971760000.0,0.07438355774893426,0.07117133200140312,0.003212225747531147,503859691000.0,41112069000.0
2016-09-30,Information Technology,1239284887000.0,0.1691508179424673,0.16764690348631583,0.0015039144561514728,1186861544000.0,52423343000.0
2016-09-30,Materials,329222085000.0,0.044935741205786604,0.043962603797469704,0.0009731374083169,311234641000.0,17987444000.0
2016-09-30,Real Estate,162147249000.0,0.022131585790467978,0.021548524606273316,0.0005830611841946623,152553460000.0,9593789000.0
2016-09-30,Utilities,62206933000.0,0.008490665632269799,0.008788530636734463,-0.00029786500446466434,62218680000.0,-11747000.0
2016-12-31,Communication Services,561973484000.0,0.07319724895571836,0.07280275863127719,0.0003944903244411657,533390022000.0,28583462000.0
2016-12-31,Consumer Discretionary,899961772000.0,0.11722034535656746,0.1166760503611904,0.0005442949953770593,854828062000.0,45133710000.0
2016-12-31,Consumer Staples,335228957000.0,0.04366369254300048,0.043856247321671836,-0.00019255477867135412,321313164000.0,13915793000.0
2016-12-31,ETF - Broad Equity,299664759000.0,0.039031442927969784,0.03875303075456479,0.00027841217340499047,283924405000.0,15740354000.0
2016-12-31,ETF - Commodity,131362363000.0,0.017109995154010585,0.016657700979353183,0.00045229417465740204,122042786000.0,9319577000.0
2016-12-31,ETF - Fixed Income,139641992000.0,0.018188419817146445,0.018888262950738494,-0.0006998431335920492,138385017000.0,1256975000.0
2016-12-31,ETF - International Equity,127214026000.0,0.016569672763744183,0.016914753984617392,-0.00034508122087320917,123926087000.0,3287939000.0
2016-12-31,ETF - Sector,261965155000.0,0.03412105591134678,0.034522486906682914,-0.0004014309953361342,252929290000.0,9035865000.0
2016-12-31,ETF - Thematic,53028735000.0,0.006907011857523539,0.006684636034835055,0.00022237582268848453,48975042000.0,4053693000.0
2016-12-31,Energy,424763296000.0,0.05532557248655434,0.05479194543653666,0.0005336270500176793,401433648000.0,23329648000.0
2016-12-31,Financials,1187600977000.0,0.15468545553925697,0.1591995528774383,-0.004514097338181339,1166376860000.0,21224117000.0
2016-12-31,Health Care,773086661000.0,0.10069481639379632,0.10116020544116784,-0.00046538904737152,741151094000.0,31935567000.0
2016-12-31,Industrials,564532292000.0,0.07353053462050228,0.07438355774893426,-0.0008530231284319817,544971760000.0,19560532000.0
2016-12-31,Information Technology,1319619127000.0,0.1718808671865143,0.1691508179424673,0.0027300492440469892,1239284887000.0,80334240000.0
2016-12-31,Materials,373869743000.0,0.048696668854542324,0.044935741205786604,0.00376092764875572,329222085000.0,44647658000.0
2016-12-31,Real Estate,156116032000.0,0.020334169468185965,0.022131585790467978,-0.0017974163222820132,162147249000.0,-6031217000.0
2016-12-31,Utilities,67892558000.0,0.00884303016361987,0.008490665632269799,0.0003523645313500707,62206933000.0,5685625000.0
2017-03-31,Communication Services,616899787000.0,0.07378573155062115,0.07319724895571836,0.000588482594902795,561973484000.0,54926303000.0
2017-03-31,Consumer Discretionary,1002103222000.0,0.11985888288936063,0.11722034535656746,0.002638537532793167,899961772000.0,102141450000.0
2017-03-31,Consumer Staples,371880117000.0,0.044479584950765406,0.04366369254300048,0.0008158924077649246,335228957000.0,36651160000.0
2017-03-31,ETF - Broad Equity,306078071000.0,0.03660917843749873,0.039031442927969784,-0.002422264490471053,299664759000.0,6413312000.0
2017-03-31,ETF - Commodity,132813520000.0,0.015885469470932164,0.017109995154010585,-0.0012245256830784208,131362363000.0,1451157000.0
2017-03-31,ETF - Fixed Income,168747023000.0,0.02018337953980278,0.018188419817146445,0.001994959722656335,139641992000.0,29105031000.0
2017-03-31,ETF - International Equity,133258510000.0,0.015938693533210386,0.016569672763744183,-0.0006309792305337972,127214026000.0,6044484000.0
2017-03-31,ETF - Sector,288621805000.0,0.03452128120670874,0.03412105591134678,0.00040022529536196116,261965155000.0,26656650000.0
2017-03-31,ETF - Thematic,62296908000.0,0.007451166343362254,0.006907011857523539,0.0005441544858387146,53028735000.0,9268173000.0
2017-03-31,Energy,439416307000.0,0.0525574077840739,0.05532557248655434,-0.0027681647024804384,424763296000.0,14653011000.0
2017-03-31,Financials,1246481536000.0,0.1490883186155192,0.15468545553925697,-0.005597136923737783,1187600977000.0,58880559000.0
2017-03-31,Health Care,822577669000.0,0.0983863122396729,0.10069481639379632,-0.0023085041541234252,773086661000.0,49491008000.0
2017-03-31,Industrials,641103281000.0,0.07668064665434621,0.07353053462050228,0.0031501120338439242,564532292000.0,76570989000.0
2017-03-31,Information Technology,1429172652000.0,0.1709395137786963,0.1718808671865143,-0.0009413534078180075,1319619127000.0,109553525000.0
2017-03-31,Materials,451497191000.0,0.05400236996837466,0.048696668854542324,0.005305701113832335,373869743000.0,77627448000.0
2017-03-31,Real Estate,179745187000.0,0.021498840484278203,0.020334169468185965,0.0011646710160922377,156116032000.0,23629155000.0
2017-03-31,Utilities,67999370000.0,0.008133222552776407,0.00884303016361987,-0.0007098076108434624,67892558000.0,106812000.0
2017-06-30,Communication Services,625957745000.0,0.07238334679009192,0.07378573155062115,-0.0014023847605292294,616899787000.0,9057958000.0
2017-06-30,Consumer Discretionary,1054679542000.0,0.12195908693645338,0.11985888288936063,0.0021002040470927547,1002103222000.0,52576320000.0
2017-06-30,Consumer Staples,395136388000.0,0.045692052587332894,0.044479584950765406,0.001212467636567488,371880117000.0,23256271000.0
2017-06-30,ETF - Broad Equity,310900806000.0,0.03595137377526512,0.03660917843749873,-0.0006578046622336131,306078071000.0,4822735000.0
2017-06-30,ETF - Commodity,132137952000.0,0.015279924691639562,0.015885469470932164,-0.0006055447792926022,132813520000.0,-675568000.0
2017-06-30,ETF - Fixed Income,169444549000.0,0.019593916122817082,0.02018337953980278,-0.0005894634169856978,168747023000.0,697526000.0
2017-06-30,ETF - International Equity,135901053000.0,0.015715075221950744,0.015938693533210386,-0.0002236183112596414,133258510000.0,2642543000.0
2017-06-30,ETF - Sector,304860195000.0,0.035252860745704245,0.03452128120670874,0.000731579538995504,288621805000.0,16238390000.0
2017-06-30,ETF - Thematic,64805585000.0,0.00749386866838716,0.007451166343362254,4.270232502490579e-05,62296908000.0,2508677000.0
2017-06-30,Energy,456145740000.0,0.05274693946832322,0.0525574077840739,0.00018953168424931666,439416307000.0,16729433000.0
2017-06-30,Financials,1300247425000.0,0.15035561270465475,0.1490883186155192,0.0012672940891355622,1246481536000.0,53765889000.0
2017-06-30,Health Care,837872559000.0,0.09688836105702112,0.0983863122396729,-0.00149795118265178,822577669000.0,15294890000.0
2017-06-30,Industrials,634903050000.0,0.07341774746510576,0.07668064665434621,-0.0032628991892404424,641103281000.0,-6200231000.0
2017-06-30,Information Technology,1526491874000.0,0.17651765086475493,0.1709395137786963,0.005578137086058643,1429172652000.0,97319222000.0
2017-06-30,Materials,447003644000.0,0.05168978263874152,0.05400236996837466,-0.002312587329633138,451497191000.0,-4493547000.0
2017-06-30,Real Estate,174241118000.0,0.020148572918907374,0.021498840484278203,-0.0013502675653708288,179745187000.0,-5504069000.0
2017-06-30,Utilities,77085124000.0,0.008913827342849217,0.008133222552776407,0.00078060479007281,67999370000.0,9085754000.0
2017-09-30,Communication Services,648687836000.0,0.07118329697217879,0.07238334679009192,-0.0012000498179131347,625957745000.0,22730091000.0
2017-09-30,Consumer Discretionary,1145650313000.0,0.1257171199007169,0.12195908693645338,0.0037580329642635246,1054679542000.0,90970771000.0
2017-09-30,Consumer Staples,412784363000.0,0.04529659763328852,0.045692052587332894,-0.0003954549540443747,395136388000.0,17647975000.0
2017-09-30,ETF - Broad Equity,326845070000.0,0.03586611061672901,0.03595137377526512,-8.526315853610994e-05,310900806000.0,15944264000.0
2017-09-30,ETF - Commodity,138709123000.0,0.015221146670706918,0.015279924691639562,-5.877802093264342e-05,132137952000.0,6571171000.0
2017-09-30,ETF - Fixed Income,168781349000.0,0.01852110094019391,0.019593916122817082,-0.0010728151826231713,169444549000.0,-663200000.0
2017-09-30,ETF - International Equity,143234147000.0,0.01571769695163162,0.015715075221950744,2.6217296808760115e-06,135901053000.0,7333094000.0
2017-09-30,ETF - Sector,323162003000.0,0.035461951886628464,0.035252860745704245,0.00020909114092421827,304860195000.0,18301808000.0
2017-09-30,ETF - Thematic,67894293000.0,0.007450331813120541,0.00749386866838716,-4.353685526661908e-05,64805585000.0,3088708000.0
2017-09-30,Energy,448333129000.0,0.04919751611324055,0.05274693946832322,-0.0035494233550826676,456145740000.0,-7812611000.0
2017-09-30,Financials,1362858381000.0,0.14955229230742936,0.15035561270465475,-0.0008033203972253877,1300247425000.0,62610956000.0
2017-09-30,Health Care,897002280000.0,0.09843190536096545,0.09688836105702112,0.0015435443039443358,837872559000.0,59129721000.0
2017-09-30,Industrials,705188364000.0,0.0773833421102364,0.07341774746510576,0.003965594645130632,634903050000.0,70285314000.0
2017-09-30,Information Technology,1638039709000.0,0.17974911904771454,0.17651765086475493,0.003231468182959607,1526491874000.0,111547835000.0
2017-09-30,Materials,421344163000.0,0.04623590118055352,0.05168978263874152,-0.005453881458188002,447003644000.0,-25659481000.0
2017-09-30,Real Estate,181462321000.0,0.01991263835723264,0.020148572918907374,-0.00023593456167473464,174241118000.0,7221203000.0
2017-09-30,Utilities,82945198000.0,0.009101932137432852,0.008913827342849217,0.0001881047945836347,77085124000.0,5860074000.0
2017-12-31,Communication Services,695613931000.0,0.07073703045724083,0.07118329697217879,-0.0004462665149379541,648687836000.0,46926095000.0
2017-12-31,Consumer Discretionary,1322760856000.0,0.13451164617132713,0.1257171199007169,0.008794526270610226,1145650313000.0,177110543000.0
2017-12-31,Consumer Staples,443669927000.0,0.04511682664843125,0.04529659763328852,-0.0001797709848572679,412784363000.0,30885564000.0
2017-12-31,ETF - Broad Equity,353428991000.0,0.03594021940431624,0.03586611061672901,7.410878758723483e-05,326845070000.0,26583921000.0
2017-12-31,ETF - Commodity,141608402000.0,0.014400168540148464,0.015221146670706918,-0.0008209781305584547,138709123000.0,2899279000.0
2017-12-31,ETF - Fixed Income,164731832000.0,0.016751591792748443,0.01852110094019391,-0.001769509147445468,168781349000.0,-4049517000.0
2017-12-31,ETF - International Equity,158070008000.0,0.01607415043312625,0.01571769695163162,0.0003564534814946285,143234147000.0,14835861000.0
2017-12-31,ETF - Sector,336276165000.0,0.03419594730003926,0.035461951886628464,-0.001266004586589202,323162003000.0,13114162000.0
2017-12-31,ETF - Thematic,72912252000.0,0.007414452127224604,0.007450331813120541,-3.587968589593635e-05,67894293000.0,5017959000.0
2017-12-31,Energy,504319784000.0,0.05128431494997923,0.04919751611324055,0.002086798836738679,448333129000.0,55986655000.0
2017-12-31,Financials,1418588592000.0,0.1442563755075204,0.14955229230742936,-0.005295916799908956,1362858381000.0,55730211000.0
2017-12-31,Health Care,949358007000.0,0.096540283716636,0.09843190536096545,-0.001891621644329447,897002280000.0,52355727000.0
2017-12-31,Industrials,773385432000.0,0.07864561996325281,0.0773833421102364,0.0012622778530164136,705188364000.0,68197068000.0
2017-12-31,Information Technology,1787607786000.0,0.1817819637713421,0.17974911904771454,0.0020328447236275526,1638039709000.0,149568077000.0
2017-12-31,Materials,450106067000.0,0.04577131818593191,0.04623590118055352,-0.00046458299462161234,421344163000.0,28761904000.0
2017-12-31,Real Estate,183086029000.0,0.018618031400047218,0.01991263835723264,-0.0012946069571854214,181462321000.0,1623708000.0
2017-12-31,Utilities,78277648000.0,0.00796005963068784,0.009101932137432852,-0.001141872506745011,82945198000.0,-4667550000.0
2018-03-31,Communication Services,699027157000.0,0.07092366567600697,0.07073703045724083,0.00018663521876613465,695613931000.0,3413226000.0
2018-03-31,Consumer Discretionary,1338981999000.0,0.13585382297710574,0.13451164617132713,0.001342176805778611,1322760856000.0,16221143000.0
2018-03-31,Consumer Staples,434701871000.0,0.04410508212564152,0.04511682664843125,-0.00101174452278973,443669927000.0,-8968056000.0
2018-03-31,ETF - Broad Equity,347900275000.0,0.035298146210206376,0.03594021940431624,-0.000642073194109867,353428991000.0,-5528716000.0
2018-03-31,ETF - Commodity,138367327000.0,0.014038822300906304,0.014400168540148464,-0.0003613462392421593,141608402000.0,-3241075000.0
2018-03-31,ETF - Fixed Income,160796812000.0,0.016314529731576287,0.016751591792748443,-0.0004370620611721561,164731832000.0,-3935020000.0
2018-03-31,ETF - International Equity,161243807000.0,0.016359882081082855,0.01607415043312625,0.0002857316479566059,158070008000.0,3173799000.0
2018-03-31,ETF - Sector,331576198000.0,0.03364189670970607,0.03419594730003926,-0.0005540505903331924,336276165000.0,-4699967000.0
2018-03-31,ETF - Thematic,71113280000.0,0.007215191062804835,0.007414452127224604,-0.00019926106441976905,72912252000.0,-1798972000.0
2018-03-31,Energy,497336390000.0,0.05046001360555469,0.05128431494997923,-0.000824301344424544,504319784000.0,-6983394000.0
2018-03-31,Financials,1416962526000.0,0.14376576855862316,0.1442563755075204,-0.0004906069488972431,1418588592000.0,-1626066000.0
2018-03-31,Health Care,949210149000.0,0.09630736458490519,0.096540283716636,-0.0002329191317308188,949358007000.0,-147858000.0
2018-03-31,Industrials,802422145000.0,0.08141417593451865,0.07864561996325281,0.0027685559712658375,773385432000.0,29036713000.0
2018-03-31,Information Technology,1773534078000.0,0.17994370712707125,0.1817819637713421,-0.0018382566442708415,1787607786000.0,-14073708000.0
2018-03-31,Materials,458043361000.0,0.046473322066768526,0.04577131818593191,0.0007020038808366186,450106067000.0,7937294000.0
2018-03-31,Real Estate,186364688000.0,0.018908659975745902,0.018618031400047218,0.0002906285756986843,183086029000.0,3278659000.0
2018-03-31,Utilities,88467400000.0,0.008975949271775687,0.00796005963068784,0.0010158896410878467,78277648000.0,10189752000.0
2018-06-30,Communication Services,744850798000.0,0.0734883693629806,0.07092366567600697,0.0025647036869736323,699027157000.0,45823641000.0
2018-06-30,Consumer Discretionary,1399394424000.0,0.1380668646546949,0.13585382297710574,0.0022130416775891504,1338981999000.0,60412425000.0
2018-06-30,Consumer Staples,452410625000.0,0.044635676303238524,0.04410508212564152,0.0005305941775970019,434701871000.0,17708754000.0
2018-06-30,ETF - Broad Equity,363730432000.0,0.035886323015488664,0.035298146210206376,0.000588176805282288,347900275000.0,15830157000.0
2018-06-30,ETF - Commodity,138454273000.0,0.013660156881656388,0.014038822300906304,-0.0003786654192499163,138367327000.0,86946000.0
2018-06-30,ETF - Fixed Income,165772671000.0,0.016355440994957306,0.016314529731576287,4.09112633810195e-05,160796812000.0,4975859000.0
2018-06-30,ETF - International Equity,173213528000.0,0.017089569828626246,0.016359882081082855,0.0007296877475433915,161243807000.0,11969721000.0
2018-06-30,ETF - Sector,348287085000.0,0.03436265358855911,0.03364189670970607,0.0007207568788530419,331576198000.0,16710887000.0
2018-06-30,ETF - Thematic,57307483000.0,0.005654063188594089,0.007215191062804835,-0.0015611278742107462,71113280000.0,-13805797000.0
2018-06-30,Energy,504965857000.0,0.04982087354212655,0.05046001360555469,-0.0006391400634281411,497336390000.0,7629467000.0
2018-06-30,Financials,1425585433000.0,0.14065091846594038,0.14376576855862316,-0.0031148500926827805,1416962526000.0,8622907000.0
2018-06-30,Health Care,950122222000.0,0.09374083101984117,0.09630736458490519,-0.002566533565064019,949210149000.0,912073000.0
2018-06-30,Industrials,844596200000.0,0.08332943681449857,0.08141417593451865,0.0019152608799799242,802422145000.0,42174055000.0
2018-06-30,Information Technology,1815168040000.0,0.17908786529808826,0.17994370712707125,-0.0008558418289829894,1773534078000.0,41633962000.0
2018-06-30,Materials,467812762000.0,0.04615527987468456,0.046473322066768526,-0.00031804219208396434,458043361000.0,9769401000.0
2018-06-30,Real Estate,188593377000.0,0.018606974424410633,0.018908659975745902,-0.00030168555133526856,186364688000.0,2228689000.0
2018-06-30,Utilities,95363114000.0,0.009408702741614068,0.008975949271775687,0.000432753469838381,88467400000.0,6895714000.0
2018-09-30,Communication Services,841459371000.0,0.07629165039873799,0.0734883693629806,0.002803281035757388,744850798000.0,96608573000.0
2018-09-30,Consumer Discretionary,1592007192000.0,0.14434072554210173,0.1380668646546949,0.006273860887406835,1399394424000.0,192612768000.0
2018-09-30,Consumer Staples,454843781000.0,0.04123880952784843,0.044635676303238524,-0.003396866775390091,452410625000.0,2433156000.0
2018-09-30,ETF - Broad Equity,388222743000.0,0.03519855480437107,0.035886323015488664,-0.000687768211117594,363730432000.0,24492311000.0
2018-09-30,ETF - Commodity,134485917000.0,0.012193283379950254,0.013660156881656388,-0.0014668735017061337,138454273000.0,-3968356000.0
2018-09-30,ETF - Fixed Income,157835362000.0,0.014310281248578851,0.016355440994957306,-0.002045159746378455,165772671000.0,-7937309000.0
2018-09-30,ETF - International Equity,188552572000.0,0.017095283979916453,0.017089569828626246,5.714151290206471e-06,173213528000.0,15339044000.0
2018-09-30,ETF - Sector,371902172000.0,0.03371883594930613,0.03436265358855911,-0.0006438176392529818,348287085000.0,23615087000.0
2018-09-30,ETF - Thematic,64282363000.0,0.005828216707566705,0.005654063188594089,0.00017415351897261556,57307483000.0,6974880000.0
2018-09-30,Energy,493312853000.0,0.04472664161259905,0.04982087354212655,-0.005094231929527494,504965857000.0,-11653004000.0
2018-09-30,Financials,1527294443000.0,0.13847348751112937,0.14065091846594038,-0.002177430954811016,1425585433000.0,101709010000.0
2018-09-30,Health Care,995841389000.0,0.09028883119085454,0.09374083101984117,-0.0034519998289866266,950122222000.0,45719167000.0
2018-09-30,Industrials,877175758000.0,0.07952990788854618,0.08332943681449857,-0.0037995289259523946,844596200000.0,32579558000.0
2018-09-30,Information Technology,2178893480000.0,0.1975512845435405,0.17908786529808826,0.01846341924545225,1815168040000.0,363725440000.0
2018-09-30,Materials,476517701000.0,0.043203894455769706,0.04615527987468456,-0.002951385418914855,467812762000.0,8704939000.0
2018-09-30,Real Estate,199031746000.0,0.01804538746301801,0.018606974424410633,-0.0005615869613926246,188593377000.0,10438369000.0
2018-09-30,Utilities,87849191000.0,0.007964923796165032,0.009408702741614068,-0.0014437789454490365,95363114000.0,-7513923000.0
2018-12-31,Communication Services,719730117000.0,0.07471480805567125,0.07629165039873799,-0.0015768423430667367,841459371000.0,-121729254000.0
2018-12-31,Consumer Discretionary,1362253612000.0,0.14141483695022986,0.14434072554210173,-0.0029258885918718724,1592007192000.0,-229753580000.0
2018-12-31,Consumer Staples,410575570000.0,0.042621635777536616,0.04123880952784843,0.0013828262496881835,454843781000.0,-44268211000.0
2018-12-31,ETF - Broad Equity,328615686000.0,0.034113422967365886,0.03519855480437107,-0.0010851318370051835,388222743000.0,-59607057000.0
2018-12-31,ETF - Commodity,135343516000.0,0.014049939804755553,0.012193283379950254,0.0018566564248052985,134485917000.0,857599000.0
2018-12-31,ETF - Fixed Income,157639879000.0,0.016364513618657203,0.014310281248578851,0.0020542323700783512,157835362000.0,-195483000.0
2018-12-31,ETF - International Equity,179886521000.0,0.018673925921481864,0.017095283979916453,0.0015786419415654111,188552572000.0,-8666051000.0
2018-12-31,ETF - Sector,333039479000.0,0.034572654611375334,0.03371883594930613,0.0008538186620692043,371902172000.0,-38862693000.0
2018-12-31,ETF - Thematic,50153000000.0,0.005206356771667623,0.005828216707566705,-0.000621859935899082,64282363000.0,-14129363000.0
2018-12-31,Energy,446129297000.0,0.04631244963362642,0.04472664161259905,0.0015858080210273684,493312853000.0,-47183556000.0
2018-12-31,Financials,1322732811000.0,0.13731220321130938,0.13847348751112937,-0.0011612842998199868,1527294443000.0,-204561632000.0
2018-12-31,Health Care,906238523000.0,0.09407614840522231,0.09028883119085454,0.003787317214367772,995841389000.0,-89602866000.0
2018-12-31,Industrials,736914496000.0,0.07649870947679367,0.07952990788854618,-0.003031198411752506,877175758000.0,-140261262000.0
2018-12-31,Information Technology,1890892496000.0,0.19629256377574808,0.1975512845435405,-0.0012587207677924317,2178893480000.0,-288000984000.0
2018-12-31,Materials,398286596000.0,0.04134592379616467,0.043203894455769706,-0.0018579706596050377,476517701000.0,-78231105000.0
2018-12-31,Real Estate,176752943000.0,0.018348630823684153,0.01804538746301801,0.00030324336066614443,199031746000.0,-22278803000.0
2018-12-31,Utilities,77847192000.0,0.008081276398710138,0.007964923796165032,0.00011635260254510595,87849191000.0,-10001999000.0
2019-03-31,Communication Services,832746186000.0,0.07459143043649812,0.07471480805567125,-0.00012337761917313728,719730117000.0,113016069000.0
2019-03-31,Consumer Discretionary,1562472140000.0,0.13995504740717762,0.14141483695022986,-0.0014597895430522312,1362253612000.0,200218528000.0
2019-03-31,Consumer Staples,437883397000.0,0.03922245396705184,0.042621635777536616,-0.0033991818104847776,410575570000.0,27307827000.0
2019-03-31,ETF - Broad Equity,367468374000.0,0.032915181261285384,0.034113422967365886,-0.0011982417060805023,328615686000.0,38852688000.0
2019-03-31,ETF - Commodity,138347142000.0,0.012392144679941323,0.014049939804755553,-0.0016577951248142302,135343516000.0,3003626000.0
2019-03-31,ETF - Fixed Income,164956054000.0,0.014775580163413954,0.016364513618657203,-0.0015889334552432483,157639879000.0,7316175000.0
2019-03-31,ETF - International Equity,203465742000.0,0.01822500180217394,0.018673925921481864,-0.0004489241193079245,179886521000.0,23579221000.0
2019-03-31,ETF - Sector,380405520000.0,0.03407399800776739,0.034572654611375334,-0.0004986566036079415,333039479000.0,47366041000.0
2019-03-31,ETF - Thematic,60147594000.0,0.005387590059492307,0.005206356771667623,0.0001812332878246845,50153000000.0,9994594000.0
2019-03-31,Energy,493561699000.0,0.044209716905360075,0.04631244963362642,-0.002102732728266346,446129297000.0,47432402000.0
2019-03-31,Financials,1494366777000.0,0.13385465747808228,0.13731220321130938,-0.0034575457332270965,1322732811000.0,171633966000.0
2019-03-31,Health Care,1031614018000.0,0.09240458443956574,0.09407614840522231,-0.0016715639656565695,906238523000.0,125375495000.0
2019-03-31,Industrials,826779121000.0,0.0740569435528109,0.07649870947679367,-0.0024417659239827777,736914496000.0,89864625000.0
2019-03-31,Information Technology,2405981230000.0,0.2155105415866356,0.19629256377574808,0.01921797781088752,1890892496000.0,515088734000.0
2019-03-31,Materials,470231360000.0,0.04211995247553125,0.04134592379616467,0.0007740286793665799,398286596000.0,71944764000.0
2019-03-31,Real Estate,202628868000.0,0.018150040631766232,0.018348630823684153,-0.00019859019191792102,176752943000.0,25875925000.0
2019-03-31,Utilities,91044744000.0,0.008155135145446081,0.008081276398710138,7.385874673594348e-05,77847192000.0,13197552000.0
2019-06-30,Communication Services,873258107000.0,0.07371157548947231,0.07459143043649812,-0.0008798549470258044,832746186000.0,40511921000.0
2019-06-30,Consumer Discretionary,1689237953000.0,0.14258830223747487,0.13995504740717762,0.002633254830297249,1562472140000.0,126765813000.0
2019-06-30,Consumer Staples,434505992000.0,0.036676580467103585,0.03922245396705184,-0.0025458734999482535,437883397000.0,-3377405000.0
2019-06-30,ETF - Broad Equity,383627636000.0,0.03238194667096495,0.032915181261285384,-0.0005332345903204319,367468374000.0,16159262000.0
2019-06-30,ETF - Commodity,138020930000.0,0.011650324364892696,0.012392144679941323,-0.0007418203150486267,138347142000.0,-326212000.0
2019-06-30,ETF - Fixed Income,161021631000.0,0.01359180981401923,0.014775580163413954,-0.0011837703493947239,164956054000.0,-3934423000.0
2019-06-30,ETF - International Equity,207473594000.0,0.01751281249336644,0.01822500180217394,-0.0007121893088074989,203465742000.0,4007852000.0
2019-06-30,ETF - Sector,396238655000.0,0.03344644074386987,0.03407399800776739,-0.0006275572638975227,380405520000.0,15833135000.0
2019-06-30,ETF - Thematic,65436200000.0,0.005523459052232089,0.005387590059492307,0.0001358689927397818,60147594000.0,5288606000.0
2019-06-30,Energy,507133354000.0,0.042807044339984904,0.044209716905360075,-0.001402672565375171,493561699000.0,13571655000.0
2019-06-30,Financials,1570398143000.0,0.1325570531076348,0.13385465747808228,-0.001297604370447486,1494366777000.0,76031366000.0
2019-06-30,Health Care,1086453798000.0,0.09170738926458188,0.09240458443956574,-0.0006971951749838584,1031614018000.0,54839780000.0
2019-06-30,Industrials,918438359000.0,0.07752523324911494,0.0740569435528109,0.0034682896963040416,826779121000.0,91659238000.0
2019-06-30,Information Technology,2575386244000.0,0.21738793607232387,0.2155105415866356,0.0018773944856882718,2405981230000.0,169405014000.0
2019-06-30,Materials,528477487000.0,0.0446086991523196,0.04211995247553125,0.0024887466767883545,470231360000.0,58246127000.0
2019-06-30,Real Estate,219701602000.0,0.018544976669745365,0.018150040631766232,0.00039493603797913224,202628868000.0,17072734000.0
2019-06-30,Utilities,92150595000.0,0.0077784168108986015,0.008155135145446081,-0.00037671833454747984,91044744000.0,1105851000.0
2019-09-30,Communication Services,890588279000.0,0.0734436212295747,0.07371157548947231,-0.0002679542598976181,873258107000.0,17330172000.0
2019-09-30,Consumer Discretionary,1754767869000.0,0.14470941259340778,0.14258830223747487,0.0021211103559329036,1689237953000.0,65529916000.0
2019-09-30,Consumer Staples,421399498000.0,0.0347513052296132,0.036676580467103585,-0.0019252752374903856,434505992000.0,-13106494000.0
2019-09-30,ETF - Broad Equity,398900731000.0,0.032895912608080106,0.03238194667096495,0.0005139659371151545,383627636000.0,15273095000.0
2019-09-30,ETF - Commodity,140652437000.0,0.011599102022366295,0.011650324364892696,-5.122234252640141e-05,138020930000.0,2631507000.0
2019-09-30,ETF - Fixed Income,166491075000.0,0.013729921826654438,0.01359180981401923,0.00013811201263520811,161021631000.0,5469444000.0
2019-09-30,ETF - International Equity,205264284000.0,0.016927409310824593,0.01751281249336644,-0.0005854031825418479,207473594000.0,-2209310000.0
2019-09-30,ETF - Sector,407616415000.0,0.03361466380832206,0.03344644074386987,0.0001682230644521887,396238655000.0,11377760000.0
2019-09-30,ETF - Thematic,67776239000.0,0.00558926334744759,0.005523459052232089,6.580429521550139e-05,65436200000.0,2340039000.0
2019-09-30,Energy,525718578000.0,0.0433541256115977,0.042807044339984904,0.0005470812716127996,507133354000.0,18585224000.0
2019-09-30,Financials,1569464255000.0,0.12942808814753853,0.1325570531076348,-0.0031289649600962643,1570398143000.0,-933888000.0
2019-09-30,Health Care,1155377563000.0,0.09527984380099963,0.09170738926458188,0.0035724545364177462,1086453798000.0,68923765000.0
2019-09-30,Industrials,933403062000.0,0.07697440282621688,0.07752523324911494,-0.0005508304228980521,918438359000.0,14964703000.0
2019-09-30,Information Technology,2612371862000.0,0.21543293805635946,0.21738793607232387,-0.00195499801596441,2575386244000.0,36985618000.0
2019-09-30,Materials,555423764000.0,0.04580380576187741,0.0446086991523196,0.0011951066095578083,528477487000.0,26946277000.0
2019-09-30,Real Estate,224400944000.0,0.01850554102643316,0.018544976669745365,-3.943564331220298e-05,219701602000.0,4699342000.0
2019-09-30,Utilities,96531939000.0,0.007960642792686485,0.0077784168108986015,0.00018222598178788303,92150595000.0,4381344000.0
2019-12-31,Communication Services,989341876000.0,0.07463938248846406,0.0734436212295747,0.0011957612588893718,890588279000.0,98753597000.0
2019-12-31,Consumer Discretionary,1960774984000.0,0.14792766540551044,0.14470941259340778,0.0032182528121026677,1754767869000.0,206007115000.0
2019-12-31,Consumer Staples,451521296000.0,0.0340643325946015,0.0347513052296132,-0.000686972635011697,421399498000.0,30121798000.0
2019-12-31,ETF - Broad Equity,437151253000.0,0.03298020671064602,0.032895912608080106,8.429410256591274e-05,398900731000.0,38250522000.0
2019-12-31,ETF - Commodity,139779809000.0,0.010545473593311693,0.011599102022366295,-0.0010536284290546018,140652437000.0,-872628000.0
2019-12-31,ETF - Fixed Income,164446845000.0,0.012406440342545618,0.013729921826654438,-0.0013234814841088204,166491075000.0,-2044230000.0
2019-12-31,ETF - International Equity,220952736000.0,0.016669440740600595,0.016927409310824593,-0.0002579685702239973,205264284000.0,15688452000.0
2019-12-31,ETF - Sector,437455610000.0,0.0330031684583362,0.03361466380832206,-0.0006114953499858564,407616415000.0,29839195000.0
2019-12-31,ETF - Thematic,81105307000.0,0.006118865659960503,0.00558926334744759,0.0005296023125129128,67776239000.0,13329068000.0
2019-12-31,Energy,571445418000.0,0.043111824294580076,0.0433541256115977,-0.00024230131701762775,525718578000.0,45726840000.0
2019-12-31,Financials,1738447858000.0,0.13115453591647327,0.12942808814753853,0.0017264477689347413,1569464255000.0,168983603000.0
2019-12-31,Health Care,1204654487000.0,0.0908833126372561,0.09527984380099963,-0.004396531163743528,1155377563000.0,49276924000.0
2019-12-31,Industrials,1019081037000.0,0.07688300793949573,0.07697440282621688,-9.139488672114948e-05,933403062000.0,85677975000.0
2019-12-31,Information Technology,2878503824000.0,0.21716431208057188,0.21543293805635946,0.0017313740242124176,2612371862000.0,266131962000.0
2019-12-31,Materials,632022781000.0,0.04768199066151907,0.04580380576187741,0.0018781848996416578,555423764000.0,76599017000.0
2019-12-31,Real Estate,229509482000.0,0.017314991336450068,0.01850554102643316,-0.001190549689983094,224400944000.0,5108538000.0
2019-12-31,Utilities,98763343000.0,0.007451049139677143,0.007960642792686485,-0.0005095936530093419,96531939000.0,2231404000.0
2020-03-31,Communication Services,791464708000.0,0.07418344727343852,0.07463938248846406,-0.00045593521502554357,989341876000.0,-197877168000.0
2020-03-31,Consumer Discretionary,1537635520000.0,0.14412152856686342,0.14792766540551044,-0.0038061368386470285,1960774984000.0,-423139464000.0
2020-03-31,Consumer Staples,404860481000.0,0.037947296754718286,0.0340643325946015,0.0038829641601167836,451521296000.0,-46660815000.0
2020-03-31,ETF - Broad Equity,342369430000.0,0.032090053165633,0.03298020671064602,-0.0008901535450130185,437151253000.0,-94781823000.0
2020-03-31,ETF - Commodity,137962571000.0,0.012931137684393778,0.010545473593311693,0.0023856640910820855,139779809000.0,-1817238000.0
2020-03-31,ETF - Fixed Income,163071821000.0,0.015284610561482047,0.012406440342545618,0.002878170218936429,164446845000.0,-1375024000.0
2020-03-31,ETF - International Equity,184952541000.0,0.017335475523643912,0.016669440740600595,0.0006660347830433171,220952736000.0,-36000195000.0
2020-03-31,ETF - Sector,369711804000.0,0.03465283523217037,0.0330031684583362,0.0016496667738341714,437455610000.0,-67743806000.0
2020-03-31,ETF - Thematic,57990665000.0,0.005435425478730426,0.006118865659960503,-0.0006834401812300774,81105307000.0,-23114642000.0
2020-03-31,Energy,459144620000.0,0.04303531207945278,0.043111824294580076,-7.651221512729872e-05,571445418000.0,-112300798000.0
2020-03-31,Financials,1320001273000.0,0.12372281902993863,0.13115453591647327,-0.007431716886534642,1738447858000.0,-418446585000.0
2020-03-31,Health Care,997458559000.0,0.09349111043245212,0.0908833126372561,0.002607797795196015,1204654487000.0,-207195928000.0
2020-03-31,Industrials,818852990000.0,0.07675053226550498,0.07688300793949573,-0.000132475673990759,1019081037000.0,-200228047000.0
2020-03-31,Information Technology,2305395905000.0,0.21608318581271294,0.21716431208057188,-0.001081126267858945,2878503824000.0,-573107919000.0
2020-03-31,Materials,504782677000.0,0.047312936035266207,0.04768199066151907,-0.00036905462625286267,632022781000.0,-127240104000.0
2020-03-31,Real Estate,186007652000.0,0.017434370358050257,0.017314991336450068,0.0001193790216001897,229509482000.0,-43501830000.0
2020-03-31,Utilities,87357125000.0,0.008187923745548333,0.007451049139677143,0.0007368746058711902,98763343000.0,-11406218000.0
2020-06-30,Communication Services,956347630000.0,0.0734910249670026,0.07418344727343852,-0.0006924223064359164,791464708000.0,164882922000.0
2020-06-30,Consumer Discretionary,1938703062000.0,0.14898063284064017,0.14412152856686342,0.004859104273776754,1537635520000.0,401067542000.0
2020-06-30,Consumer Staples,461015630000.0,0.03542698294187066,0.037947296754718286,-0.0025203138128476257,404860481000.0,56155149000.0
2020-06-30,ETF - Broad Equity,416007709000.0,0.03196832612905054,0.032090053165633,-0.00012172703658246131,342369430000.0,73638279000.0
2020-06-30,ETF - Commodity,134192334000.0,0.010312078849794768,0.012931137684393778,-0.00261905883459901,137962571000.0,-3770237000.0
2020-06-30,ETF - Fixed Income,170558055000.0,0.013106621363539536,0.015284610561482047,-0.0021779891979425113,163071821000.0,7486234000.0
2020-06-30,ETF - International Equity,240649303000.0,0.01849281932665507,0.017335475523643912,0.0011573438030111592,184952541000.0,55696762000.0
2020-06-30,ETF - Sector,462301985000.0,0.035525833552732144,0.03465283523217037,0.0008729983205617714,369711804000.0,92590181000.0
2020-06-30,ETF - Thematic,74592777000.0,0.005732120271856644,0.005435425478730426,0.00029669479312621847,57990665000.0,16602112000.0
2020-06-30,Energy,557185463000.0,0.04281720316762212,0.04303531207945278,-0.00021810891183065423,459144620000.0,98040843000.0
2020-06-30,Financials,1632168111000.0,0.12542479704356718,0.12372281902993863,0.0017019780136285495,1320001273000.0,312166838000.0
2020-06-30,Health Care,1187812195000.0,0.09127803838323431,0.09349111043245212,-0.002213072049217807,997458559000.0,190353636000.0
2020-06-30,Industrials,966681001000.0,0.07428509817044046,0.07675053226550498,-0.0024654340950645143,818852990000.0,147828011000.0
2020-06-30,Information Technology,2876250598000.0,0.22102695492534882,0.21608318581271294,0.004943769112635887,2305395905000.0,570854693000.0
2020-06-30,Materials,635613009000.0,0.048844008233460724,0.047312936035266207,0.0015310721981945177,504782677000.0,130830332000.0
2020-06-30,Real Estate,216702842000.0,0.01665264122821366,0.017434370358050257,-0.0007817291298365982,186007652000.0,30695190000.0
2020-06-30,Utilities,86339700000.0,0.006634818604970574,0.008187923745548333,-0.0015531051405777586,87357125000.0,-1017425000.0
2020-09-30,Communication Services,1046996600000.0,0.07388870008778776,0.0734910249670026,0.00039767512078515976,956347630000.0,90648970000.0
2020-09-30,Consumer Discretionary,2121053812000.0,0.14968712313385446,0.14898063284064017,0.0007064902932142902,1938703062000.0,182350750000.0
2020-09-30,Consumer Staples,479305531000.0,0.0338255755849416,0.03542698294187066,-0.0016014073569290618,461015630000.0,18289901000.0
2020-09-30,ETF - Broad Equity,460261234000.0,0.032481580437855394,0.03196832612905054,0.0005132543088048544,416007709000.0,44253525000.0
2020-09-30,ETF - Commodity,146104334000.0,0.01031088287817933,0.010312078849794768,-1.1959716154381211e-06,134192334000.0,11912000000.0
2020-09-30,ETF - Fixed Income,177315847000.0,0.012513543443975905,0.013106621363539536,-0.000593077919563631,170558055000.0,6757792000.0
2020-09-30,ETF - International Equity,256906123000.0,0.01813039266131649,0.01849281932665507,-0.00036242666533858187,240649303000.0,16256820000.0
2020-09-30,ETF - Sector,461190438000.0,0.03254715627227202,0.035525833552732144,-0.0029786772804601264,462301985000.0,-1111547000.0
2020-09-30,ETF - Thematic,76343204000.0,0.005387696678381572,0.005732120271856644,-0.000344423593475072,74592777000.0,1750427000.0
2020-09-30,Energy,614685289000.0,0.043379603111696974,0.04281720316762212,0.0005623999440748512,557185463000.0,57499826000.0
2020-09-30,Financials,1789900548000.0,0.12631695726436837,0.12542479704356718,0.0008921602208011858,1632168111000.0,157732437000.0
2020-09-30,Health Care,1317154414000.0,0.09295429179555297,0.09127803838323431,0.001676253412318654,1187812195000.0,129342219000.0
2020-09-30,Industrials,1013168612000.0,0.07150138950826412,0.07428509817044046,-0.0027837086621763374,966681001000.0,46487611000.0
2020-09-30,Information Technology,3203781408000.0,0.226097432983586,0.22102695492534882,0.005070478058237182,2876250598000.0,327530810000.0
2020-09-30,Materials,688027367000.0,0.048555504165393934,0.048844008233460724,-0.00028850406806679024,635613009000.0,52414358000.0
2020-09-30,Real Estate,232171202000.0,0.0163847984927546,0.01665264122821366,-0.000267842735459059,216702842000.0,15468360000.0
2020-09-30,Utilities,85549041000.0,0.006037371499818489,0.006634818604970574,-0.000597447105152085,86339700000.0,-790659000.0
2020-12-31,Communication Services,1178177098000.0,0.07463019892664671,0.07388870008778776,0.0007414988388589477,1046996600000.0,131180498000.0
2020-12-31,Consumer Discretionary,2351174875000.0,0.14893232004802026,0.14968712313385446,-0.0007548030858341992,2121053812000.0,230121063000.0
2020-12-31,Consumer Staples,514189580000.0,0.03257071513828469,0.0338255755849416,-0.0012548604466569094,479305531000.0,34884049000.0
2020-12-31,ETF - Broad Equity,526840390000.0,0.03337206534996841,0.032481580437855394,0.000890484912113014,460261234000.0,66579156000.0
2020-12-31,ETF - Commodity,149505063000.0,0.009470216838513738,0.01031088287817933,-0.0008406660396655923,146104334000.0,3400729000.0
2020-12-31,ETF - Fixed Income,180733345000.0,0.011448334476136855,0.012513543443975905,-0.00106520896783905,177315847000.0,3417498000.0
2020-12-31,ETF - International Equity,277532256000.0,0.0175799440584959,0.01813039266131649,-0.0005504486028205906,256906123000.0,20626133000.0
2020-12-31,ETF - Sector,541513342000.0,0.03430150569341085,0.03254715627227202,0.0017543494211388344,461190438000.0,80322904000.0
2020-12-31,ETF - Thematic,89874021000.0,0.005692960826478079,0.005387696678381572,0.0003052641480965068,76343204000.0,13530817000.0
2020-12-31,Energy,661676540000.0,0.041913097690594654,0.043379603111696974,-0.0014665054211023196,614685289000.0,46991251000.0
2020-12-31,Financials,2018471373000.0,0.12785762034455342,0.12631695726436837,0.0015406630801850507,1789900548000.0,228570825000.0
2020-12-31,Health Care,1435965221000.0,0.09095947483353323,0.09295429179555297,-0.001994816962019738,1317154414000.0,118810807000.0
2020-12-31,Industrials,1122771451000.0,0.07112059543470245,0.07150138950826412,-0.0003807940735616744,1013168612000.0,109602839000.0
2020-12-31,Information Technology,3621971786000.0,0.22942940866423284,0.226097432983586,0.0033319756806468315,3203781408000.0,418190378000.0
2020-12-31,Materials,778791008000.0,0.04933157158460036,0.048555504165393934,0.0007760674192064249,688027367000.0,90763641000.0
2020-12-31,Real Estate,244406633000.0,0.015481641657052425,0.0163847984927546,-0.0009031568357021746,232171202000.0,12235431000.0
2020-12-31,Utilities,93274001000.0,0.00590832843477513,0.006037371499818489,-0.00012904306504335928,85549041000.0,7724960000.0
2021-03-31,Communication Services,1302630084000.0,0.0759007477393644,0.07463019892664671,0.0012705488127176812,1178177098000.0,124452986000.0
2021-03-31,Consumer Discretionary,2570997088000.0,0.14980507805846777,0.14893232004802026,0.0008727580104475052,2351174875000.0,219822213000.0
2021-03-31,Consumer Staples,579603395000.0,0.033771929278407616,0.03257071513828469,0.0012012141401229262,514189580000.0,65413815000.0
2021-03-31,ETF - Broad Equity,576437284000.0,0.033587448515006314,0.03337206534996841,0.0002153831650379065,526840390000.0,49596894000.0
2021-03-31,ETF - Commodity,148373983000.0,0.008645352501138567,0.009470216838513738,-0.000824864337375171,149505063000.0,-1131080000.0
2021-03-31,ETF - Fixed Income,180245104000.0,0.010502396910679286,0.011448334476136855,-0.0009459375654575688,180733345000.0,-488241000.0
2021-03-31,ETF - International Equity,297125829000.0,0.017312722061913106,0.0175799440584959,-0.0002672219965827935,277532256000.0,19593573000.0
2021-03-31,ETF - Sector,574557672000.0,0.03347792858451169,0.03430150569341085,-0.0008235771088991595,541513342000.0,33044330000.0
2021-03-31,ETF - Thematic,93701844000.0,0.005459754163145271,0.005692960826478079,-0.00023320666333280764,89874021000.0,3827823000.0
2021-03-31,Energy,700877640000.0,0.0408382530107458,0.041913097690594654,-0.0010748446798488562,661676540000.0,39201100000.0
2021-03-31,Financials,2225986487000.0,0.12970223925906268,0.12785762034455342,0.0018446189145092662,2018471373000.0,207515114000.0
2021-03-31,Health Care,1540172620000.0,0.08974171174269911,0.09095947483353323,-0.0012177630908341147,1435965221000.0,104207399000.0
2021-03-31,Industrials,1230131094000.0,0.07167642679135479,0.07112059543470245,0.0005558313566523393,1122771451000.0,107359643000.0
2021-03-31,Information Technology,3977996591000.0,0.23178715083440565,0.22942940866423284,0.0023577421701728163,3621971786000.0,356024805000.0
2021-03-31,Materials,824147901000.0,0.048020879221247634,0.04933157158460036,-0.001310692363352725,778791008000.0,45356893000.0
2021-03-31,Real Estate,245919271000.0,0.014329053797915655,0.015481641657052425,-0.0011525878591367705,244406633000.0,1512638000.0
2021-03-31,Utilities,93378736000.0,0.005440927529934665,0.00590832843477513,-0.00046740090484046534,93274001000.0,104735000.0
2021-06-30,Communication Services,1443763329000.0,0.07648668487191822,0.0759007477393644,0.0005859371325538237,1302630084000.0,141133245000.0
2021-06-30,Consumer Discretionary,2870596052000.0,0.15207643192875178,0.14980507805846777,0.0022713538702840153,2570997088000.0,299598964000.0
2021-06-30,Consumer Staples,589907668000.0,0.0312517162609303,0.033771929278407616,-0.0025202130174773185,579603395000.0,10304273000.0
2021-06-30,ETF - Broad Equity,613293348000.0,0.03249062647616234,0.033587448515006314,-0.001096822038843974,576437284000.0,36856064000.0
2021-06-30,ETF - Commodity,151697441000.0,0.008036521036782342,0.008645352501138567,-0.0006088314643562243,148373983000.0,3323458000.0
2021-06-30,ETF - Fixed Income,173028409000.0,0.009166578155326162,0.010502396910679286,-0.0013358187553531246,180245104000.0,-7216695000.0
2021-06-30,ETF - International Equity,315577912000.0,0.016718466124500064,0.017312722061913106,-0.0005942559374130414,297125829000.0,18452083000.0
2021-06-30,ETF - Sector,680346101000.0,0.03604290037416877,0.03347792858451169,0.002564971789657075,574557672000.0,105788429000.0
2021-06-30,ETF - Thematic,111433059000.0,0.0059034227403118025,0.005459754163145271,0.0004436685771665311,93701844000.0,17731215000.0
2021-06-30,Energy,771808468000.0,0.04088832974742634,0.0408382530107458,5.007673668053908e-05,700877640000.0,70930828000.0
2021-06-30,Financials,2425824217000.0,0.12851362042064082,0.12970223925906268,-0.0011886188384218621,2225986487000.0,199837730000.0
2021-06-30,Health Care,1636913157000.0,0.08671924150399016,0.08974171174269911,-0.0030224702387089547,1540172620000.0,96740537000.0
2021-06-30,Industrials,1329092972000.0,0.07041175882009483,0.07167642679135479,-0.0012646679712599584,1230131094000.0,98961878000.0
2021-06-30,Information Technology,4523195887000.0,0.2396267112993875,0.23178715083440565,0.007839560464981854,3977996591000.0,545199296000.0
2021-06-30,Materials,884626222000.0,0.04686510989194793,0.048020879221247634,-0.0011557693292997065,824147901000.0,60478321000.0
2021-06-30,Real Estate,249947404000.0,0.013241538928366861,0.014329053797915655,-0.0010875148695487936,245919271000.0,4028133000.0
2021-06-30,Utilities,104957053000.0,0.005560341419293812,0.005440927529934665,0.0001194138893591476,93378736000.0,11578317000.0
2021-09-30,Communication Services,1674493433000.0,0.08719519364173157,0.07648668487191822,0.010708508769813357,1443763329000.0,230730104000.0
2021-09-30,Consumer Discretionary,2932272877000.0,0.15269101465649784,0.15207643192875178,0.0006145827277460603,2870596052000.0,61676825000.0
2021-09-30,Consumer Staples,565506110000.0,0.029447362285972226,0.0312517162609303,-0.0018043539749580707,589907668000.0,-24401558000.0
2021-09-30,ETF - Broad Equity,617745919000.0,0.03216762393155019,0.03249062647616234,-0.00032300254461214983,613293348000.0,4452571000.0
2021-09-30,ETF - Commodity,160288925000.0,0.008346657907735127,0.008036521036782342,0.00031013687095278464,151697441000.0,8591484000.0
2021-09-30,ETF - Fixed Income,168716616000.0,0.008785509523522668,0.009166578155326162,-0.00038106863180349324,173028409000.0,-4311793000.0
2021-09-30,ETF - International Equity,324038440000.0,0.016873517665903334,0.016718466124500064,0.00015505154140326924,315577912000.0,8460528000.0
2021-09-30,ETF - Sector,644305033000.0,0.03355062552626759,0.03604290037416877,-0.0024922748479011755,680346101000.0,-36041068000.0
2021-09-30,ETF - Thematic,115289708000.0,0.006003432570021127,0.0059034227403118025,0.00010000982970932455,111433059000.0,3856649000.0
2021-09-30,Energy,759960320000.0,0.039573094738098204,0.04088832974742634,-0.0013152350093281334,771808468000.0,-11848148000.0
2021-09-30,Financials,2403968711000.0,0.12518085358433823,0.12851362042064082,-0.0033327668363025975,2425824217000.0,-21855506000.0
2021-09-30,Health Care,1589795506000.0,0.08278475404234364,0.08671924150399016,-0.003934487461646513,1636913157000.0,-47117651000.0
2021-09-30,Industrials,1329253975000.0,0.06921768426497402,0.07041175882009483,-0.0011940745551208137,1329092972000.0,161003000.0
2021-09-30,Information Technology,4639466631000.0,0.24158899838718986,0.2396267112993875,0.0019622870878023557,4523195887000.0,116270744000.0
2021-09-30,Materials,914039281000.0,0.047596383797191104,0.04686510989194793,0.0007312739052431766,884626222000.0,29413059000.0
2021-09-30,Real Estate,260124742000.0,0.013545366498726345,0.013241538928366861,0.00030382757035948317,249947404000.0,10177338000.0
2021-09-30,Utilities,104698614000.0,0.00545192697793692,0.005560341419293812,-0.00010841444135689226,104957053000.0,-258439000.0
2021-12-31,Communication Services,1864752711000.0,0.08621567514654042,0.08719519364173157,-0.0009795184951911506,1674493433000.0,190259278000.0
2021-12-31,Consumer Discretionary,3273217651000.0,0.15133517061959545,0.15269101465649784,-0.0013558440369023927,2932272877000.0,340944774000.0
2021-12-31,Consumer Staples,584742246000.0,0.02703519197382437,0.029447362285972226,-0.002412170312147858,565506110000.0,19236136000.0
2021-12-31,ETF - Broad Equity,664883254000.0,0.030740461348624754,0.03216762393155019,-0.0014271625829254363,617745919000.0,47137335000.0
2021-12-31,ETF - Commodity,163052536000.0,0.007538632008775553,0.008346657907735127,-0.0008080258989595739,160288925000.0,2763611000.0
2021-12-31,ETF - Fixed Income,174538958000.0,0.008069699544919264,0.008785509523522668,-0.0007158099786034045,168716616000.0,5822342000.0
2021-12-31,ETF - International Equity,314867364000.0,0.014557695617620957,0.016873517665903334,-0.0023158220482823767,324038440000.0,-9171076000.0
2021-12-31,ETF - Sector,741899274000.0,0.03430124885799841,0.03355062552626759,0.0007506233317308153,644305033000.0,97594241000.0
2021-12-31,ETF - Thematic,125727163000.0,0.005812916736016552,0.006003432570021127,-0.00019051583400457508,115289708000.0,10437455000.0
2021-12-31,Energy,817823720000.0,0.03781156812628719,0.039573094738098204,-0.001761526611811011,759960320000.0,57863400000.0
2021-12-31,Financials,2736242806000.0,0.12650847455137673,0.12518085358433823,0.0013276209670385064,2403968711000.0,332274095000.0
2021-12-31,Health Care,1683358273000.0,0.07782901677208465,0.08278475404234364,-0.0049557372702589975,1589795506000.0,93562767000.0
2021-12-31,Industrials,1561831323000.0,0.07221029425679137,0.06921768426497402,0.0029926099918173577,1329253975000.0,232577348000.0
2021-12-31,Information Technology,5496206184000.0,0.2541136549113995,0.24158899838718986,0.012524656524209615,4639466631000.0,856739553000.0
2021-12-31,Materials,1000339993000.0,0.04625009384023388,0.047596383797191104,-0.0013462899569572223,914039281000.0,86300712000.0
2021-12-31,Real Estate,312727588000.0,0.014458764412741017,0.013545366498726345,0.0009133979140146728,260124742000.0,52602846000.0
2021-12-31,Utilities,112717893000.0,0.0052114412751699726,0.00545192697793692,-0.00024048570276694742,104698614000.0,8019279000.0
2022-03-31,Communication Services,1838648337000.0,0.08653768919881145,0.08621567514654042,0.0003220140522710302,1864752711000.0,-26104374000.0
2022-03-31,Consumer Discretionary,3206386260000.0,0.1509115430261961,0.15133517061959545,-0.0004236275933993394,3273217651000.0,-66831391000.0
2022-03-31,Consumer Staples,553185982000.0,0.026036211284189308,0.02703519197382437,-0.0009989806896350609,584742246000.0,-31556264000.0
2022-03-31,ETF - Broad Equity,647932198000.0,0.030495529810726802,0.030740461348624754,-0.0002449315378979522,664883254000.0,-16951056000.0
2022-03-31,ETF - Commodity,168152793000.0,0.007914267152515352,0.007538632008775553,0.00037563514373979874,163052536000.0,5100257000.0
2022-03-31,ETF - Fixed Income,175875596000.0,0.008277748038070711,0.008069699544919264,0.00020804849315144737,174538958000.0,1336638000.0
2022-03-31,ETF - International Equity,304393718000.0,0.014326572641582118,0.014557695617620957,-0.00023112297603883857,314867364000.0,-10473646000.0
2022-03-31,ETF - Sector,696138226000.0,0.03276439122627067,0.03430124885799841,-0.0015368576317277352,741899274000.0,-45761048000.0
2022-03-31,ETF - Thematic,116275250000.0,0.0054726024784227684,0.005812916736016552,-0.0003403142575937835,125727163000.0,-9451913000.0
2022-03-31,Energy,822494391000.0,0.03871146131851297,0.03781156812628719,0.0008998931922257758,817823720000.0,4670671000.0
2022-03-31,Financials,2689821825000.0,0.12659895881548872,0.12650847455137673,9.048426411198407e-05,2736242806000.0,-46420981000.0
2022-03-31,Health Care,1642132245000.0,0.0772884770738824,0.07782901677208465,-0.0005405396982022526,1683358273000.0,-41226028000.0
2022-03-31,Industrials,1533975468000.0,0.07219797805652127,0.07221029425679137,-1.2316200270104383e-05,1561831323000.0,-27855855000.0
2022-03-31,Information Technology,5485639069000.0,0.25818669032955993,0.2541136549113995,0.004073035418160453,5496206184000.0,-10567115000.0
2022-03-31,Materials,982003409000.0,0.04621890118415576,0.04625009384023388,-3.1192656078121717e-05,1000339993000.0,-18336584000.0
2022-03-31,Real Estate,269201256000.0,0.01267020677900174,0.014458764412741017,-0.0017885576337392777,312727588000.0,-43526332000.0
2022-03-31,Utilities,114536606000.0,0.005390771586091899,0.0052114412751699726,0.00017933031092192634,112717893000.0,1818713000.0
2022-06-30,Communication Services,1657779403000.0,0.09231391761493994,0.08653768919881145,0.005776228416128487,1838648337000.0,-180868934000.0
2022-06-30,Consumer Discretionary,2659723310000.0,0.14810744908131507,0.1509115430261961,-0.002804093944881042,3206386260000.0,-546662950000.0
2022-06-30,Consumer Staples,513825484000.0,0.028612518235294208,0.026036211284189308,0.0025763069511049,553185982000.0,-39360498000.0
2022-06-30,ETF - Broad Equity,532302186000.0,0.029641398641901476,0.030495529810726802,-0.0008541311688253263,647932198000.0,-115630012000.0
2022-06-30,ETF - Commodity,167750462000.0,0.009341232193446496,0.007914267152515352,0.0014269650409311444,168152793000.0,-402331000.0
2022-06-30,ETF - Fixed Income,181347546000.0,0.010098389683706025,0.008277748038070711,0.0018206416456353139,175875596000.0,5471950000.0
2022-06-30,ETF - International Equity,276158810000.0,0.015377981888812172,0.014326572641582118,0.0010514092472300538,304393718000.0,-28234908000.0
2022-06-30,ETF - Sector,579691600000.0,0.032280291640511306,0.03276439122627067,-0.00048409958575936635,696138226000.0,-116446626000.0
2022-06-30,ETF - Thematic,88461571000.0,0.004926007744217438,0.0054726024784227684,-0.0005465947342053303,116275250000.0,-27813679000.0
2022-06-30,Energy,680160031000.0,0.03787490479920566,0.03871146131851297,-0.0008365565193073077,822494391000.0,-142334360000.0
2022-06-30,Financials,2291765801000.0,0.12761763052635228,0.12659895881548872,0.0010186717108635612,2689821825000.0,-398056024000.0
2022-06-30,Health Care,1427031511000.0,0.0794646556121902,0.0772884770738824,0.002176178538307802,1642132245000.0,-215100734000.0
2022-06-30,Industrials,1321549271000.0,0.07359084707314219,0.07219797805652127,0.0013928690166209179,1533975468000.0,-212426197000.0
2022-06-30,Information Technology,4414562297000.0,0.24582615724010057,0.25818669032955993,-0.012360533089459363,5485639069000.0,-1071076772000.0
2022-06-30,Materials,830724077000.0,0.04625910652897949,0.04621890118415576,4.020534482373356e-05,982003409000.0,-151279332000.0
2022-06-30,Real Estate,235182737000.0,0.01309621760807586,0.01267020677900174,0.0004260108290741211,269201256000.0,-34018519000.0
2022-06-30,Utilities,100049662000.0,0.005571293887809624,0.005390771586091899,0.00018052230171772526,114536606000.0,-14486944000.0
2022-09-30,Communication Services,1612726161000.0,0.0948692460035281,0.09231391761493994,0.0025553283885881573,1657779403000.0,-45053242000.0
2022-09-30,Consumer Discretionary,2587071299000.0,0.15218547911525943,0.14810744908131507,0.004078030033944358,2659723310000.0,-72652011000.0
2022-09-30,Consumer Staples,488046477000.0,0.028709524535125475,0.028612518235294208,9.700629983126763e-05,513825484000.0,-25779007000.0
2022-09-30,ETF - Broad Equity,502564952000.0,0.029563579494782742,0.029641398641901476,-7.781914711873367e-05,532302186000.0,-29737234000.0
2022-09-30,ETF - Commodity,165407864000.0,0.009730182172405474,0.009341232193446496,0.00038894997895897766,167750462000.0,-2342598000.0
2022-09-30,ETF - Fixed Income,176432244000.0,0.010378695629648495,0.010098389683706025,0.00028030594594247,181347546000.0,-4915302000.0
2022-09-30,ETF - International Equity,255848939000.0,0.015050413716041067,0.015377981888812172,-0.000327568172771105,276158810000.0,-20309871000.0
2022-09-30,ETF - Sector,566030765000.0,0.033296980720554085,0.032280291640511306,0.0010166890800427791,579691600000.0,-13660835000.0
2022-09-30,ETF - Thematic,85187574000.0,0.005011192296427164,0.004926007744217438,8.518455220972616e-05,88461571000.0,-3273997000.0
2022-09-30,Energy,625411721000.0,0.03679008863863707,0.03787490479920566,-0.0010848161605685885,680160031000.0,-54748310000.0
2022-09-30,Financials,2186075949000.0,0.12859677110928763,0.12761763052635228,0.000979140582935356,2291765801000.0,-105689852000.0
2022-09-30,Health Care,1377316408000.0,0.08102117538307092,0.0794646556121902,0.0015565197708807266,1427031511000.0,-49715103000.0
2022-09-30,Industrials,1214927242000.0,0.07146856929896725,0.07359084707314219,-0.0021222777741749382,1321549271000.0,-106622029000.0
2022-09-30,Information Technology,4038628814000.0,0.23757391660015548,0.24582615724010057,-0.008252240639945091,4414562297000.0,-375933483000.0
2022-09-30,Materials,803945742000.0,0.04729242212081096,0.04625910652897949,0.0010333155918314657,830724077000.0,-26778335000.0
2022-09-30,Real Estate,215392165000.0,0.012670528191808451,0.01309621760807586,-0.00042568941626740936,235182737000.0,-19790572000.0
2022-09-30,Utilities,98447880000.0,0.0057912349734902165,0.005571293887809624,0.00021994108568059237,100049662000.0,-1601782000.0
2022-12-31,Communication Services,1807067910508.0,0.09856946415534999,0.0948692460035281,0.0037002181518218935,1612726161000.0,194341749508.0
2022-12-31,Consumer Discretionary,2786439919535.0,0.1519909064692705,0.15218547911525943,-0.00019457264598893298,2587071299000.0,199368620535.0
2022-12-31,Consumer Staples,481884979040.0,0.02628520150918511,0.028709524535125475,-0.002424323025940367,488046477000.0,-6161497960.0
2022-12-31,ETF - Broad Equity,542791591302.0,0.029607451934458448,0.029563579494782742,4.387243967570592e-05,502564952000.0,40226639302.0
2022-12-31,ETF - Commodity,168536027013.0,0.009193072256411725,0.009730182172405474,-0.0005371099159937488,165407864000.0,3128163013.0
2022-12-31,ETF - Fixed Income,186930584060.0,0.010196433348130796,0.010378695629648495,-0.00018226228151769878,176432244000.0,10498340060.0
2022-12-31,ETF - International Equity,264403790829.0,0.01442233566935026,0.015050413716041067,-0.0006280780466908064,255848939000.0,8554851829.0
2022-12-31,ETF - Sector,603243105854.0,0.03290487831346758,0.033296980720554085,-0.0003921024070865087,566030765000.0,37212340854.0
2022-12-31,ETF - Thematic,90228722534.0,0.0049216727162721425,0.005011192296427164,-8.951958015502182e-05,85187574000.0,5041148534.0
2022-12-31,Energy,648256380668.0,0.03536020074628427,0.03679008863863707,-0.0014298878923528005,625411721000.0,22844659668.0
2022-12-31,Financials,2348810188347.0,0.12811967957690404,0.12859677110928763,-0.0004770915323835945,2186075949000.0,162734239347.0
2022-12-31,Health Care,1603472025627.0,0.08746399481451436,0.08102117538307092,0.006442819431443439,1377316408000.0,226155617627.0
2022-12-31,Industrials,1295653826739.0,0.07067354950517037,0.07146856929896725,-0.0007950197937968834,1214927242000.0,80726584739.0
2022-12-31,Information Technology,4309838548029.0,0.23508716734163349,0.23757391660015548,-0.002486749258521992,4038628814000.0,271209734029.0
2022-12-31,Materials,870456325156.0,0.04748045883740028,0.04729242212081096,0.0001880367165893182,803945742000.0,66510583156.0
2022-12-31,Real Estate,223323668762.0,0.01218155346297361,0.012670528191808451,-0.0004889747288348411,215392165000.0,7931503762.0
2022-12-31,Utilities,101600765690.0,0.005541979343223046,0.0057912349734902165,-0.00024925563026717036,98447880000.0,3152885690.0
2023-03-31,Communication Services,1994906770316.0,0.10094259110495375,0.09856946415534999,0.00237312694960376,1807067910508.0,187838859808.0
2023-03-31,Consumer Discretionary,3011760354518.0,0.1523955397294401,0.1519909064692705,0.00040463326016959567,2786439919535.0,225320434983.0
2023-03-31,Consumer Staples,514736514312.0,0.026045747231964594,0.02628520150918511,-0.00023945427722051396,481884979040.0,32851535272.0
2023-03-31,ETF - Broad Equity,568384272384.0,0.028760332087427076,0.029607451934458448,-0.0008471198470313725,542791591302.0,25592681082.0
2023-03-31,ETF - Commodity,174481405359.0,0.008828786095994514,0.009193072256411725,-0.0003642861604172109,168536027013.0,5945378346.0
2023-03-31,ETF - Fixed Income,185836323002.0,0.009403346684851613,0.010196433348130796,-0.0007930866632791835,186930584060.0,-1094261058.0
2023-03-31,ETF - International Equity,277088510415.0,0.014020721480769507,0.01442233566935026,-0.00040161418858075323,264403790829.0,12684719586.0
2023-03-31,ETF - Sector,635362988805.0,0.03214946549707944,0.03290487831346758,-0.0007554128163881346,603243105854.0,32119882951.0
2023-03-31,ETF - Thematic,101885857065.0,0.005155440124884101,0.0049216727162721425,0.00023376740861195868,90228722534.0,11657134531.0
2023-03-31,Energy,689306471574.0,0.034879014067946114,0.03536020074628427,-0.000481186678338158,648256380668.0,41050090906.0
2023-03-31,Financials,2456277687509.0,0.12428803086931593,0.12811967957690404,-0.003831648707588106,2348810188347.0,107467499162.0
2023-03-31,Health Care,1694692293749.0,0.08575169216029276,0.08746399481451436,-0.0017123026542216063,1603472025627.0,91220268122.0
2023-03-31,Industrials,1431116492521.0,0.07241471585422503,0.07067354950517037,0.0017411663490546625,1295653826739.0,135462665782.0
2023-03-31,Information Technology,4726380389323.0,0.23915557866913778,0.23508716734163349,0.0040684113275042955,4309838548029.0,416541841294.0
2023-03-31,Materials,953158645640.0,0.048229974882359715,0.04748045883740028,0.0007495160449594376,870456325156.0,82702320484.0
2023-03-31,Real Estate,241768576590.0,0.01223352736673768,0.01218155346297361,5.197390376406909e-05,223323668762.0,18444907828.0
2023-03-31,Utilities,105641892378.0,0.0053454960926203115,0.005541979343223046,-0.00019648325060273465,101600765690.0,4041126688.0
2023-06-30,Communication Services,2216537003624.0,0.10038449680943867,0.10094259110495375,-0.0005580942955150797,1994906770316.0,221630233308.0
2023-06-30,Consumer Discretionary,3311384298918.0,0.14996891369107393,0.1523955397294401,-0.0024266260383661586,3011760354518.0,299623944400.0
2023-06-30,Consumer Staples,535657751038.0,0.024259344063333636,0.026045747231964594,-0.0017864031686309588,514736514312.0,20921236726.0
2023-06-30,ETF - Broad Equity,626486360550.0,0.02837287081558532,0.028760332087427076,-0.0003874612718417561,568384272384.0,58102088166.0
2023-06-30,ETF - Commodity,173911755988.0,0.007876270094096178,0.008828786095994514,-0.0009525160018983361,174481405359.0,-569649371.0
2023-06-30,ETF - Fixed Income,180861403529.0,0.008191011905428727,0.009403346684851613,-0.0012123347794228863,185836323002.0,-4974919473.0
2023-06-30,ETF - International Equity,302092262689.0,0.013681422746599111,0.014020721480769507,-0.0003392987341703964,277088510415.0,25003752274.0
2023-06-30,ETF - Sector,670600246940.0,0.03037073968956695,0.03214946549707944,-0.0017787258075124927,635362988805.0,35237258135.0
2023-06-30,ETF - Thematic,113990781447.0,0.005162515770214003,0.005155440124884101,7.075645329901979e-06,101885857065.0,12104924382.0
2023-06-30,Energy,745275873808.0,0.03375271581485487,0.034879014067946114,-0.0011262982530912471,689306471574.0,55969402234.0
2023-06-30,Financials,2707443673320.0,0.12261711414777288,0.12428803086931593,-0.001670916721543056,2456277687509.0,251165985811.0
2023-06-30,Health Care,1806129717633.0,0.08179760706937342,0.08575169216029276,-0.003954085090919338,1694692293749.0,111437423884.0
2023-06-30,Industrials,1651711606400.0,0.07480418247549366,0.07241471585422503,0.0023894666212686266,1431116492521.0,220595113879.0
2023-06-30,Information Technology,5597624290611.0,0.25351018134258774,0.23915557866913778,0.014354602673449957,4726380389323.0,871243901288.0
2023-06-30,Materials,1072109510953.0,0.04855464790602108,0.048229974882359715,0.0003246730236613621,953158645640.0,118950865313.0
2023-06-30,Real Estate,261225002089.0,0.01183058994543054,0.01223352736673768,-0.00040293742130713926,241768576590.0,19456425499.0
2023-06-30,Utilities,107429788936.0,0.004865375713129283,0.0053454960926203115,-0.00048012037949102856,105641892378.0,1787896558.0
2023-09-30,Communication Services,2144317571312.0,0.10098633174141096,0.10038449680943867,0.0006018349319722865,2216537003624.0,-72219432312.0
2023-09-30,Consumer Discretionary,3189476542430.0,0.1502079451777339,0.14996891369107393,0.000239031486659963,3311384298918.0,-121907756488.0
2023-09-30,Consumer Staples,506665801504.0,0.023861354025749425,0.024259344063333636,-0.0003979900375842109,535657751038.0,-28991949534.0
2023-09-30,ETF - Broad Equity,598552854131.0,0.028188761730408185,0.02837287081558532,-0.00018410908517713445,626486360550.0,-27933506419.0
2023-09-30,ETF - Commodity,175944258324.0,0.008286069879207606,0.007876270094096178,0.0004097997851114279,173911755988.0,2032502336.0
2023-09-30,ETF - Fixed Income,171868768796.0,0.008094135278200052,0.008191011905428727,-9.687662722867446e-05,180861403529.0,-8992634733.0
2023-09-30,ETF - International Equity,286562355843.0,0.013495613485112285,0.013681422746599111,-0.00018580926148682557,302092262689.0,-15529906846.0
2023-09-30,ETF - Sector,624947207924.0,0.029431800076920075,0.03037073968956695,-0.000938939612646874,670600246940.0,-45653039016.0
2023-09-30,ETF - Thematic,107212525765.0,0.005049158687402054,0.005162515770214003,-0.00011335708281194883,113990781447.0,-6778255682.0
2023-09-30,Energy,707880855601.0,0.033337548445950355,0.03375271581485487,-0.0004151673689045121,745275873808.0,-37395018207.0
2023-09-30,Financials,2629872309583.0,0.12385346323987062,0.12261711414777288,0.0012363490920977438,2707443673320.0,-77571363737.0
2023-09-30,Health Care,1765702564600.0,0.08315551172593137,0.08179760706937342,0.001357904656557954,1806129717633.0,-40427153033.0
2023-09-30,Industrials,1556742168806.0,0.07331455153757734,0.07480418247549366,-0.0014896309379163197,1651711606400.0,-94969437594.0
2023-09-30,Information Technology,5337052453224.0,0.25134772795468996,0.25351018134258774,-0.002162453387897778,5597624290611.0,-260571837387.0
2023-09-30,Materials,1052527170836.0,0.049568617756491636,0.04855464790602108,0.0010139698504705585,1072109510953.0,-19582340117.0
2023-09-30,Real Estate,272879645123.0,0.012851228165336051,0.01183058994543054,0.0010206382199055113,261225002089.0,11654643034.0
2023-09-30,Utilities,105535535992.0,0.004970181092008144,0.004865375713129283,0.00010480537887886093,107429788936.0,-1894252944.0
2023-12-31,Communication Services,2166707748522.0,0.09149660976715532,0.10098633174141096,-0.009489721974255641,2144317571312.0,22390177210.0
2023-12-31,Consumer Discretionary,3658840908688.0,0.15450701140967962,0.1502079451777339,0.004299066231945731,3189476542430.0,469364366258.0
2023-12-31,Consumer Staples,564845003116.0,0.023852502887981214,0.023861354025749425,-8.851137768210726e-06,506665801504.0,58179201612.0
2023-12-31,ETF - Broad Equity,682981620010.0,0.028841223652253913,0.028188761730408185,0.0006524619218457282,598552854131.0,84428765879.0
2023-12-31,ETF - Commodity,181814549397.0,0.007677738212509827,0.008286069879207606,-0.0006083316666977787,175944258324.0,5870291073.0
2023-12-31,ETF - Fixed Income,174644471262.0,0.0073749572575953415,0.008094135278200052,-0.0007191780206047107,171868768796.0,2775702466.0
2023-12-31,ETF - International Equity,323716256865.0,0.013670020818389287,0.013495613485112285,0.00017440733327700117,286562355843.0,37153901022.0
2023-12-31,ETF - Sector,657124966476.0,0.027749338445354762,0.029431800076920075,-0.0016824616315653136,624947207924.0,32177758552.0
2023-12-31,ETF - Thematic,132167307116.0,0.005581214416857768,0.005049158687402054,0.0005320557294557137,107212525765.0,24954781351.0
2023-12-31,Energy,762094619569.0,0.032182039345139433,0.033337548445950355,-0.0011555091008109211,707880855601.0,54213763968.0
2023-12-31,Financials,2991339104594.0,0.12631947567500473,0.12385346323987062,0.002466012435134113,2629872309583.0,361466795011.0
2023-12-31,Health Care,1951049874422.0,0.08238972197243451,0.08315551172593137,-0.000765789753496865,1765702564600.0,185347309822.0
2023-12-31,Industrials,1830472260633.0,0.07729792180555341,0.07331455153757734,0.003983370267976072,1556742168806.0,273730091827.0
2023-12-31,Information Technology,6051147651655.0,0.25553030661591974,0.25134772795468996,0.0041825786612297855,5337052453224.0,714095198431.0
2023-12-31,Materials,1126398733350.0,0.0475660205756155,0.049568617756491636,-0.0020025971808761353,1052527170836.0,73871562514.0
2023-12-31,Real Estate,322219484247.0,0.013606814499847837,0.012851228165336051,0.0007555863345117854,272879645123.0,49339839124.0
2023-12-31,Utilities,103178956542.0,0.004357082642707776,0.004970181092008144,-0.000613098449300368,105535535992.0,-2356579450.0
2024-03-31,Communication Services,2446242881212.0,0.09171516471377725,0.09149660976715532,0.00021855494662192942,2166707748522.0,279535132690.0
2024-03-31,Consumer Discretionary,4179435463154.0,0.15669646495766393,0.15450701140967962,0.0021894535479843047,3658840908688.0,520594554466.0
2024-03-31,Consumer Staples,598426230022.0,0.02243634950439575,0.023852502887981214,-0.0014161533835854653,564845003116.0,33581226906.0
2024-03-31,ETF - Broad Equity,736943774353.0,0.027629684758077217,0.028841223652253913,-0.001211538894176696,682981620010.0,53962154343.0
2024-03-31,ETF - Commodity,184516626404.0,0.006917944621545025,0.007677738212509827,-0.0007597935909648022,181814549397.0,2702077007.0
2024-03-31,ETF - Fixed Income,179989866377.0,0.0067482261750715705,0.0073749572575953415,-0.000626731082523771,174644471262.0,5345395115.0
2024-03-31,ETF - International Equity,318509920684.0,0.011941655533416168,0.013670020818389287,-0.0017283652849731188,323716256865.0,-5206336181.0
2024-03-31,ETF - Sector,712383449815.0,0.02670886277930851,0.027749338445354762,-0.001040475666046252,657124966476.0,55258483339.0
2024-03-31,ETF - Thematic,157301083929.0,0.005897572531741442,0.005581214416857768,0.00031635811488367385,132167307116.0,25133776813.0
2024-03-31,Energy,813519905629.0,0.030500696687049085,0.032182039345139433,-0.0016813426580903484,762094619569.0,51425286060.0
2024-03-31,Financials,3383700236056.0,0.12686255599369003,0.12631947567500473,0.0005430803186853017,2991339104594.0,392361131462.0
2024-03-31,Health Care,2086847568707.0,0.07824062359731036,0.08238972197243451,-0.004149098375124144,1951049874422.0,135797694285.0
2024-03-31,Industrials,2011988327349.0,0.07543398174492989,0.07729792180555341,-0.0018639400606235146,1830472260633.0,181516066716.0
2024-03-31,Information Technology,7118862336107.0,0.2669022102201369,0.25553030661591974,0.011371903604217137,6051147651655.0,1067714684452.0
2024-03-31,Materials,1249789867872.0,0.04685744186313142,0.0475660205756155,-0.00070857871248408,1126398733350.0,123391134522.0
2024-03-31,Real Estate,397357486541.0,0.014897828669532672,0.013606814499847837,0.0012910141696848357,322219484247.0,75138002294.0
2024-03-31,Utilities,96359515803.0,0.003612735649222751,0.004357082642707776,-0.000744346993485025,103178956542.0,-6819440739.0
2024-06-30,Communication Services,2521170315029.0,0.09005498503434232,0.09171516471377725,-0.0016601796794349227,2446242881212.0,74927433817.0
2024-06-30,Consumer Discretionary,4321963400638.0,0.1543784436312282,0.15669646495766393,-0.0023180213264357152,4179435463154.0,142527937484.0
2024-06-30,Consumer Staples,609980081855.0,0.02178819368736978,0.02243634950439575,-0.0006481558170259687,598426230022.0,11553851833.0
2024-06-30,ETF - Broad Equity,774643596459.0,0.02766989483820808,0.027629684758077217,4.021008013086261e-05,736943774353.0,37699822106.0
2024-06-30,ETF - Commodity,195884222188.0,0.006996889735075759,0.006917944621545025,7.894511353073383e-05,184516626404.0,11367595784.0
2024-06-30,ETF - Fixed Income,179717018793.0,0.0064194050442935155,0.0067482261750715705,-0.000328821130778055,179989866377.0,-272847584.0
2024-06-30,ETF - International Equity,317860541064.0,0.011353824887549184,0.011941655533416168,-0.0005878306458669841,318509920684.0,-649379620.0
2024-06-30,ETF - Sector,723505402052.0,0.02584326325185581,0.02670886277930851,-0.0008655995274527012,712383449815.0,11121952237.0
2024-06-30,ETF - Thematic,172939690371.0,0.006177322148910459,0.005897572531741442,0.0002797496171690174,157301083929.0,15638606442.0
2024-06-30,Energy,866341712097.0,0.030945307206119644,0.030500696687049085,0.0004446105190705589,813519905629.0,52821806468.0
2024-06-30,Financials,3507272665775.0,0.1252780843661855,0.12686255599369003,-0.0015844716275045245,3383700236056.0,123572429719.0
2024-06-30,Health Care,2239028015501.0,0.0799769984698937,0.07824062359731036,0.0017363748725833378,2086847568707.0,152180446794.0
2024-06-30,Industrials,2122952509689.0,0.07583083750788304,0.07543398174492989,0.0003968557629531466,2011988327349.0,110964182340.0
2024-06-30,Information Technology,7368102486618.0,0.2631850594180315,0.2669022102201369,-0.0037171508021053845,7118862336107.0,249240150511.0
2024-06-30,Materials,1543437347299.0,0.05513083601845347,0.04685744186313142,0.00827339415532205,1249789867872.0,293647479427.0
2024-06-30,Real Estate,419881206403.0,0.014997953741331763,0.014897828669532672,0.0001001250717990905,397357486541.0,22523719862.0
2024-06-30,Utilities,111219338511.0,0.003972701013268257,0.003612735649222751,0.00035996536404550583,96359515803.0,14859822708.0
2024-09-30,Communication Services,2659894794319.0,0.08892799917863911,0.09005498503434232,-0.0011269858557032136,2521170315029.0,138724479290.0
2024-09-30,Consumer Discretionary,4525749575068.0,0.15130893723840488,0.1543784436312282,-0.003069506392823329,4321963400638.0,203786174430.0
2024-09-30,Consumer Staples,608183642515.0,0.020333343475670312,0.02178819368736978,-0.0014548502116994676,609980081855.0,-1796439340.0
2024-09-30,ETF - Broad Equity,832177910586.0,0.027822121652003266,0.02766989483820808,0.00015222681379518585,774643596459.0,57534314127.0
2024-09-30,ETF - Commodity,197110996431.0,0.00658999241855522,0.006996889735075759,-0.00040689731652053876,195884222188.0,1226774243.0
2024-09-30,ETF - Fixed Income,180014475266.0,0.006018406119967062,0.0064194050442935155,-0.00040099892432645355,179717018793.0,297456473.0
2024-09-30,ETF - International Equity,347118468313.0,0.011605177366773281,0.011353824887549184,0.00025135247922409773,317860541064.0,29257927249.0
2024-09-30,ETF - Sector,746842534703.0,0.024969112483129285,0.02584326325185581,-0.000874150768726524,723505402052.0,23337132651.0
2024-09-30,ETF - Thematic,187346462297.0,0.006263535716093624,0.006177322148910459,8.621356718316493e-05,172939690371.0,14406771926.0
2024-09-30,Energy,811918901142.0,0.027144804196048273,0.030945307206119644,-0.003800503010071371,866341712097.0,-54422810955.0
2024-09-30,Financials,3766814050440.0,0.12593552102100214,0.1252780843661855,0.0006574366548166288,3507272665775.0,259541384665.0
2024-09-30,Health Care,2434670911443.0,0.08139811141233191,0.0799769984698937,0.001421112942438213,2239028015501.0,195642895942.0
2024-09-30,Industrials,2199352343147.0,0.07353072902832192,0.07583083750788304,-0.002300108479561122,2122952509689.0,76399833458.0
2024-09-30,Information Technology,8270033355357.0,0.276491205969218,0.2631850594180315,0.013306146551186504,7368102486618.0,901930868739.0
2024-09-30,Materials,1649558933117.0,0.05514954041139143,0.05513083601845347,1.870439293796128e-05,1543437347299.0,106121585818.0
2024-09-30,Real Estate,380806654930.0,0.0127314711729061,0.014997953741331763,-0.0022664825684256627,419881206403.0,-39074551473.0
2024-09-30,Utilities,113062014748.0,0.0037799911395441496,0.003972701013268257,-0.00019270987372410706,111219338511.0,1842676237.0
2024-12-31,Communication Services,2803872999640.0,0.09110067288449922,0.08892799917863911,0.0021726737058601064,2659894794319.0,143978205321.0
2024-12-31,Consumer Discretionary,4693473811934.0,0.15249571663476247,0.15130893723840488,0.0011867793963575846,4525749575068.0,167724236866.0
2024-12-31,Consumer Staples,648239693451.0,0.0210619640302574,0.020333343475670312,0.0007286205545870873,608183642515.0,40056050936.0
2024-12-31,ETF - Broad Equity,828833947696.0,0.026929654215549742,0.027822121652003266,-0.0008924674364535236,832177910586.0,-3343962890.0
2024-12-31,ETF - Commodity,202499884899.0,0.006579426306291738,0.00658999241855522,-1.0566112263482412e-05,197110996431.0,5388888468.0
2024-12-31,ETF - Fixed Income,180337229660.0,0.005859339196269528,0.006018406119967062,-0.00015906692369753363,180014475266.0,322754394.0
2024-12-31,ETF - International Equity,352293294594.0,0.011446365864049906,0.011605177366773281,-0.0001588115027233751,347118468313.0,5174826281.0
2024-12-31,ETF - Sector,722305116239.0,0.02346842461328953,0.024969112483129285,-0.0015006878698397563,746842534703.0,-24537418464.0
2024-12-31,ETF - Thematic,186290883887.0,0.006052779450614494,0.006263535716093624,-0.0002107562654791303,187346462297.0,-1055578410.0
2024-12-31,Energy,840242814744.0,0.027300339858250405,0.027144804196048273,0.00015553566220213172,811918901142.0,28323913602.0
2024-12-31,Financials,3758134670374.0,0.12210560082628388,0.12593552102100214,-0.003829920194718256,3766814050440.0,-8679380066.0
2024-12-31,Health Care,2679924225676.0,0.08707345171122251,0.08139811141233191,0.005675340298890594,2434670911443.0,245253314233.0
2024-12-31,Industrials,2066467482588.0,0.06714162095853662,0.07353072902832192,-0.006389108069785293,2199352343147.0,-132884860559.0
2024-12-31,Information Technology,8571842726275.0,0.27850784979348764,0.276491205969218,0.002016643824269637,8270033355357.0,301809370918.0
2024-12-31,Materials,1670016767413.0,0.054260535787196605,0.05514954041139143,-0.0008890046241948266,1649558933117.0,20457834296.0
2024-12-31,Real Estate,460191525567.0,0.014952088643201984,0.0127314711729061,0.002220617470295883,380806654930.0,79384870637.0
2024-12-31,Utilities,112774854831.0,0.003664169226236323,0.0037799911395441496,-0.0001158219133078264,113062014748.0,-287159917.0
2025-03-31,Communication Services,2588519807333.0,0.08654416603448803,0.09110067288449922,-0.004556506850011188,2803872999640.0,-215353192307.0
2025-03-31,Consumer Discretionary,4391196077229.0,0.14681456225334183,0.15249571663476247,-0.005681154381420639,4693473811934.0,-302277734705.0
2025-03-31,Consumer Staples,689254882391.0,0.02304443984270213,0.0210619640302574,0.0019824758124447305,648239693451.0,41015188940.0
2025-03-31,ETF - Broad Equity,803894569482.0,0.026877285195339187,0.026929654215549742,-5.236902021055548e-05,828833947696.0,-24939378214.0
2025-03-31,ETF - Commodity,208538940091.0,0.006972258278559077,0.006579426306291738,0.0003928319722673393,202499884899.0,6039055192.0
2025-03-31,ETF - Fixed Income,177262707886.0,0.005926573626962162,0.005859339196269528,6.723443069263368e-05,180337229660.0,-3074521774.0
2025-03-31,ETF - International Equity,344799022912.0,0.011527956557601323,0.011446365864049906,8.159069355141713e-05,352293294594.0,-7494271682.0
2025-03-31,ETF - Sector,687895970897.0,0.02299900620853416,0.02346842461328953,-0.00046941840475536734,722305116239.0,-34409145342.0
2025-03-31,ETF - Thematic,171061947502.0,0.005719258374943333,0.006052779450614494,-0.000333521075671161,186290883887.0,-15228936385.0
2025-03-31,Energy,793921548856.0,0.026543848784894564,0.027300339858250405,-0.0007564910733558403,840242814744.0,-46321265888.0
2025-03-31,Financials,3629622780382.0,0.12135223986235838,0.12210560082628388,-0.0007533609639255034,3758134670374.0,-128511889992.0
2025-03-31,Health Care,2591176403731.0,0.08663298626259826,0.08707345171122251,-0.00044046544862424986,2679924225676.0,-88747821945.0
2025-03-31,Industrials,1923919637325.0,0.06432402798617909,0.06714162095853662,-0.0028175929723575355,2066467482588.0,-142547845263.0
2025-03-31,Information Technology,8755879813173.0,0.29274271503837207,0.27850784979348764,0.014234865244884432,8571842726275.0,184037086898.0
2025-03-31,Materials,1537733108350.0,0.05141232802961954,0.054260535787196605,-0.002848207757577062,1670016767413.0,-132283659063.0
2025-03-31,Real Estate,492438842253.0,0.016464123166082516,0.014952088643201984,0.001512034522880533,460191525567.0,32247316686.0
2025-03-31,Utilities,122696766891.0,0.0041022244974243454,0.003664169226236323,0.00043805527118802225,112774854831.0,9921912060.0
2025-06-30,Communication Services,2928775592689.0,0.08696372069941478,0.08654416603448803,0.0004195546649267551,2588519807333.0,340255785356.0
2025-06-30,Consumer Discretionary,5115269079055.0,0.15188696348185135,0.14681456225334183,0.005072401228509521,4391196077229.0,724073001826.0
2025-06-30,Consumer Staples,775026711818.0,0.023012758870762467,0.02304443984270213,-3.168097193966338e-05,689254882391.0,85771829427.0
2025-06-30,ETF - Broad Equity,694386876478.0,0.020618331610695078,0.026877285195339187,-0.0062589535846441086,803894569482.0,-109507693004.0
2025-06-30,ETF - Commodity,215817350144.0,0.006408234146331054,0.006972258278559077,-0.0005640241322280234,208538940091.0,7278410053.0
2025-06-30,ETF - Fixed Income,184501070198.0,0.005478364261671093,0.005926573626962162,-0.00044820936529106885,177262707886.0,7238362312.0
2025-06-30,ETF - International Equity,398738246898.0,0.011839678540743052,0.011527956557601323,0.00031172198314172866,344799022912.0,53939223986.0
2025-06-30,ETF - Sector,760562308915.0,0.022583269394928163,0.02299900620853416,-0.00041573681360599843,687895970897.0,72666338018.0
2025-06-30,ETF - Thematic,195862400813.0,0.005815714649608954,0.005719258374943333,9.645627466562095e-05,171061947502.0,24800453311.0
2025-06-30,Energy,965344461017.0,0.028663836961824868,0.026543848784894564,0.0021199881769303035,793921548856.0,171422912161.0
2025-06-30,Financials,4078335554126.0,0.12109744253975958,0.12135223986235838,-0.00025479732259879595,3629622780382.0,448712773744.0
2025-06-30,Health Care,2871207384235.0,0.08525435600324055,0.08663298626259826,-0.0013786302593577077,2591176403731.0,280030980504.0
2025-06-30,Industrials,2095400195834.0,0.06221842255135077,0.06432402798617909,-0.0021056054348283157,1923919637325.0,171480558509.0
2025-06-30,Information Technology,9979925647927.0,0.29633252503665247,0.29274271503837207,0.003589809998280402,8755879813173.0,1224045834754.0
2025-06-30,Materials,1729871676737.0,0.0513648357754391,0.05141232802961954,-4.749225418044373e-05,1537733108350.0,192138568387.0
2025-06-30,Real Estate,562154311767.0,0.016691968712287862,0.016464123166082516,0.00022784554620534567,492438842253.0,69715469514.0
2025-06-30,Utilities,126952300692.0,0.0037695767634388193,0.0041022244974243454,-0.00033264773398552615,122696766891.0,4255533801.0
2025-09-30,Communication Services,3303405178416.0,0.08929958185366728,0.08696372069941478,0.0023358611542524943,2928775592689.0,374629585727.0
2025-09-30,Consumer Discretionary,5922600447741.0,0.1601032010621287,0.15188696348185135,0.008216237580277341,5115269079055.0,807331368686.0
2025-09-30,Consumer Staples,799153093893.0,0.021603174078672613,0.023012758870762467,-0.001409584792089854,775026711818.0,24126382075.0
2025-09-30,ETF - Broad Equity,735273451500.0,0.019876342204723684,0.020618331610695078,-0.0007419894059713938,694386876478.0,40886575022.0
2025-09-30,ETF - Commodity,218220850414.0,0.00589907372581707,0.006408234146331054,-0.0005091604205139837,215817350144.0,2403500270.0
2025-09-30,ETF - Fixed Income,192484551994.0,0.005203355046684522,0.005478364261671093,-0.00027500921498657075,184501070198.0,7983481796.0
2025-09-30,ETF - International Equity,416482850948.0,0.011258608142254373,0.011839678540743052,-0.0005810703984886791,398738246898.0,17744604050.0
2025-09-30,ETF - Sector,827860620969.0,0.02237921274952342,0.022583269394928163,-0.00020405664540474114,760562308915.0,67298312054.0
2025-09-30,ETF - Thematic,206600298580.0,0.00558494016858185,0.005815714649608954,-0.000230774481027104,195862400813.0,10737897767.0
2025-09-30,Energy,1033871082546.0,0.0279482080990822,0.028663836961824868,-0.0007156288627426684,965344461017.0,68526621529.0
2025-09-30,Financials,4452968081715.0,0.12037523895132683,0.12109744253975958,-0.0007222035884327516,4078335554126.0,374632527589.0
2025-09-30,Health Care,2989402580055.0,0.08081127986824514,0.08525435600324055,-0.004443076134995408,2871207384235.0,118195195820.0
2025-09-30,Industrials,2303691412440.0,0.06227473432411926,0.06221842255135077,5.631177276848448e-05,2095400195834.0,208291216606.0
2025-09-30,Information Technology,10989644645028.0,0.2970785049117004,0.29633252503665247,0.0007459798750479307,9979925647927.0,1009718997101.0
2025-09-30,Materials,1917974664484.0,0.051847813481504544,0.0513648357754391,0.0004829777060654447,1729871676737.0,188102987747.0
2025-09-30,Real Estate,554635548223.0,0.014993232698521923,0.016691968712287862,-0.001698736013765939,562154311767.0,-7518763544.0
2025-09-30,Utilities,128123100732.0,0.003463498633446193,0.0037695767634388193,-0.00030607812999262646,126952300692.0,1170800040.0
2025-12-31,Communication Services,3494329133459.0,0.09029715408480889,0.08929958185366728,0.000997572231141608,3303405178416.0,190923955043.0
2025-12-31,Consumer Discretionary,6302228976038.0,0.16285625056839761,0.1601032010621287,0.002753049506268923,5922600447741.0,379628528297.0
2025-12-31,Consumer Staples,832619280358.0,0.021515761275196766,0.021603174078672613,-8.741280347584687e-05,799153093893.0,33466186465.0
2025-12-31,ETF - Broad Equity,763135176487.0,0.019720218670578472,0.019876342204723684,-0.00015612353414521177,735273451500.0,27861724987.0
2025-12-31,ETF - Commodity,223295004203.0,0.0057701786611403984,0.00589907372581707,-0.00012889506467667153,218220850414.0,5074153789.0
2025-12-31,ETF - Fixed Income,198086008540.0,0.005118751597813966,0.005203355046684522,-8.460344887055611e-05,192484551994.0,5601456546.0
2025-12-31,ETF - International Equity,406025632001.0,0.010492131008530364,0.011258608142254373,-0.0007664771337240091,416482850948.0,-10457218947.0
2025-12-31,ETF - Sector,854346165020.0,0.022077206913880904,0.02237921274952342,-0.000302005835642518,827860620969.0,26485544051.0
2025-12-31,ETF - Thematic,223085344675.0,0.005764760837580537,0.00558494016858185,0.00017982066899868698,206600298580.0,16485046095.0
2025-12-31,Energy,1042184971114.0,0.02693115998160084,0.0279482080990822,-0.001017048117481361,1033871082546.0,8313888568.0
2025-12-31,Financials,4557487775842.0,0.11777029587578391,0.12037523895132683,-0.0026049430755429176,4452968081715.0,104519694127.0
2025-12-31,Health Care,3129997330949.0,0.08088243565023598,0.08081127986824514,7.11557819908365e-05,2989402580055.0,140594750894.0
2025-12-31,Industrials,2340742889120.0,0.06048726758677249,0.06227473432411926,-0.0017874667373467684,2303691412440.0,37051476680.0
2025-12-31,Information Technology,11688662230859.0,0.30204737281298377,0.2970785049117004,0.004968867901283369,10989644645028.0,699017585831.0
2025-12-31,Materials,1935530131016.0,0.05001614209796438,0.051847813481504544,-0.001831671383540165,1917974664484.0,17555466532.0
2025-12-31,Real Estate,575897297261.0,0.014881794187579973,0.014993232698521923,-0.00011143851094195037,554635548223.0,21261749038.0
2025-12-31,Utilities,130455899968.0,0.003371118189150721,0.003463498633446193,-9.238044429547192e-05,128123100732.0,2332799236.0
2026-03-31,Communication Services,3629095044832.0,0.08873108143525553,0.09029715408480889,-0.0015660726495533572,3494329133459.0,134765911373.0
2026-03-31,Consumer Discretionary,6728225610376.0,0.1645045740533041,0.16285625056839761,0.0016483234849064832,6302228976038.0,425996634338.0
2026-03-31,Consumer Staples,875097553124.0,0.021396064663727492,0.021515761275196766,-0.00011969661146927352,832619280358.0,42478272766.0
2026-03-31,ETF - Broad Equity,801738125137.0,0.019602432560311585,0.019720218670578472,-0.00011778611026688757,763135176487.0,38602948650.0
2026-03-31,ETF - Commodity,202332169965.0,0.0049470052529218,0.0057701786611403984,-0.0008231734082185986,223295004203.0,-20962834238.0
2026-03-31,ETF - Fixed Income,199077928977.0,0.004867439322972577,0.005118751597813966,-0.0002513122748413893,198086008540.0,991920437.0
2026-03-31,ETF - International Equity,422717168765.0,0.010335400716269809,0.010492131008530364,-0.00015673029226055506,406025632001.0,16691536764.0
2026-03-31,ETF - Sector,865114573759.0,0.021151981622622322,0.022077206913880904,-0.0009252252912585815,854346165020.0,10768408739.0
2026-03-31,ETF - Thematic,246077020794.0,0.006016563330991036,0.005764760837580537,0.00025180249341049885,223085344675.0,22991676119.0
2026-03-31,Energy,1121900407647.0,0.027430374570909213,0.02693115998160084,0.0004992145893083742,1042184971114.0,79715436533.0
2026-03-31,Financials,4692204961584.0,0.11472403324076996,0.11777029587578391,-0.003046262635013952,4557487775842.0,134717185742.0
2026-03-31,Health Care,3025826290265.0,0.07398120899389939,0.08088243565023598,-0.006901226656336593,3129997330949.0,-104171040684.0
2026-03-31,Industrials,2531317225076.0,0.06189050219462665,0.06048726758677249,0.001403234607854159,2340742889120.0,190574335956.0
2026-03-31,Information Technology,12780805011986.0,0.3124896527418311,0.30204737281298377,0.010442279928847331,11688662230859.0,1092142781127.0
2026-03-31,Materials,2047372300127.0,0.05005808777302635,0.05001614209796438,4.1945675061973164e-05,1935530131016.0,111842169111.0
2026-03-31,Real Estate,597886822070.0,0.014618284625448594,0.014881794187579973,-0.0002635095621313782,575897297261.0,21989524809.0
2026-03-31,Utilities,133142070712.0,0.0032553129011124904,0.003371118189150721,-0.0001158052880382305,130455899968.0,2686170744.0
2026-06-30,Communication Services,3777551949733.0,0.08696567485509152,0.08873108143525553,-0.0017654065801640112,3629095044832.0,148456904901.0
2026-06-30,Consumer Discretionary,7474123432527.0,0.1720670415415215,0.1645045740533041,0.0075624674882174,6728225610376.0,745897822151.0
2026-06-30,Consumer Staples,915497233377.0,0.021076304386555795,0.021396064663727492,-0.0003197602771716976,875097553124.0,40399680253.0
2026-06-30,ETF - Broad Equity,831454691858.0,0.019141502049753126,0.019602432560311585,-0.0004609305105584584,801738125137.0,29716566721.0
2026-06-30,ETF - Commodity,198194152229.0,0.004562766688660889,0.0049470052529218,-0.00038423856426091085,202332169965.0,-4138017736.0
2026-06-30,ETF - Fixed Income,211904347483.0,0.0048783987166316645,0.004867439322972577,1.0959393659087588e-05,199077928977.0,12826418506.0
2026-06-30,ETF - International Equity,434455931844.0,0.010001914946604936,0.010335400716269809,-0.0003334857696648732,422717168765.0,11738763079.0
2026-06-30,ETF - Sector,903217920732.0,0.020793613711446862,0.021151981622622322,-0.0003583679111754598,865114573759.0,38103346973.0
2026-06-30,ETF - Thematic,269081024264.0,0.006194703124459216,0.006016563330991036,0.00017813979346817995,246077020794.0,23004003470.0
2026-06-30,Energy,1225308128139.0,0.028208678447577355,0.027430374570909213,0.0007783038766681419,1121900407647.0,103407720492.0
2026-06-30,Financials,4880371205195.0,0.11235445099124002,0.11472403324076996,-0.0023695822495299473,4692204961584.0,188166243611.0
2026-06-30,Health Care,3060857448792.0,0.07046614770929742,0.07398120899389939,-0.003515061284601967,3025826290265.0,35031158527.0
2026-06-30,Industrials,2690328235030.0,0.061935934609086744,0.06189050219462665,4.5432414460096215e-05,2531317225076.0,159011009954.0
2026-06-30,Information Technology,13676849714324.0,0.3148643568970431,0.3124896527418311,0.002374704155212015,12780805011986.0,896044702338.0
2026-06-30,Materials,2109051706199.0,0.04855395964755486,0.05005808777302635,-0.0015041281254714947,2047372300127.0,61679406072.0
2026-06-30,Real Estate,641695666495.0,0.014772926337193003,0.014618284625448594,0.0001546417117444087,597886822070.0,43808844425.0
2026-06-30,Utilities,137332389916.0,0.003161625340281994,0.0032553129011124904,-9.368756083049648e-05,133142070712.0,4190319204.0
