period,sector,manager_type,value_usd,share,share_prev,d_share,value_prev,d_value
2020-09-30,Consumer Discretionary,Hedge Fund - Activist,474793000.0,0.4247437454935169,,,,
2020-09-30,ETF - Broad Equity,Hedge Fund - Activist,121782000.0,0.10894461968413915,,,,
2020-09-30,Health Care,Hedge Fund - Activist,113164000.0,0.10123506710298667,,,,
2020-09-30,Unclassified,Hedge Fund - Activist,408095000.0,0.36507656771935726,,,,
2020-12-31,Consumer Discretionary,Hedge Fund - Activist,471432000.0,0.31915360306323337,0.4247437454935169,-0.10559014243028353,474793000.0,-3361000.0
2020-12-31,Consumer Staples,Hedge Fund - Activist,86429000.0,0.058511358497412555,,,,
2020-12-31,ETF - Broad Equity,Hedge Fund - Activist,102947000.0,0.069693839142338,0.10894461968413915,-0.03925078054180116,121782000.0,-18835000.0
2020-12-31,Health Care,Hedge Fund - Activist,214425000.0,0.14516305922558037,0.10123506710298667,0.0439279921225937,113164000.0,101261000.0
2020-12-31,Unclassified,Hedge Fund - Activist,601899000.0,0.40747814007143573,0.36507656771935726,0.042401572352078476,408095000.0,193804000.0
2021-03-31,Communication Services,Hedge Fund - Value,547000.0,0.0003807503217583843,,,,
2021-03-31,Consumer Discretionary,Hedge Fund - Activist,408276000.0,0.27527831174286427,0.31915360306323337,-0.0438752913203691,471432000.0,-63156000.0
2021-03-31,Consumer Staples,Hedge Fund - Activist,216948000.0,0.14627624248300394,0.058511358497412555,0.08776488398559139,86429000.0,130519000.0
2021-03-31,ETF - Broad Equity,Hedge Fund - Activist,95257000.0,0.06422661665562028,0.069693839142338,-0.0054672224867177155,102947000.0,-7690000.0
2021-03-31,ETF - Commodity,Hedge Fund - Value,16313000.0,0.011354990857119787,,,,
2021-03-31,Energy,Hedge Fund - Value,82754000.0,0.05760258158463133,,,,
2021-03-31,Financials,Hedge Fund - Value,194183000.0,0.13516497208411032,,,,
2021-03-31,Health Care,Hedge Fund - Activist,139497000.0,0.0940552436420322,0.14516305922558037,-0.05110781558354817,214425000.0,-74928000.0
2021-03-31,Health Care,Hedge Fund - Value,101241000.0,0.07047082874797182,,,,
2021-03-31,Real Estate,Hedge Fund - Value,727000.0,0.0005060429322090409,,,,
2021-03-31,Unclassified,Hedge Fund - Activist,623161000.0,0.42016358547647925,0.40747814007143573,0.012685445405043516,601899000.0,21262000.0
2021-03-31,Unclassified,Hedge Fund - Value,1040872000.0,0.7245198334721993,,,,
2021-06-30,Consumer Discretionary,Hedge Fund - Activist,292900000.0,0.24168202105249262,0.27527831174286427,-0.03359629069037165,408276000.0,-115376000.0
2021-06-30,Consumer Staples,Hedge Fund - Activist,169971000.0,0.14024900921923258,0.14627624248300394,-0.006027233263771359,216948000.0,-46977000.0
2021-06-30,ETF - Broad Equity,Hedge Fund - Activist,139819000.0,0.11536954080416,0.06422661665562028,0.051142924148539715,95257000.0,44562000.0
2021-06-30,ETF - Broad Equity,Hedge Fund - Value,23278000.0,0.014610772730239868,,,,
2021-06-30,ETF - Commodity,Hedge Fund - Value,16891000.0,0.010601879980517296,0.011354990857119787,-0.0007531108766024915,16313000.0,578000.0
2021-06-30,Energy,Hedge Fund - Value,142262000.0,0.08929279792720096,0.05760258158463133,0.03169021634256963,82754000.0,59508000.0
2021-06-30,Financials,Hedge Fund - Value,190164000.0,0.1193591797179025,0.13516497208411032,-0.015805792366207827,194183000.0,-4019000.0
2021-06-30,Health Care,Hedge Fund - Activist,158330000.0,0.13064361349689707,0.0940552436420322,0.03658836985486487,139497000.0,18833000.0
2021-06-30,Health Care,Hedge Fund - Value,98628000.0,0.06190528794733644,0.07047082874797182,-0.008565540800635381,101241000.0,-2613000.0
2021-06-30,Materials,Hedge Fund - Value,15374000.0,0.009649713031820077,,,,
2021-06-30,Real Estate,Hedge Fund - Value,1136000.0,0.0007130267987607394,0.0005060429322090409,0.00020698386655169845,727000.0,409000.0
2021-06-30,Unclassified,Hedge Fund - Activist,450903000.0,0.3720558154272177,0.42016358547647925,-0.04810777004926153,623161000.0,-172258000.0
2021-06-30,Unclassified,Hedge Fund - Value,1105463000.0,0.6938598098929958,0.7245198334721993,-0.0306600235792035,1040872000.0,64591000.0
2021-06-30,Utilities,Hedge Fund - Value,12000.0,7.531973226345838e-06,,,,
2021-09-30,Communication Services,Asset Manager - Index/Active,277158730000.0,0.0775968164777466,,,,
2021-09-30,Consumer Discretionary,Asset Manager - Index/Active,282918391000.0,0.07920936304119433,,,,
2021-09-30,Consumer Staples,Asset Manager - Index/Active,128744622000.0,0.03604495086923965,,,,
2021-09-30,Consumer Staples,Hedge Fund - Value,803000.0,0.000538455297146187,,,,
2021-09-30,ETF - Broad Equity,Asset Manager - Index/Active,112783996000.0,0.031576414855266896,,,,
2021-09-30,ETF - Commodity,Asset Manager - Index/Active,786317000.0,0.00022014711909789845,,,,
2021-09-30,ETF - Commodity,Hedge Fund - Value,51000000.0,0.03419828163693093,0.010601879980517296,0.023596401656413635,16891000.0,34109000.0
2021-09-30,ETF - Fixed Income,Asset Manager - Index/Active,12542071000.0,0.003511434698946224,,,,
2021-09-30,ETF - International Equity,Asset Manager - Index/Active,14529205000.0,0.004067777529333311,,,,
2021-09-30,ETF - Sector,Asset Manager - Index/Active,1668260000.0,0.000467066886390934,,,,
2021-09-30,ETF - Thematic,Asset Manager - Index/Active,2195000.0,6.145395895292701e-07,,,,
2021-09-30,Energy,Asset Manager - Index/Active,97867802000.0,0.027400291056588554,,,,
2021-09-30,Energy,Hedge Fund - Value,182260000.0,0.12221527080680451,0.08929279792720096,0.03292247287960355,142262000.0,39998000.0
2021-09-30,Financials,Asset Manager - Index/Active,389851206000.0,0.10914760825181363,,,,
2021-09-30,Financials,Hedge Fund - Value,186582000.0,0.12511340753689895,0.1193591797179025,0.005754227818996455,190164000.0,-3582000.0
2021-09-30,Health Care,Asset Manager - Index/Active,329108893000.0,0.09214143235291684,,,,
2021-09-30,Health Care,Hedge Fund - Value,89625000.0,0.06009845081784185,0.06190528794733644,-0.0018068371294945942,98628000.0,-9003000.0
2021-09-30,Industrials,Asset Manager - Index/Active,93291882000.0,0.026119159394393212,,,,
2021-09-30,Information Technology,Asset Manager - Index/Active,548182477000.0,0.15347600656160298,,,,
2021-09-30,Materials,Asset Manager - Index/Active,35915447000.0,0.010055336700291687,,,,
2021-09-30,Materials,Hedge Fund - Value,16040000.0,0.010755694852085726,0.009649713031820077,0.0011059818202656495,15374000.0,666000.0
2021-09-30,Real Estate,Asset Manager - Index/Active,60888023000.0,0.017046970688687362,,,,
2021-09-30,Unclassified,Asset Manager - Index/Active,1154350464000.0,0.3231863600544339,,,,
2021-09-30,Unclassified,Hedge Fund - Activist,29323000.0,1.0,0.3720558154272177,0.6279441845727822,450903000.0,-421580000.0
2021-09-30,Unclassified,Hedge Fund - Value,964993000.0,0.6470804390522918,0.6938598098929958,-0.04677937084070394,1105463000.0,-140470000.0
2021-09-30,Utilities,Asset Manager - Index/Active,31189669000.0,0.008732248922466424,,,,
2021-12-31,Consumer Discretionary,Hedge Fund - Activist,274946000.0,0.17777654207794996,0.24168202105249262,-0.06390547897454266,292900000.0,-17954000.0
2021-12-31,Consumer Discretionary,Hedge Fund - Value,105678000.0,0.06045078098990599,,,,
2021-12-31,Consumer Staples,Hedge Fund - Activist,208868000.0,0.13505135841487875,0.14024900921923258,-0.005197650804353832,169971000.0,38897000.0
2021-12-31,ETF - Broad Equity,Hedge Fund - Activist,157285000.0,0.10169845504473736,0.11536954080416,-0.013671085759422635,139819000.0,17466000.0
2021-12-31,ETF - Commodity,Hedge Fund - Value,53323000.0,0.030502252074459748,0.03419828163693093,-0.0036960295624711807,51000000.0,2323000.0
2021-12-31,Energy,Asset Manager - Index/Active,612202000.0,1.0,0.027400291056588554,0.9725997089434114,97867802000.0,-97255600000.0
2021-12-31,Energy,Hedge Fund - Value,153925000.0,0.08804941864788585,0.12221527080680451,-0.034165852158918666,182260000.0,-28335000.0
2021-12-31,Financials,Hedge Fund - Value,273839000.0,0.15664359105485406,0.12511340753689895,0.03153018351795511,186582000.0,87257000.0
2021-12-31,Health Care,Hedge Fund - Activist,188881000.0,0.12212802166325484,0.13064361349689707,-0.008515591833642228,158330000.0,30551000.0
2021-12-31,Health Care,Hedge Fund - Value,88872000.0,0.050837277466785194,0.06009845081784185,-0.009261173351056654,89625000.0,-753000.0
2021-12-31,Information Technology,Hedge Fund - Value,15939000.0,0.009117555197847344,,,,
2021-12-31,Materials,Hedge Fund - Value,16284000.0,0.00931490487745443,0.010755694852085726,-0.0014407899746312972,16040000.0,244000.0
2021-12-31,Unclassified,Hedge Fund - Activist,716602000.0,0.46334562279917907,1.0,-0.536654377200821,29323000.0,687279000.0
2021-12-31,Unclassified,Hedge Fund - Value,1040306000.0,0.5950842196908074,0.6470804390522918,-0.051996219361484464,964993000.0,75313000.0
2022-03-31,Communication Services,Asset Manager - Index/Active,243136155000.0,0.06549940179625421,0.0775968164777466,-0.012097414681492391,277158730000.0,-34022575000.0
2022-03-31,Consumer Discretionary,Asset Manager - Index/Active,295541052000.0,0.079616962406252,0.07920936304119433,0.00040759936505767314,282918391000.0,12622661000.0
2022-03-31,Consumer Staples,Asset Manager - Index/Active,146905552000.0,0.039575462466898505,0.03604495086923965,0.003530511597658853,128744622000.0,18160930000.0
2022-03-31,ETF - Broad Equity,Asset Manager - Index/Active,101409799000.0,0.027319183240264614,0.031576414855266896,-0.004257231615002282,112783996000.0,-11374197000.0
2022-03-31,ETF - Broad Equity,Hedge Fund - Value,829000.0,0.0005267548912273389,0.014610772730239868,-0.014084017839012529,23278000.0,-22449000.0
2022-03-31,ETF - Commodity,Asset Manager - Index/Active,866293000.0,0.0002333740668074744,0.00022014711909789845,1.3226947709575962e-05,786317000.0,79976000.0
2022-03-31,ETF - Commodity,Hedge Fund - Value,69594000.0,0.04422072364303429,0.030502252074459748,0.013718471568574541,53323000.0,16271000.0
2022-03-31,ETF - Fixed Income,Asset Manager - Index/Active,11936719000.0,0.0032156795187864256,0.003511434698946224,-0.0002957551801597985,12542071000.0,-605352000.0
2022-03-31,ETF - International Equity,Asset Manager - Index/Active,15183483000.0,0.004090337998820436,0.004067777529333311,2.2560469487124986e-05,14529205000.0,654278000.0
2022-03-31,ETF - Sector,Asset Manager - Index/Active,1891187000.0,0.0005094742786602536,0.000467066886390934,4.240739226931962e-05,1668260000.0,222927000.0
2022-03-31,ETF - Sector,Hedge Fund - Value,1123000.0,0.0007135654316626074,,,,
2022-03-31,Energy,Asset Manager - Index/Active,141874772000.0,0.0382202009239636,1.0,-0.9617797990760364,612202000.0,141262570000.0
2022-03-31,Energy,Hedge Fund - Value,232099000.0,0.1474780259336238,0.08804941864788585,0.059428607285737955,153925000.0,78174000.0
2022-03-31,Financials,Asset Manager - Index/Active,387021160000.0,0.1042611472674329,0.10914760825181363,-0.004886460984380739,389851206000.0,-2830046000.0
2022-03-31,Financials,Hedge Fund - Value,266373000.0,0.16925606832436663,0.15664359105485406,0.012612477269512562,273839000.0,-7466000.0
2022-03-31,Health Care,Asset Manager - Index/Active,356771576000.0,0.0961120932668646,0.09214143235291684,0.003970660913947752,329108893000.0,27662683000.0
2022-03-31,Health Care,Hedge Fund - Value,89283000.0,0.05673131116218395,0.050837277466785194,0.005894033695398759,88872000.0,411000.0
2022-03-31,Industrials,Asset Manager - Index/Active,103100512000.0,0.027774651042283403,0.026119159394393212,0.0016554916478901914,93291882000.0,9808630000.0
2022-03-31,Information Technology,Asset Manager - Index/Active,619499011000.0,0.1668892667726489,0.15347600656160298,0.013413260211045913,548182477000.0,71316534000.0
2022-03-31,Information Technology,Hedge Fund - Value,15338000.0,0.00974591860270799,0.009117555197847344,0.0006283634048606466,15939000.0,-601000.0
2022-03-31,Materials,Asset Manager - Index/Active,45196416000.0,0.012175639658917254,0.010055336700291687,0.002120302958625567,35915447000.0,9280969000.0
2022-03-31,Materials,Hedge Fund - Value,16779000.0,0.0106615444148414,0.00931490487745443,0.0013466395373869702,16284000.0,495000.0
2022-03-31,Real Estate,Asset Manager - Index/Active,68556694000.0,0.01846875651269903,0.017046970688687362,0.0014217858240116663,60888023000.0,7668671000.0
2022-03-31,Unclassified,Asset Manager - Index/Active,1138407916000.0,0.30668017061518643,0.3231863600544339,-0.016506189439247476,1154350464000.0,-15942548000.0
2022-03-31,Unclassified,Hedge Fund - Activist,57964000.0,1.0,0.46334562279917907,0.536654377200821,716602000.0,-658638000.0
2022-03-31,Unclassified,Hedge Fund - Value,882369000.0,0.560666087596352,0.5950842196908074,-0.034418132094455434,1040306000.0,-157937000.0
2022-03-31,Utilities,Asset Manager - Index/Active,34737971000.0,0.009358198167259933,0.008732248922466424,0.000625949244793509,31189669000.0,3548302000.0
2022-06-30,Communication Services,Asset Manager - Index/Active,194239564000.0,0.06230900056300113,0.06549940179625421,-0.003190401233253086,243136155000.0,-48896591000.0
2022-06-30,Communication Services,Hedge Fund - Value,22170000.0,0.017237746388198402,0.0003807503217583843,0.01685699606644002,547000.0,21623000.0
2022-06-30,Consumer Discretionary,Asset Manager - Index/Active,218163363000.0,0.06998337943135632,0.079616962406252,-0.00963358297489568,295541052000.0,-77377689000.0
2022-06-30,Consumer Discretionary,Hedge Fund - Activist,34099000.0,0.029491256580591763,0.17777654207794996,-0.1482852854973582,274946000.0,-240847000.0
2022-06-30,Consumer Discretionary,Hedge Fund - Value,2035000.0,0.001582264948127368,0.06045078098990599,-0.058868516041778625,105678000.0,-103643000.0
2022-06-30,Consumer Staples,Asset Manager - Index/Active,143070251000.0,0.045894688839538955,0.039575462466898505,0.0063192263726404505,146905552000.0,-3835301000.0
2022-06-30,Consumer Staples,Hedge Fund - Activist,214582000.0,0.18558587699277226,0.13505135841487875,0.05053451857789351,208868000.0,5714000.0
2022-06-30,ETF - Broad Equity,Asset Manager - Index/Active,84606071000.0,0.027140298387265293,0.027319183240264614,-0.00017888485299932116,101409799000.0,-16803728000.0
2022-06-30,ETF - Broad Equity,Hedge Fund - Activist,157661000.0,0.1363565208291351,0.10169845504473736,0.03465806578439774,157285000.0,376000.0
2022-06-30,ETF - Commodity,Asset Manager - Index/Active,657735000.0,0.00021099105476423714,0.0002333740668074744,-2.2383012043237263e-05,866293000.0,-208558000.0
2022-06-30,ETF - Commodity,Hedge Fund - Value,75377000.0,0.058607560194101536,0.04422072364303429,0.014386836551067247,69594000.0,5783000.0
2022-06-30,ETF - Fixed Income,Asset Manager - Index/Active,11009412000.0,0.0035316464080732356,0.0032156795187864256,0.00031596688928681,11936719000.0,-927307000.0
2022-06-30,ETF - International Equity,Asset Manager - Index/Active,14138535000.0,0.004535419906909445,0.004090337998820436,0.00044508190808900845,15183483000.0,-1044948000.0
2022-06-30,ETF - Sector,Asset Manager - Index/Active,2215416000.0,0.0007106706478772868,0.0005094742786602536,0.0002011963692170332,1891187000.0,324229000.0
2022-06-30,ETF - Sector,Hedge Fund - Value,1051000.0,0.0008171795874603754,0.0007135654316626074,0.00010361415579776794,1123000.0,-72000.0
2022-06-30,Energy,Asset Manager - Index/Active,134893022000.0,0.04327156224332816,0.0382202009239636,0.00505136131936456,141874772000.0,-6981750000.0
2022-06-30,Energy,Hedge Fund - Value,182768000.0,0.14210683048616354,0.1474780259336238,-0.0053711954474602586,232099000.0,-49331000.0
2022-06-30,Financials,Asset Manager - Index/Active,317175382000.0,0.10174487961478383,0.1042611472674329,-0.0025162676526490624,387021160000.0,-69845778000.0
2022-06-30,Financials,Hedge Fund - Value,209774000.0,0.1631046915127619,0.16925606832436663,-0.006151376811604714,266373000.0,-56599000.0
2022-06-30,Health Care,Asset Manager - Index/Active,345729229000.0,0.11090450514194393,0.0961120932668646,0.014792411875079334,356771576000.0,-11042347000.0
2022-06-30,Health Care,Hedge Fund - Activist,159808000.0,0.1382134001475471,0.12212802166325484,0.016085378484292256,188881000.0,-29073000.0
2022-06-30,Health Care,Hedge Fund - Value,38796000.0,0.030164889890687652,0.05673131116218395,-0.0265664212714963,89283000.0,-50487000.0
2022-06-30,Industrials,Asset Manager - Index/Active,85419518000.0,0.027401239405342184,0.027774651042283403,-0.0003734116369412191,103100512000.0,-17680994000.0
2022-06-30,Information Technology,Asset Manager - Index/Active,484545074000.0,0.15543444737481713,0.1668892667726489,-0.011454819397831772,619499011000.0,-134953937000.0
2022-06-30,Materials,Asset Manager - Index/Active,37444220000.0,0.012011517514841303,0.012175639658917254,-0.00016412214407595174,45196416000.0,-7752196000.0
2022-06-30,Materials,Hedge Fund - Value,17095000.0,0.013291803090042928,0.0106615444148414,0.0026302586752015283,16779000.0,316000.0
2022-06-30,Real Estate,Asset Manager - Index/Active,57942046000.0,0.018586898067972583,0.01846875651269903,0.000118141555273555,68556694000.0,-10614648000.0
2022-06-30,Unclassified,Asset Manager - Index/Active,953069540000.0,0.30572973539231807,0.30668017061518643,-0.0009504352228683621,1138407916000.0,-185338376000.0
2022-06-30,Unclassified,Hedge Fund - Activist,590091000.0,0.5103529454499538,1.0,-0.4896470545500462,57964000.0,532127000.0
2022-06-30,Unclassified,Hedge Fund - Value,737065000.0,0.5730870339024563,0.560666087596352,0.012420946306104352,882369000.0,-145304000.0
2022-06-30,Utilities,Asset Manager - Index/Active,33041269000.0,0.010599120005866939,0.009358198167259933,0.0012409218386070058,34737971000.0,-1696702000.0
2022-09-30,Communication Services,Asset Manager - Index/Active,167168557000.0,0.056855066689873474,0.06230900056300113,-0.005453933873127655,194239564000.0,-27071007000.0
2022-09-30,Consumer Discretionary,Asset Manager - Index/Active,229087212000.0,0.07791398663599867,0.06998337943135632,0.007930607204642351,218163363000.0,10923849000.0
2022-09-30,Consumer Discretionary,Hedge Fund - Value,2517000.0,0.0017823860320985276,0.001582264948127368,0.0002001210839711596,2035000.0,482000.0
2022-09-30,Consumer Staples,Asset Manager - Index/Active,131516511000.0,0.044729583947563045,0.045894688839538955,-0.00116510489197591,143070251000.0,-11553740000.0
2022-09-30,Consumer Staples,Hedge Fund - Activist,201408000.0,0.1724055872941958,0.18558587699277226,-0.013180289698576458,214582000.0,-13174000.0
2022-09-30,ETF - Broad Equity,Asset Manager - Index/Active,85551582000.0,0.029096625509749296,0.027140298387265293,0.001956327122484003,84606071000.0,945511000.0
2022-09-30,ETF - Broad Equity,Hedge Fund - Activist,54485000.0,0.04663925178604752,0.1363565208291351,-0.08971726904308758,157661000.0,-103176000.0
2022-09-30,ETF - Commodity,Asset Manager - Index/Active,749478000.0,0.00025490213253795684,0.00021099105476423714,4.3911077773719695e-05,657735000.0,91743000.0
2022-09-30,ETF - Commodity,Hedge Fund - Value,65926000.0,0.04668477614307808,0.058607560194101536,-0.011922784051023455,75377000.0,-9451000.0
2022-09-30,ETF - Fixed Income,Asset Manager - Index/Active,9975975000.0,0.00339289118779383,0.0035316464080732356,-0.00013875522027940578,11009412000.0,-1033437000.0
2022-09-30,ETF - International Equity,Asset Manager - Index/Active,12676801000.0,0.004311458920287592,0.004535419906909445,-0.00022396098662185327,14138535000.0,-1461734000.0
2022-09-30,ETF - Sector,Asset Manager - Index/Active,1452410000.0,0.0004939736807744242,0.0007106706478772868,-0.00021669696710286258,2215416000.0,-763006000.0
2022-09-30,ETF - Thematic,Asset Manager - Index/Active,0.0,0.0,6.145395895292701e-07,-6.145395895292701e-07,2195000.0,-2195000.0
2022-09-30,Energy,Asset Manager - Index/Active,134490499000.0,0.04574105577641232,0.04327156224332816,0.0024694935330841564,134893022000.0,-402523000.0
2022-09-30,Energy,Hedge Fund - Value,229282000.0,0.16236354160175392,0.14210683048616354,0.02025671111559038,182768000.0,46514000.0
2022-09-30,Financials,Asset Manager - Index/Active,301821066000.0,0.1026512230756332,0.10174487961478383,0.0009063434608493626,317175382000.0,-15354316000.0
2022-09-30,Financials,Hedge Fund - Activist,5423000.0,0.004642097135647163,,,,
2022-09-30,Financials,Hedge Fund - Value,183828000.0,0.1301757884420374,0.1631046915127619,-0.03292890307072452,209774000.0,-25946000.0
2022-09-30,Health Care,Asset Manager - Index/Active,328003727000.0,0.11155610904215708,0.11090450514194393,0.0006516039002131546,345729229000.0,-17725502000.0
2022-09-30,Health Care,Hedge Fund - Activist,118822000.0,0.10171183216888571,0.1382134001475471,-0.03650156797866139,159808000.0,-40986000.0
2022-09-30,Health Care,Hedge Fund - Value,24995000.0,0.017699935984228327,0.030164889890687652,-0.012464953906459325,38796000.0,-13801000.0
2022-09-30,Industrials,Asset Manager - Index/Active,78160789000.0,0.026582970810282994,0.027401239405342184,-0.0008182685950591899,85419518000.0,-7258729000.0
2022-09-30,Information Technology,Asset Manager - Index/Active,445283613000.0,0.15144372821871527,0.15543444737481713,-0.003990719156101857,484545074000.0,-39261461000.0
2022-09-30,Information Technology,Hedge Fund - Value,18426000.0,0.013048170451906028,0.00974591860270799,0.0033022518491980374,15338000.0,3088000.0
2022-09-30,Materials,Asset Manager - Index/Active,33091884000.0,0.01125475571170694,0.012011517514841303,-0.0007567618031343627,37444220000.0,-4352336000.0
2022-09-30,Materials,Hedge Fund - Value,16457000.0,0.011653844628623547,0.013291803090042928,-0.0016379584614193803,17095000.0,-638000.0
2022-09-30,Real Estate,Asset Manager - Index/Active,51876729000.0,0.0176435984127535,0.018586898067972583,-0.000943299655219082,57942046000.0,-6065317000.0
2022-09-30,Unclassified,Asset Manager - Index/Active,897831519000.0,0.305358087699563,0.30572973539231807,-0.0003716476927550505,953069540000.0,-55238021000.0
2022-09-30,Unclassified,Hedge Fund - Activist,788084000.0,0.6746012316152238,0.5103529454499538,0.16424828616526999,590091000.0,197993000.0
2022-09-30,Unclassified,Hedge Fund - Value,870721000.0,0.6165915567162742,0.5730870339024563,0.04350452281381789,737065000.0,133656000.0
2022-09-30,Utilities,Asset Manager - Index/Active,31519513000.0,0.01071998254819735,0.010599120005866939,0.00012086254233041084,33041269000.0,-1521756000.0
2022-12-31,Communication Services,Asset Manager - Index/Active,166020043264.0,0.05201834009694693,0.056855066689873474,-0.004836726592926541,167168557000.0,-1148513736.0
2022-12-31,Consumer Discretionary,Asset Manager - Index/Active,207667428803.0,0.06506753477563633,0.07791398663599867,-0.012846451860362346,229087212000.0,-21419783197.0
2022-12-31,Consumer Discretionary,Hedge Fund - Contrarian Value,14412250.0,0.3096949357956075,,,,
2022-12-31,Consumer Discretionary,Hedge Fund - Value,91952.0,6.366353625016515e-05,0.0017823860320985276,-0.0017187224958483624,2517000.0,-2425048.0
2022-12-31,Consumer Staples,Asset Manager - Index/Active,148957888032.0,0.04667232899975832,0.044729583947563045,0.0019427450521952716,131516511000.0,17441377032.0
2022-12-31,Consumer Staples,Hedge Fund - Activist,234453376.0,0.19147149658612053,0.1724055872941958,0.019065909291924726,201408000.0,33045376.0
2022-12-31,ETF - Broad Equity,Asset Manager - Index/Active,87533912867.0,0.027426621268201317,0.029096625509749296,-0.0016700042415479788,85551582000.0,1982330867.0
2022-12-31,ETF - Broad Equity,Hedge Fund - Activist,44527472.0,0.03636433754332707,0.04663925178604752,-0.010274914242720451,54485000.0,-9957528.0
2022-12-31,ETF - Commodity,Asset Manager - Index/Active,683172164.0,0.00021405537110485263,0.00025490213253795684,-4.084676143310421e-05,749478000.0,-66305836.0
2022-12-31,ETF - Commodity,Hedge Fund - Value,69105235.0,0.04784543711391467,0.04668477614307808,0.0011606609708365856,65926000.0,3179235.0
2022-12-31,ETF - Fixed Income,Asset Manager - Index/Active,9923185191.0,0.003109188577246661,0.00339289118779383,-0.00028370261054716864,9975975000.0,-52789809.0
2022-12-31,ETF - International Equity,Asset Manager - Index/Active,13201548328.0,0.00413638388010886,0.004311458920287592,-0.00017507504017873123,12676801000.0,524747328.0
2022-12-31,ETF - Sector,Asset Manager - Index/Active,1589568315.0,0.0004980525458936003,0.0004939736807744242,4.078865119176082e-06,1452410000.0,137158315.0
2022-12-31,ETF - Thematic,Asset Manager - Index/Active,70.0,2.1932796397336356e-11,0.0,2.1932796397336356e-11,0.0,70.0
2022-12-31,Energy,Asset Manager - Index/Active,159880020705.0,0.05009451345892409,0.04574105577641232,0.004353457682511774,134490499000.0,25389521705.0
2022-12-31,Energy,Hedge Fund - Value,290973857.0,0.20145755060216058,0.16236354160175392,0.03909400900040666,229282000.0,61691857.0
2022-12-31,Financials,Asset Manager - Index/Active,341345493537.0,0.10695230301279021,0.1026512230756332,0.004301079937157018,301821066000.0,39524427537.0
2022-12-31,Financials,Hedge Fund - Value,220261843.0,0.152499650103953,0.1301757884420374,0.022323861661915606,183828000.0,36433843.0
2022-12-31,Health Care,Asset Manager - Index/Active,372158277726.0,0.11660673904211023,0.11155610904215708,0.005050629999953149,328003727000.0,44154550726.0
2022-12-31,Health Care,Hedge Fund - Activist,23150178.0,0.01890610109148133,0.10171183216888571,-0.08280573107740438,118822000.0,-95671822.0
2022-12-31,Health Care,Hedge Fund - Value,36318223.0,0.02514514645143207,0.017699935984228327,0.007445210467203742,24995000.0,11323223.0
2022-12-31,Industrials,Asset Manager - Index/Active,96346435432.0,0.030187810741988137,0.026582970810282994,0.003604839931705142,78160789000.0,18185646432.0
2022-12-31,Information Technology,Asset Manager - Index/Active,465935170590.0,0.1459894461558379,0.15144372821871527,-0.005454282062877375,445283613000.0,20651557590.0
2022-12-31,Materials,Asset Manager - Index/Active,38250385351.0,0.011984827343187718,0.01125475571170694,0.0007300716314807779,33091884000.0,5158501351.0
2022-12-31,Materials,Hedge Fund - Value,23769258.0,0.016456792873700714,0.011653844628623547,0.0048029482450771665,16457000.0,7312258.0
2022-12-31,Real Estate,Asset Manager - Index/Active,55072864595.0,0.017255741802574415,0.0176435984127535,-0.00038785661017908674,51876729000.0,3196135595.0
2022-12-31,Unclassified,Asset Manager - Index/Active,991745845879.0,0.3107394245081176,0.305358087699563,0.005381336808554571,897831519000.0,93914326879.0
2022-12-31,Unclassified,Hedge Fund - Activist,922350843.0,0.7532580647790711,0.6746012316152238,0.0786568331638473,788084000.0,134266843.0
2022-12-31,Unclassified,Hedge Fund - Contrarian Value,32124675.0,0.6903050642043925,,,,
2022-12-31,Unclassified,Hedge Fund - Value,803822900.0,0.5565317593185888,0.6165915567162742,-0.06005979739768541,870721000.0,-66898100.0
2022-12-31,Utilities,Asset Manager - Index/Active,35256251589.0,0.01104668839764005,0.01071998254819735,0.00032670584944270026,31519513000.0,3736738589.0
2023-03-31,Communication Services,Asset Manager - Index,236819516738.0,0.06029777034125765,,,,
2023-03-31,Communication Services,Asset Manager - Index/Active,199725989366.0,0.05891305926680322,0.05201834009694693,0.006894719169856289,166020043264.0,33705946102.0
2023-03-31,Communication Services,Hedge Fund - Contrarian Value,7384000.0,0.06905089636461058,,,,
2023-03-31,Consumer Discretionary,Asset Manager - Index,291370936857.0,0.07418737305404419,,,,
2023-03-31,Consumer Discretionary,Asset Manager - Index/Active,243006441954.0,0.07167946926935129,0.06506753477563633,0.006611934493714958,207667428803.0,35339013151.0
2023-03-31,Consumer Discretionary,Hedge Fund - Contrarian Value,21190500.0,0.1981612973204605,0.3096949357956075,-0.11153363847514697,14412250.0,6778250.0
2023-03-31,Consumer Staples,Asset Manager - Index,187078705682.0,0.04763302022709902,,,,
2023-03-31,Consumer Staples,Asset Manager - Index/Active,149963254620.0,0.04423457425503552,0.04667232899975832,-0.0024377547447227976,148957888032.0,1005366588.0
2023-03-31,Consumer Staples,Hedge Fund - Activist,239438715.0,0.18121843169179472,0.19147149658612053,-0.010253064894325814,234453376.0,4985339.0
2023-03-31,ETF - Broad Equity,Asset Manager - Index,17916735630.0,0.004561867303690082,,,,
2023-03-31,ETF - Broad Equity,Asset Manager - Index/Active,88902408066.0,0.026223491754776014,0.027426621268201317,-0.001203129513425303,87533912867.0,1368495199.0
2023-03-31,ETF - Broad Equity,Hedge Fund - Activist,92740345.0,0.07019023584158467,0.03636433754332707,0.0338258982982576,44527472.0,48212873.0
2023-03-31,ETF - Broad Equity,Hedge Fund - Value,1318321.0,0.0007166022464844802,0.0005267548912273389,0.00018984735525714124,829000.0,489321.0
2023-03-31,ETF - Commodity,Asset Manager - Index,508619.0,1.2950196029295016e-07,,,,
2023-03-31,ETF - Commodity,Asset Manager - Index/Active,1655083692.0,0.0004881990768844541,0.00021405537110485263,0.00027414370577960145,683172164.0,971911528.0
2023-03-31,ETF - Commodity,Hedge Fund - Value,76585324.0,0.04162962982926144,0.04784543711391467,-0.006215807284653228,69105235.0,7480089.0
2023-03-31,ETF - Fixed Income,Asset Manager - Index,1479818508.0,0.00037678379624785693,,,,
2023-03-31,ETF - Fixed Income,Asset Manager - Index/Active,14223534882.0,0.004195507836244351,0.003109188577246661,0.0010863192589976897,9923185191.0,4300349691.0
2023-03-31,ETF - International Equity,Asset Manager - Index,3581922420.0,0.0009120107094057987,,,,
2023-03-31,ETF - International Equity,Asset Manager - Index/Active,13228290199.0,0.003901941089219234,0.00413638388010886,-0.00023444279088962643,13201548328.0,26741871.0
2023-03-31,ETF - Sector,Asset Manager - Index,164105345.0,4.178366099585522e-05,,,,
2023-03-31,ETF - Sector,Asset Manager - Index/Active,1644617401.0,0.00048511184109734437,0.0004980525458936003,-1.2940704796255938e-05,1589568315.0,55049086.0
2023-03-31,ETF - Thematic,Asset Manager - Index/Active,6690.0,1.973345420623598e-09,2.1932796397336356e-11,1.951412624226262e-09,70.0,6620.0
2023-03-31,Energy,Asset Manager - Index,185514625741.0,0.047234782217086844,,,,
2023-03-31,Energy,Asset Manager - Index/Active,148480306480.0,0.04379714990210708,0.05009451345892409,-0.006297363556817016,159880020705.0,-11399714225.0
2023-03-31,Energy,Hedge Fund - Contrarian Value,6125362.0,0.05728084190922586,,,,
2023-03-31,Energy,Hedge Fund - Value,347766390.0,0.18903603623533105,0.20145755060216058,-0.012421514366829534,290973857.0,56792533.0
2023-03-31,Financials,Asset Manager - Index,406205270674.0,0.10342590196907984,,,,
2023-03-31,Financials,Asset Manager - Index/Active,329577715416.0,0.0972153476017565,0.10695230301279021,-0.009736955411033713,341345493537.0,-11767778121.0
2023-03-31,Financials,Hedge Fund - Contrarian Value,28514380.0,0.266649986224421,,,,
2023-03-31,Financials,Hedge Fund - Value,257653045.0,0.14005295437193738,0.152499650103953,-0.012446695732015622,220261843.0,37391202.0
2023-03-31,Health Care,Asset Manager - Index,385021478775.0,0.0980321935599201,,,,
2023-03-31,Health Care,Asset Manager - Index/Active,351105073390.0,0.10356525990012987,0.11660673904211023,-0.013041479141980367,372158277726.0,-21053204336.0
2023-03-31,Health Care,Hedge Fund - Contrarian Value,6388250.0,0.05973921840482442,,,,
2023-03-31,Health Care,Hedge Fund - Value,89559751.0,0.04868216372278881,0.02514514645143207,0.02353701727135674,36318223.0,53241528.0
2023-03-31,Industrials,Asset Manager - Index,128559744505.0,0.03273322256572862,,,,
2023-03-31,Industrials,Asset Manager - Index/Active,98157731349.0,0.02895352909661443,0.030187810741988137,-0.0012342816453737061,96346435432.0,1811295917.0
2023-03-31,Information Technology,Asset Manager - Index,701306084792.0,0.1785629572350579,,,,
2023-03-31,Information Technology,Asset Manager - Index/Active,583602253177.0,0.17214481820215943,0.1459894461558379,0.02615537204632154,465935170590.0,117667082587.0
2023-03-31,Materials,Asset Manager - Index,35113840700.0,0.008940505966281986,,,,
2023-03-31,Materials,Asset Manager - Index/Active,31644509312.0,0.009334162561840957,0.011984827343187718,-0.0026506647813467604,38250385351.0,-6605876039.0
2023-03-31,Materials,Hedge Fund - Value,27214909.0,0.014793259704784113,0.016456792873700714,-0.0016635331689166012,23769258.0,3445651.0
2023-03-31,Real Estate,Asset Manager - Index,81070082265.0,0.020641648413504476,,,,
2023-03-31,Real Estate,Asset Manager - Index/Active,56431043704.0,0.016645432238310692,0.017255741802574415,-0.0006103095642637224,55072864595.0,1358179109.0
2023-03-31,Unclassified,Asset Manager - Index,1225981932354.0,0.3121532296740429,,,,
2023-03-31,Unclassified,Asset Manager - Index/Active,1045049313530.0,0.30825759001199704,0.3107394245081176,-0.0024818344961205496,991745845879.0,53303467651.0
2023-03-31,Unclassified,Hedge Fund - Activist,989092252.0,0.7485913324666206,0.7532580647790711,-0.004666732312450517,922350843.0,66741409.0
2023-03-31,Unclassified,Hedge Fund - Contrarian Value,37333122.0,0.34911775977645765,0.6903050642043925,-0.3411873044279349,32124675.0,5208447.0
2023-03-31,Unclassified,Hedge Fund - Value,1039585301.0,0.5650893538894127,0.5565317593185888,0.008557594570823945,803822900.0,235762401.0
2023-03-31,Utilities,Asset Manager - Index,40315083821.0,0.010264819804596564,,,,
2023-03-31,Utilities,Asset Manager - Index/Active,33784363539.0,0.00996535412232713,0.01104668839764005,-0.0010813342753129198,35256251589.0,-1471888050.0
2023-06-30,Communication Services,Asset Manager - Index,264364585351.0,0.06268365641152755,0.06029777034125765,0.0023858860702699047,236819516738.0,27545068613.0
2023-06-30,Communication Services,Asset Manager - Index/Active,223876398308.0,0.06170832228592052,0.05891305926680322,0.0027952630191172972,199725989366.0,24150408942.0
2023-06-30,Communication Services,Hedge Fund - Activist,1395903779.0,0.11484126114875888,,,,
2023-06-30,Communication Services,Hedge Fund - Contrarian Value,16385000.0,0.009434233540259001,0.06905089636461058,-0.059616662824351574,7384000.0,9001000.0
2023-06-30,Consumer Discretionary,Asset Manager - Index,331020662436.0,0.07848852160626961,0.07418737305404419,0.004301148552225423,291370936857.0,39649725579.0
2023-06-30,Consumer Discretionary,Asset Manager - Index/Active,278109707080.0,0.07665695698626189,0.07167946926935129,0.004977487716910603,243006441954.0,35103265126.0
2023-06-30,Consumer Discretionary,Hedge Fund - Activist,6893831136.0,0.5671567580195089,0.029491256580591763,0.5376655014389171,34099000.0,6859732136.0
2023-06-30,Consumer Discretionary,Hedge Fund - Contrarian Value,8072700.0,0.004648137754070725,0.1981612973204605,-0.1935131595663898,21190500.0,-13117800.0
2023-06-30,Consumer Discretionary,Hedge Fund - Value,2641171.0,0.001238477585527994,6.366353625016515e-05,0.0011748140492778287,91952.0,2549219.0
2023-06-30,Consumer Staples,Asset Manager - Index,190053535853.0,0.04506371579759074,0.04763302022709902,-0.0025693044295082776,187078705682.0,2974830171.0
2023-06-30,Consumer Staples,Asset Manager - Index/Active,149211607359.0,0.041128042193362274,0.04423457425503552,-0.003106532061673245,149963254620.0,-751647261.0
2023-06-30,Consumer Staples,Hedge Fund - Activist,239502187.0,0.019703889062231618,0.18121843169179472,-0.1615145426295631,239438715.0,63472.0
2023-06-30,ETF - Broad Equity,Asset Manager - Index,20582586422.0,0.004880350269398669,0.004561867303690082,0.000318482965708587,17916735630.0,2665850792.0
2023-06-30,ETF - Broad Equity,Asset Manager - Index/Active,93890062050.0,0.025879450679993542,0.026223491754776014,-0.0003440410747824717,88902408066.0,4987653984.0
2023-06-30,ETF - Broad Equity,Hedge Fund - Activist,98023836.0,0.008064439052485087,0.07019023584158467,-0.06212579678909958,92740345.0,5283491.0
2023-06-30,ETF - Broad Equity,Hedge Fund - Contrarian Value,1627314187.0,0.9369827332032168,,,,
2023-06-30,ETF - Broad Equity,Hedge Fund - Value,1362811.0,0.0006390388493630253,0.0007166022464844802,-7.756339712145486e-05,1318321.0,44490.0
2023-06-30,ETF - Commodity,Asset Manager - Index,495056.0,1.1738304571795702e-07,1.2950196029295016e-07,-1.2118914574993146e-08,508619.0,-13563.0
2023-06-30,ETF - Commodity,Asset Manager - Index/Active,1495919549.0,0.000412328795447672,0.0004881990768844541,-7.58702814367821e-05,1655083692.0,-159164143.0
2023-06-30,ETF - Commodity,Hedge Fund - Value,68462451.0,0.032102885808532884,0.04162962982926144,-0.009526744020728554,76585324.0,-8122873.0
2023-06-30,ETF - Fixed Income,Asset Manager - Index,2184872561.0,0.0005180565344441292,0.00037678379624785693,0.00014127273819627224,1479818508.0,705054053.0
2023-06-30,ETF - Fixed Income,Asset Manager - Index/Active,10433728464.0,0.0028759077936143804,0.004195507836244351,-0.0013196000426299705,14223534882.0,-3789806418.0
2023-06-30,ETF - International Equity,Asset Manager - Index,3737346048.0,0.0008861645187942576,0.0009120107094057987,-2.584619061154114e-05,3581922420.0,155423628.0
2023-06-30,ETF - International Equity,Asset Manager - Index/Active,12690552436.0,0.0034979689937198618,0.003901941089219234,-0.00040397209549937214,13228290199.0,-537737763.0
2023-06-30,ETF - International Equity,Hedge Fund - Contrarian Value,811500.0,0.0004672493450058089,,,,
2023-06-30,ETF - Sector,Asset Manager - Index,158082247.0,3.748298298939589e-05,4.178366099585522e-05,-4.300678006459328e-06,164105345.0,-6023098.0
2023-06-30,ETF - Sector,Asset Manager - Index/Active,1683188409.0,0.0004639467741820743,0.00048511184109734437,-2.1165066915270056e-05,1644617401.0,38571008.0
2023-06-30,ETF - Thematic,Asset Manager - Index/Active,16.0,4.410170808699521e-12,1.973345420623598e-09,-1.9689352498148987e-09,6690.0,-6674.0
2023-06-30,Energy,Asset Manager - Index,179874453705.0,0.0426501471000181,0.047234782217086844,-0.004584635117068747,185514625741.0,-5640172036.0
2023-06-30,Energy,Asset Manager - Index/Active,140506553654.0,0.038728618834740235,0.04379714990210708,-0.005068531067366842,148480306480.0,-7973752826.0
2023-06-30,Energy,Hedge Fund - Contrarian Value,8754904.0,0.005040940430793267,0.05728084190922586,-0.05223990147843259,6125362.0,2629542.0
2023-06-30,Energy,Hedge Fund - Value,327695377.0,0.15366039506553938,0.18903603623533105,-0.035375641169791666,347766390.0,-20071013.0
2023-06-30,Financials,Asset Manager - Index,421426430597.0,0.09992469128648697,0.10342590196907984,-0.0035012106825928757,406205270674.0,15221159923.0
2023-06-30,Financials,Asset Manager - Index/Active,342018320069.0,0.09427245070054707,0.0972153476017565,-0.002942896901209427,329577715416.0,12440604653.0
2023-06-30,Financials,Hedge Fund - Contrarian Value,2248000.0,0.0012943641744584823,0.266649986224421,-0.2653556220499625,28514380.0,-26266380.0
2023-06-30,Financials,Hedge Fund - Value,199637467.0,0.09361246511910232,0.14005295437193738,-0.04644048925283506,257653045.0,-58015578.0
2023-06-30,Health Care,Asset Manager - Index,393620490626.0,0.09333160702360224,0.0980321935599201,-0.004700586536317858,385021478775.0,8599011851.0
2023-06-30,Health Care,Asset Manager - Index/Active,355542857272.0,0.09800029564891215,0.10356525990012987,-0.005564964251217719,351105073390.0,4437783882.0
2023-06-30,Health Care,Hedge Fund - Contrarian Value,14629500.0,0.008423443367544647,0.05973921840482442,-0.05131577503727977,6388250.0,8241250.0
2023-06-30,Health Care,Hedge Fund - Value,80335701.0,0.037670398851940616,0.04868216372278881,-0.011011764870848192,89559751.0,-9224050.0
2023-06-30,Industrials,Asset Manager - Index,133547929956.0,0.031665635337342984,0.03273322256572862,-0.0010675872283856386,128559744505.0,4988185451.0
2023-06-30,Industrials,Asset Manager - Index/Active,101849098349.0,0.028073245026945394,0.02895352909661443,-0.0008802840696690364,98157731349.0,3691367000.0
2023-06-30,Industrials,Hedge Fund - Activist,1219265797.0,0.10030922181709104,,,,
2023-06-30,Information Technology,Asset Manager - Index,833256753163.0,0.19757404324223696,0.1785629572350579,0.019011086007179046,701306084792.0,131950668371.0
2023-06-30,Information Technology,Asset Manager - Index/Active,697521080268.0,0.19226169416565553,0.17214481820215943,0.020116875963496095,583602253177.0,113918827091.0
2023-06-30,Materials,Asset Manager - Index,33878254277.0,0.008032894603118968,0.008940505966281986,-0.0009076113631630179,35113840700.0,-1235586423.0
2023-06-30,Materials,Asset Manager - Index/Active,30931153914.0,0.008525729504432169,0.009334162561840957,-0.0008084330574087886,31644509312.0,-713355398.0
2023-06-30,Materials,Hedge Fund - Value,42477351.0,0.019918152632338128,0.014793259704784113,0.005124892927554015,27214909.0,15262442.0
2023-06-30,Real Estate,Asset Manager - Index,79386893663.0,0.018823477279844143,0.020641648413504476,-0.0018181711336603332,81070082265.0,-1683188602.0
2023-06-30,Real Estate,Asset Manager - Index/Active,55987035549.0,0.015432024365238883,0.016645432238310692,-0.001213407873071809,56431043704.0,-444008155.0
2023-06-30,Unclassified,Asset Manager - Index,1291427149092.0,0.3062111197183291,0.3121532296740429,-0.005942109955713815,1225981932354.0,65445216738.0
2023-06-30,Unclassified,Asset Manager - Index/Active,1099419315394.0,0.3030391857044394,0.30825759001199704,-0.005218404307557656,1045049313530.0,54370001864.0
2023-06-30,Unclassified,Hedge Fund - Activist,2308545101.0,0.18992443089992447,0.7485913324666206,-0.5586669015666961,989092252.0,1319452849.0
2023-06-30,Unclassified,Hedge Fund - Contrarian Value,58544268.0,0.03370889818465131,0.34911775977645765,-0.31540886159180637,37333122.0,21211146.0
2023-06-30,Unclassified,Hedge Fund - Value,1377352585.0,0.6458575775258555,0.5650893538894127,0.08076822363644276,1039585301.0,337767284.0
2023-06-30,Utilities,Asset Manager - Index,38919885030.0,0.009228318904960491,0.010264819804596564,-0.0010365008996360732,40315083821.0,-1395198791.0
2023-06-30,Utilities,Asset Manager - Index/Active,32810816395.0,0.00904383154217679,0.00996535412232713,-0.0009215225801503402,33784363539.0,-973547144.0
2023-06-30,Utilities,Hedge Fund - Value,32630000.0,0.015300608561800218,7.531973226345838e-06,0.015293076588573871,12000.0,32618000.0
2023-09-30,Communication Services,Asset Manager - Active,108168348874.0,0.09348832024109305,,,,
2023-09-30,Communication Services,Asset Manager - Growth,9501883556.0,0.08669444233263646,,,,
2023-09-30,Communication Services,Asset Manager - Index,389653723535.0,0.06633020384689906,0.06268365641152755,0.0036465474353715027,264364585351.0,125289138184.0
2023-09-30,Communication Services,Asset Manager - Index/Active,226567645940.0,0.06515327901438911,0.06170832228592052,0.00344495672846859,223876398308.0,2691247632.0
2023-09-30,Communication Services,Asset Manager - Value,24611524676.0,0.12318817210575127,,,,
2023-09-30,Communication Services,Family Office - Macro,410708782.0,0.05826145994229535,,,,
2023-09-30,Communication Services,Foundation / Endowment,16348741.0,0.0004201226841232522,,,,
2023-09-30,Communication Services,Hedge Fund - Activist,1957746038.0,0.0716253145120709,0.11484126114875888,-0.043215946636687985,1395903779.0,561842259.0
2023-09-30,Communication Services,Hedge Fund - Contrarian Value,6975094.0,0.07047247668084544,0.009434233540259001,0.06103824314058644,16385000.0,-9409906.0
2023-09-30,Communication Services,Hedge Fund - Event Driven,588055000.0,0.0762630607672979,,,,
2023-09-30,Communication Services,Hedge Fund - Global Macro,979076930.0,0.03692057699694553,,,,
2023-09-30,Communication Services,Hedge Fund - Long/Short,4351566641.0,0.05608628777640009,,,,
2023-09-30,Communication Services,Hedge Fund - Long/Short Growth,10286489805.0,0.2103000353666151,,,,
2023-09-30,Communication Services,Hedge Fund - Multi-strategy,47870970202.0,0.06400140397143768,,,,
2023-09-30,Communication Services,Hedge Fund - Opportunistic,1018680750.0,0.20108213792396906,,,,
2023-09-30,Communication Services,Hedge Fund - Quant,12769738339.0,0.055338940034706005,,,,
2023-09-30,Communication Services,Hedge Fund - Value,1489714.0,0.0008436105552308215,0.017237746388198402,-0.01639413583296758,22170000.0,-20680286.0
2023-09-30,Communication Services,Market Maker - Quant,53076737137.0,0.06719250680376888,,,,
2023-09-30,Communication Services,Pension Fund,7877813555.0,0.06777825786169317,,,,
2023-09-30,Consumer Discretionary,Asset Manager - Active,91400547293.0,0.0789961548316936,,,,
2023-09-30,Consumer Discretionary,Asset Manager - Growth,25633024385.0,0.23387370948712632,,,,
2023-09-30,Consumer Discretionary,Asset Manager - Index,465942455195.0,0.07931672705094243,0.07848852160626961,0.0008282054446728249,331020662436.0,134921792759.0
2023-09-30,Consumer Discretionary,Asset Manager - Index/Active,267965320842.0,0.07705786606275901,0.07665695698626189,0.00040090907649711904,278109707080.0,-10144386238.0
2023-09-30,Consumer Discretionary,Asset Manager - Value,11374119186.0,0.05693092850938397,,,,
2023-09-30,Consumer Discretionary,Family Office - Macro,744627397.0,0.10562978237521874,,,,
2023-09-30,Consumer Discretionary,Foundation / Endowment,175262885.0,0.004503827767128054,,,,
2023-09-30,Consumer Discretionary,Hedge Fund - Activist,6526827281.0,0.23878789571969472,0.5671567580195089,-0.3283688622998142,6893831136.0,-367003855.0
2023-09-30,Consumer Discretionary,Hedge Fund - Contrarian Value,20314050.0,0.20524188131637053,0.004648137754070725,0.2005937435622998,8072700.0,12241350.0
2023-09-30,Consumer Discretionary,Hedge Fund - Event Driven,599258600.0,0.07771602150670577,,,,
2023-09-30,Consumer Discretionary,Hedge Fund - Global Macro,2135772858.0,0.08053909129671293,,,,
2023-09-30,Consumer Discretionary,Hedge Fund - Long/Short,7073518911.0,0.09116887088347228,,,,
2023-09-30,Consumer Discretionary,Hedge Fund - Long/Short Growth,5530821961.0,0.11307375752604962,,,,
2023-09-30,Consumer Discretionary,Hedge Fund - Multi-strategy,70017708007.0,0.09361062866285823,,,,
2023-09-30,Consumer Discretionary,Hedge Fund - Opportunistic,975054750.0,0.192470598588342,,,,
2023-09-30,Consumer Discretionary,Hedge Fund - Quant,22539790093.0,0.09767843782216966,,,,
2023-09-30,Consumer Discretionary,Hedge Fund - Value,2101290.0,0.0011899400983014007,0.001238477585527994,-4.8537487226593245e-05,2641171.0,-539881.0
2023-09-30,Consumer Discretionary,Market Maker - Quant,109092174278.0,0.13810526151017977,,,,
2023-09-30,Consumer Discretionary,Pension Fund,9637755599.0,0.08292025187399844,,,,
2023-09-30,Consumer Staples,Asset Manager - Active,29659873838.0,0.025634594708543814,,,,
2023-09-30,Consumer Staples,Asset Manager - Growth,551621694.0,0.005032953188498771,,,,
2023-09-30,Consumer Staples,Asset Manager - Index,264517004434.0,0.04502835662881155,0.04506371579759074,-3.535916877919071e-05,190053535853.0,74463468581.0
2023-09-30,Consumer Staples,Asset Manager - Index/Active,141340859302.0,0.04064490498645784,0.041128042193362274,-0.0004831372069044326,149211607359.0,-7870748057.0
2023-09-30,Consumer Staples,Asset Manager - Value,3902117220.0,0.019531284388200724,,,,
2023-09-30,Consumer Staples,Foundation / Endowment,1242977632.0,0.031941487057688664,,,,
2023-09-30,Consumer Staples,Hedge Fund - Activist,125665000.0,0.004597529492310681,0.019703889062231618,-0.015106359569920937,239502187.0,-113837187.0
2023-09-30,Consumer Staples,Hedge Fund - Global Macro,3744680714.0,0.1412103261693787,,,,
2023-09-30,Consumer Staples,Hedge Fund - Long/Short,2947084172.0,0.03798425362827065,,,,
2023-09-30,Consumer Staples,Hedge Fund - Multi-strategy,13897290317.0,0.018580072389038527,,,,
2023-09-30,Consumer Staples,Hedge Fund - Quant,8723924945.0,0.037806002486691276,,,,
2023-09-30,Consumer Staples,Hedge Fund - Value,98077.0,5.554005159740277e-05,0.000538455297146187,-0.0004829152455487842,803000.0,-704923.0
2023-09-30,Consumer Staples,Market Maker - Quant,12685798964.0,0.01605958992919347,,,,
2023-09-30,Consumer Staples,Pension Fund,7287212171.0,0.06269690722820197,,,,
2023-09-30,ETF - Broad Equity,Asset Manager - Active,34408850481.0,0.029739065691413474,,,,
2023-09-30,ETF - Broad Equity,Asset Manager - Index,27933933096.0,0.004755154037009708,0.004880350269398669,-0.00012519623238896067,20582586422.0,7351346674.0
2023-09-30,ETF - Broad Equity,Asset Manager - Index/Active,85608600219.0,0.02461817084676287,0.025879450679993542,-0.0012612798332306725,93890062050.0,-8281461831.0
2023-09-30,ETF - Broad Equity,Asset Manager - Value,434320.0,2.173903795612613e-06,,,,
2023-09-30,ETF - Broad Equity,Family Office - Macro,811365125.0,0.1150969222001271,,,,
2023-09-30,ETF - Broad Equity,Foundation / Endowment,8057711.0,0.0002070634780506618,,,,
2023-09-30,ETF - Broad Equity,Hedge Fund - Activist,1117130566.0,0.040870892642714554,0.008064439052485087,0.03280645359022947,98023836.0,1019106730.0
2023-09-30,ETF - Broad Equity,Hedge Fund - Contrarian Value,47365000.0,0.47854965940075417,0.9369827332032168,-0.4584330738024626,1627314187.0,-1579949187.0
2023-09-30,ETF - Broad Equity,Hedge Fund - Global Macro,2758345506.0,0.10401604257844344,,,,
2023-09-30,ETF - Broad Equity,Hedge Fund - Long/Short,619020000.0,0.007978398752355722,,,,
2023-09-30,ETF - Broad Equity,Hedge Fund - Multi-strategy,165533219068.0,0.22131071042760977,,,,
2023-09-30,ETF - Broad Equity,Hedge Fund - Quant,6671265604.0,0.0289105976500583,,,,
2023-09-30,ETF - Broad Equity,Hedge Fund - Value,1521454.0,0.0008615846086551876,0.0006390388493630253,0.00022254575929216234,1362811.0,158643.0
2023-09-30,ETF - Broad Equity,Market Maker - Quant,204461271068.0,0.25883779012042596,,,,
2023-09-30,ETF - Commodity,Asset Manager - Active,830265454.0,0.0007175862759917356,,,,
2023-09-30,ETF - Commodity,Asset Manager - Index,141196781.0,2.4035728906398384e-05,1.1738304571795702e-07,2.3918345860680428e-05,495056.0,140701725.0
2023-09-30,ETF - Commodity,Asset Manager - Index/Active,1923359559.0,0.0005530938959647621,0.000412328795447672,0.0001407651005170901,1495919549.0,427440010.0
2023-09-30,ETF - Commodity,Hedge Fund - Global Macro,41052329.0,0.001548065966326507,,,,
2023-09-30,ETF - Commodity,Hedge Fund - Multi-strategy,4690574196.0,0.006271093581547159,,,,
2023-09-30,ETF - Commodity,Hedge Fund - Quant,367677494.0,0.001593367244686264,,,,
2023-09-30,ETF - Commodity,Hedge Fund - Value,101550330.0,0.057506964608759224,0.032102885808532884,0.02540407880022634,68462451.0,33087879.0
2023-09-30,ETF - Commodity,Market Maker - Quant,7754388793.0,0.009816670161691323,,,,
2023-09-30,ETF - Fixed Income,Asset Manager - Active,7826332255.0,0.0067641843828172244,,,,
2023-09-30,ETF - Fixed Income,Asset Manager - Index,3213686019.0,0.0005470612389029368,0.0005180565344441292,2.9004704458807594e-05,2184872561.0,1028813458.0
2023-09-30,ETF - Fixed Income,Asset Manager - Index/Active,10327050005.0,0.0029697142660408643,0.0028759077936143804,9.380647242648388e-05,10433728464.0,-106678459.0
2023-09-30,ETF - Fixed Income,Family Office - Macro,353019606.0,0.05007791051766185,,,,
2023-09-30,ETF - Fixed Income,Hedge Fund - Activist,276683900.0,0.01012264664224358,,,,
2023-09-30,ETF - Fixed Income,Hedge Fund - Global Macro,400338318.0,0.015096588676179579,,,,
2023-09-30,ETF - Fixed Income,Hedge Fund - Multi-strategy,10862270488.0,0.014522382951838915,,,,
2023-09-30,ETF - Fixed Income,Hedge Fund - Quant,778230265.0,0.0033725387963901617,,,,
2023-09-30,ETF - Fixed Income,Market Maker - Quant,15273670005.0,0.019335705830606946,,,,
2023-09-30,ETF - International Equity,Asset Manager - Active,3335059936.0,0.0028824434741367383,,,,
2023-09-30,ETF - International Equity,Asset Manager - Index,3946310416.0,0.0006717748568182459,0.0008861645187942576,-0.0002143896619760117,3737346048.0,208964368.0
2023-09-30,ETF - International Equity,Asset Manager - Index/Active,11517033063.0,0.003311913602925893,0.0034979689937198618,-0.00018605539079396887,12690552436.0,-1173519373.0
2023-09-30,ETF - International Equity,Family Office - Macro,14022908.0,0.00198923209953785,,,,
2023-09-30,ETF - International Equity,Hedge Fund - Global Macro,343296627.0,0.012945570630435742,,,,
2023-09-30,ETF - International Equity,Hedge Fund - Multi-strategy,3248799111.0,0.0043435030342558545,,,,
2023-09-30,ETF - International Equity,Hedge Fund - Quant,32942262.0,0.0001427585916821795,,,,
2023-09-30,ETF - International Equity,Market Maker - Quant,7987064302.0,0.0101112257723951,,,,
2023-09-30,ETF - Sector,Asset Manager - Active,487867145.0,0.0004216564305700597,,,,
2023-09-30,ETF - Sector,Asset Manager - Index,717033974.0,0.00012205968219446523,3.748298298939589e-05,8.457669920506933e-05,158082247.0,558951727.0
2023-09-30,ETF - Sector,Asset Manager - Index/Active,1319648013.0,0.0003794866422125531,0.0004639467741820743,-8.446013196952121e-05,1683188409.0,-363540396.0
2023-09-30,ETF - Sector,Family Office - Macro,108639900.0,0.015411209741273496,,,,
2023-09-30,ETF - Sector,Foundation / Endowment,5738154.0,0.0001474565326096105,,,,
2023-09-30,ETF - Sector,Hedge Fund - Activist,2359219000.0,0.0863134439288562,,,,
2023-09-30,ETF - Sector,Hedge Fund - Event Driven,29465000.0,0.0038212260511490126,,,,
2023-09-30,ETF - Sector,Hedge Fund - Global Macro,68362060.0,0.0025779043735611362,,,,
2023-09-30,ETF - Sector,Hedge Fund - Multi-strategy,15993684744.0,0.021382860509683133,,,,
2023-09-30,ETF - Sector,Hedge Fund - Quant,1173703262.0,0.005086360637162687,,,,
2023-09-30,ETF - Sector,Market Maker - Quant,16551337761.0,0.020953169601343146,,,,
2023-09-30,ETF - Sector,Pension Fund,398040000.0,0.0034246123713026046,,,,
2023-09-30,ETF - Thematic,Asset Manager - Active,953792.0,8.243484611497633e-07,,,,
2023-09-30,ETF - Thematic,Family Office - Macro,19835000.0,0.0028137115849532243,,,,
2023-09-30,ETF - Thematic,Hedge Fund - Multi-strategy,406299888.0,0.0005432052694087965,,,,
2023-09-30,ETF - Thematic,Hedge Fund - Quant,25779079.0,0.00011171622072897267,,,,
2023-09-30,ETF - Thematic,Market Maker - Quant,998403650.0,0.001263929315631712,,,,
2023-09-30,Energy,Asset Manager - Active,48694602684.0,0.04208603216304449,,,,
2023-09-30,Energy,Asset Manager - Growth,887537187.0,0.008097819871498527,,,,
2023-09-30,Energy,Asset Manager - Index,299470126510.0,0.05097837730705198,0.0426501471000181,0.008328230207033882,179874453705.0,119595672805.0
2023-09-30,Energy,Asset Manager - Index/Active,150263833038.0,0.043210853866968484,0.038728618834740235,0.004482235032228249,140506553654.0,9757279384.0
2023-09-30,Energy,Asset Manager - Value,14533854473.0,0.0727463653613374,,,,
2023-09-30,Energy,Family Office - Macro,47382509.0,0.006721488000879779,,,,
2023-09-30,Energy,Foundation / Endowment,10896342.0,0.00028000935657155045,,,,
2023-09-30,Energy,Hedge Fund - Activist,3218306926.0,0.11774369162131644,,,,
2023-09-30,Energy,Hedge Fund - Contrarian Value,2528000.0,0.025541508264860267,0.005040940430793267,0.020500567834067,8754904.0,-6226904.0
2023-09-30,Energy,Hedge Fund - Event Driven,80755227.0,0.010472899276390705,,,,
2023-09-30,Energy,Hedge Fund - Global Macro,733968954.0,0.02767765887357245,,,,
2023-09-30,Energy,Hedge Fund - Long/Short,2139089765.0,0.027570209544526665,,,,
2023-09-30,Energy,Hedge Fund - Long/Short Growth,45864325.0,0.0009376638048946114,,,,
2023-09-30,Energy,Hedge Fund - Multi-strategy,22760045452.0,0.03042919032630921,,,,
2023-09-30,Energy,Hedge Fund - Opportunistic,264471710.0,0.052205302659550555,,,,
2023-09-30,Energy,Hedge Fund - Quant,8180188172.0,0.0354496647233861,,,,
2023-09-30,Energy,Hedge Fund - Value,405368405.0,0.2295561867681196,0.15366039506553938,0.0758957917025802,327695377.0,77673028.0
2023-09-30,Energy,Market Maker - Quant,21960754111.0,0.02780122139404492,,,,
2023-09-30,Energy,Pension Fund,5159704703.0,0.04439249461903837,,,,
2023-09-30,Financials,Asset Manager - Active,101369731038.0,0.08761237438387058,,,,
2023-09-30,Financials,Asset Manager - Growth,6142482165.0,0.05604352681175295,,,,
2023-09-30,Financials,Asset Manager - Index,610171049133.0,0.10386855719815224,0.09992469128648697,0.003943865911665276,421426430597.0,188744618536.0
2023-09-30,Financials,Asset Manager - Index/Active,338969284264.0,0.09747623171584147,0.09427245070054707,0.0032037810152943935,342018320069.0,-3049035805.0
2023-09-30,Financials,Asset Manager - Value,40378639221.0,0.20210737949945717,,,,
2023-09-30,Financials,Conglomerate / Long-only Value,1695320075.0,1.0,,,,
2023-09-30,Financials,Family Office - Macro,140123443.0,0.019877335764690335,,,,
2023-09-30,Financials,Foundation / Endowment,7912551401.0,0.20333323115531157,,,,
2023-09-30,Financials,Hedge Fund - Activist,26019938.0,0.0009519550578370701,0.004642097135647163,-0.003690142077810093,5423000.0,20596938.0
2023-09-30,Financials,Hedge Fund - Event Driven,617675318.0,0.08010442953651284,,,,
2023-09-30,Financials,Hedge Fund - Global Macro,1251060390.0,0.04717695825681819,,,,
2023-09-30,Financials,Hedge Fund - Long/Short,8403419977.0,0.10830964340411935,,,,
2023-09-30,Financials,Hedge Fund - Long/Short Growth,4352507957.0,0.08898395805006815,,,,
2023-09-30,Financials,Hedge Fund - Multi-strategy,40247958326.0,0.053809768821863044,,,,
2023-09-30,Financials,Hedge Fund - Quant,17966856227.0,0.07786117091542523,,,,
2023-09-30,Financials,Hedge Fund - Value,206512283.0,0.1169458981546891,0.09361246511910232,0.023333433035586784,199637467.0,6874816.0
2023-09-30,Financials,Market Maker - Quant,38797802268.0,0.04911608613270567,,,,
2023-09-30,Financials,Pension Fund,11664304845.0,0.1003560513386391,,,,
2023-09-30,Health Care,Asset Manager - Active,109810420945.0,0.0949075390905129,,,,
2023-09-30,Health Care,Asset Manager - Growth,9488041776.0,0.08656815101461318,,,,
2023-09-30,Health Care,Asset Manager - Index,572197819200.0,0.0974044278185319,0.09333160702360224,0.004072820794929655,393620490626.0,178577328574.0
2023-09-30,Health Care,Asset Manager - Index/Active,343519573687.0,0.09878474280153926,0.09800029564891215,0.000784447152627113,355542857272.0,-12023283585.0
2023-09-30,Health Care,Asset Manager - Value,18441426134.0,0.09230495088693186,,,,
2023-09-30,Health Care,Family Office - Macro,588670966.0,0.08350644400099852,,,,
2023-09-30,Health Care,Foundation / Endowment,113619646.0,0.002919747193172473,,,,
2023-09-30,Health Care,Hedge Fund - Activist,599133590.0,0.021919662195989148,0.01890610109148133,0.003013561104507817,23150178.0,575983412.0
2023-09-30,Health Care,Hedge Fund - Event Driven,1244804079.0,0.16143484728496024,,,,
2023-09-30,Health Care,Hedge Fund - Global Macro,2667071621.0,0.10057414297311533,,,,
2023-09-30,Health Care,Hedge Fund - Long/Short,11488031850.0,0.14806645823893058,,,,
2023-09-30,Health Care,Hedge Fund - Long/Short Growth,2542766229.0,0.051985063712191616,,,,
2023-09-30,Health Care,Hedge Fund - Multi-strategy,38206151853.0,0.051079962420226555,,,,
2023-09-30,Health Care,Hedge Fund - Opportunistic,100838000.0,0.01990488249039475,,,,
2023-09-30,Health Care,Hedge Fund - Quant,19527441476.0,0.08462412339109988,,,,
2023-09-30,Health Care,Hedge Fund - Value,69028196.0,0.03908999630408385,0.037670398851940616,0.0014195974521432342,80335701.0,-11307505.0
2023-09-30,Health Care,Market Maker - Quant,27821101287.0,0.035220129162987786,,,,
2023-09-30,Health Care,Pension Fund,13358341870.0,0.11493101906364075,,,,
2023-09-30,Industrials,Asset Manager - Active,32471937623.0,0.02806502026654779,,,,
2023-09-30,Industrials,Asset Manager - Growth,627571409.0,0.005725912447412222,,,,
2023-09-30,Industrials,Asset Manager - Index,199649549905.0,0.03398606132388411,0.031665635337342984,0.0023204259865411275,133547929956.0,66101619949.0
2023-09-30,Industrials,Asset Manager - Index/Active,94820828634.0,0.027267299700869985,0.028073245026945394,-0.0008059453260754086,101849098349.0,-7028269715.0
2023-09-30,Industrials,Asset Manager - Value,7915890643.0,0.039621442057635084,,,,
2023-09-30,Industrials,Family Office - Macro,46152750.0,0.0065470394430274725,,,,
2023-09-30,Industrials,Foundation / Endowment,3607557986.0,0.09270542265050219,,,,
2023-09-30,Industrials,Hedge Fund - Activist,1475343238.0,0.05397631837015985,0.10030922181709104,-0.04633290344693119,1219265797.0,256077441.0
2023-09-30,Industrials,Hedge Fund - Event Driven,193158000.0,0.025050072343045682,,,,
2023-09-30,Industrials,Hedge Fund - Global Macro,416352217.0,0.01570046603549067,,,,
2023-09-30,Industrials,Hedge Fund - Long/Short,3504792796.0,0.0451724249149813,,,,
2023-09-30,Industrials,Hedge Fund - Long/Short Growth,1167181084.0,0.023862194771741587,,,,
2023-09-30,Industrials,Hedge Fund - Multi-strategy,17195094574.0,0.02298909317095211,,,,
2023-09-30,Industrials,Hedge Fund - Opportunistic,333427500.0,0.06581680722114774,,,,
2023-09-30,Industrials,Hedge Fund - Quant,6344525074.0,0.027494634838874023,,,,
2023-09-30,Industrials,Market Maker - Quant,17122875448.0,0.021676707859228764,,,,
2023-09-30,Industrials,Pension Fund,3430279426.0,0.02951305737942015,,,,
2023-09-30,Information Technology,Asset Manager - Active,237230956375.0,0.2050352423010655,,,,
2023-09-30,Information Technology,Asset Manager - Growth,14744931793.0,0.13453160433856368,,,,
2023-09-30,Information Technology,Asset Manager - Index,1132516892174.0,0.19278675341905332,0.19757404324223696,-0.0047872898231836325,833256753163.0,299260139011.0
2023-09-30,Information Technology,Asset Manager - Index/Active,654402785319.0,0.18818435916915183,0.19226169416565553,-0.004077334996503701,697521080268.0,-43118294949.0
2023-09-30,Information Technology,Asset Manager - Value,9655378729.0,0.04832810938259898,,,,
2023-09-30,Information Technology,Family Office - Macro,603983667.0,0.08567864083490953,,,,
2023-09-30,Information Technology,Foundation / Endowment,12433381625.0,0.3195075181033037,,,,
2023-09-30,Information Technology,Hedge Fund - Activist,1444194153.0,0.052836710389051404,,,,
2023-09-30,Information Technology,Hedge Fund - Event Driven,914226644.0,0.11856326722237685,,,,
2023-09-30,Information Technology,Hedge Fund - Global Macro,1293688275.0,0.04878443777363148,,,,
2023-09-30,Information Technology,Hedge Fund - Long/Short,9813692446.0,0.12648630345896608,,,,
2023-09-30,Information Technology,Hedge Fund - Long/Short Growth,14377120592.0,0.2939300992159677,,,,
2023-09-30,Information Technology,Hedge Fund - Multi-strategy,102368752072.0,0.13686256676574093,,,,
2023-09-30,Information Technology,Hedge Fund - Opportunistic,1837814300.0,0.3627747246144022,,,,
2023-09-30,Information Technology,Hedge Fund - Quant,31929792221.0,0.13837095249180434,,,,
2023-09-30,Information Technology,Market Maker - Quant,130469128859.0,0.16516742176355378,,,,
2023-09-30,Information Technology,Pension Fund,24577266929.0,0.21145516123469946,,,,
2023-09-30,Materials,Asset Manager - Active,8879860082.0,0.0076747330590127725,,,,
2023-09-30,Materials,Asset Manager - Growth,1596143710.0,0.01456309036052298,,,,
2023-09-30,Materials,Asset Manager - Index,45348843303.0,0.007719669642112081,0.008032894603118968,-0.00031322496100688775,33878254277.0,11470589026.0
2023-09-30,Materials,Asset Manager - Index/Active,28660119625.0,0.008241692068460187,0.008525729504432169,-0.0002840374359719816,30931153914.0,-2271034289.0
2023-09-30,Materials,Asset Manager - Value,7363741.0,3.6857765034555674e-05,,,,
2023-09-30,Materials,Family Office - Macro,3008.0,4.267025181517166e-07,,,,
2023-09-30,Materials,Foundation / Endowment,1918000.0,4.9287912026277604e-05,,,,
2023-09-30,Materials,Hedge Fund - Activist,1748971552.0,0.06398717456358083,,,,
2023-09-30,Materials,Hedge Fund - Event Driven,66123828.0,0.008575397731386273,,,,
2023-09-30,Materials,Hedge Fund - Global Macro,262262058.0,0.009889791301452068,,,,
2023-09-30,Materials,Hedge Fund - Long/Short,591983716.0,0.00762993464047899,,,,
2023-09-30,Materials,Hedge Fund - Long/Short Growth,100596174.0,0.002056617889191226,,,,
2023-09-30,Materials,Hedge Fund - Multi-strategy,5158865327.0,0.006897178445190058,,,,
2023-09-30,Materials,Hedge Fund - Quant,2273328342.0,0.00985169605338893,,,,
2023-09-30,Materials,Hedge Fund - Value,42814613.0,0.024245499099104086,0.019918152632338128,0.0043273464667659585,42477351.0,337262.0
2023-09-30,Materials,Market Maker - Quant,6518021314.0,0.008251490485513482,,,,
2023-09-30,Materials,Pension Fund,1093257885.0,0.009406050844124008,,,,
2023-09-30,Real Estate,Asset Manager - Active,9400645502.0,0.008124840272709504,,,,
2023-09-30,Real Estate,Asset Manager - Growth,301398030.0,0.0027499320505254606,,,,
2023-09-30,Real Estate,Asset Manager - Index,104751833465.0,0.017831756884124222,0.018823477279844143,-0.0009917203957199201,79386893663.0,25364939802.0
2023-09-30,Real Estate,Asset Manager - Index/Active,51310178684.0,0.014755091682252454,0.015432024365238883,-0.0006769326829864294,55987035549.0,-4676856865.0
2023-09-30,Real Estate,Asset Manager - Value,433939791.0,0.0021720007338419693,,,,
2023-09-30,Real Estate,Foundation / Endowment,1808950.0,4.6485593566180846e-05,,,,
2023-09-30,Real Estate,Hedge Fund - Activist,1245896090.0,0.04558185666756506,,,,
2023-09-30,Real Estate,Hedge Fund - Event Driven,21799615.0,0.002827125631868956,,,,
2023-09-30,Real Estate,Hedge Fund - Global Macro,302914151.0,0.011422764537470907,,,,
2023-09-30,Real Estate,Hedge Fund - Long/Short,473478894.0,0.006102554710924312,,,,
2023-09-30,Real Estate,Hedge Fund - Long/Short Growth,463128362.0,0.009468333003211732,,,,
2023-09-30,Real Estate,Hedge Fund - Multi-strategy,4018798139.0,0.005372958226843186,,,,
2023-09-30,Real Estate,Hedge Fund - Quant,1084111621.0,0.004698106287912006,,,,
2023-09-30,Real Estate,Hedge Fund - Value,69996.0,3.963805430031306e-05,0.0007130267987607394,-0.0006733887444604263,1136000.0,-1066004.0
2023-09-30,Real Estate,Market Maker - Quant,1878848654.0,0.002378528857968201,,,,
2023-09-30,Real Estate,Pension Fund,1878486541.0,0.016161913997673694,,,,
2023-09-30,Unclassified,Asset Manager - Active,326728418807.0,0.2823865887504255,,,,
2023-09-30,Unclassified,Asset Manager - Growth,40114744808.0,0.3660037938740642,,,,
2023-09-30,Unclassified,Asset Manager - Index,1700865897259.0,0.2895360030385917,0.3062111197183291,-0.016675116679737367,1291427149092.0,409438748167.0
2023-09-30,Unclassified,Asset Manager - Index/Active,1040001759196.0,0.2990697304163927,0.3030391857044394,-0.003969455288046708,1099419315394.0,-59417556198.0
2023-09-30,Unclassified,Asset Manager - Value,68531986808.0,0.34302345331272965,,,,
2023-09-30,Unclassified,Family Office - Macro,3149222639.0,0.4467357813436484,,,,
2023-09-30,Unclassified,Foundation / Endowment,13384087700.0,0.34393834051594585,,,,
2023-09-30,Unclassified,Hedge Fund - Activist,5212020723.0,0.19068490819660958,0.18992443089992447,0.0007604772966851026,2308545101.0,2903475622.0
2023-09-30,Unclassified,Hedge Fund - Contrarian Value,21794000.0,0.22019447433716957,0.03370889818465131,0.18648557615251826,58544268.0,-36750268.0
2023-09-30,Unclassified,Hedge Fund - Event Driven,3353384624.0,0.43489023196169474,,,,
2023-09-30,Unclassified,Hedge Fund - Global Macro,9031728670.0,0.3405826687962666,,,,
2023-09-30,Unclassified,Hedge Fund - Long/Short,25819545986.0,0.33278187050675845,,,,
2023-09-30,Unclassified,Hedge Fund - Long/Short Growth,10027114191.0,0.20499728371551992,,,,
2023-09-30,Unclassified,Hedge Fund - Multi-strategy,183978917415.0,0.24597180642086175,,,,
2023-09-30,Unclassified,Hedge Fund - Opportunistic,535706223.0,0.10574554650219369,,,,
2023-09-30,Unclassified,Hedge Fund - Quant,89414171653.0,0.3874852680611592,,,,
2023-09-30,Unclassified,Hedge Fund - Value,892484087.0,0.5054050617559764,0.6458575775258555,-0.14045251576987905,1377352585.0,-484868498.0
2023-09-30,Unclassified,Market Maker - Quant,115560878681.0,0.14629431924159697,,,,
2023-09-30,Unclassified,Pension Fund,27669403206.0,0.23805894012116255,,,,
2023-09-30,Utilities,Asset Manager - Active,6320596862.0,0.005462799328090111,,,,
2023-09-30,Utilities,Asset Manager - Growth,12611268.0,0.00011506422278528537,,,,
2023-09-30,Utilities,Asset Manager - Index,53416528396.0,0.009093020298013644,0.009228318904960491,-0.00013529860694684766,38919885030.0,14496643366.0
2023-09-30,Utilities,Asset Manager - Index/Active,28937889029.0,0.008321569261010731,0.00904383154217679,-0.0007222622811660587,32810816395.0,-3872927366.0
2023-09-30,Utilities,Asset Manager - Value,1374960.0,6.882093301748754e-06,,,,
2023-09-30,Utilities,Family Office - Macro,11649960.0,0.0016526154482602302,,,,
2023-09-30,Utilities,Hedge Fund - Event Driven,2170000.0,0.00028142068661100823,,,,
2023-09-30,Utilities,Hedge Fund - Global Macro,88490644.0,0.0033369447641987604,,,,
2023-09-30,Utilities,Hedge Fund - Long/Short,361771838.0,0.004662789539815574,,,,
2023-09-30,Utilities,Hedge Fund - Long/Short Growth,19809582.0,0.00040499294454877086,,,,
2023-09-30,Utilities,Hedge Fund - Multi-strategy,1512102024.0,0.002021614604335078,,,,
2023-09-30,Utilities,Hedge Fund - Quant,951556121.0,0.004123663752674834,,,,
2023-09-30,Utilities,Hedge Fund - Value,42840361.0,0.024260079941182556,0.015300608561800218,0.008959471379382338,32630000.0,10210361.0
2023-09-30,Utilities,Market Maker - Quant,1910222083.0,0.0024182460571641274,,,,
2023-09-30,Utilities,Pension Fund,2197346052.0,0.018905282066405727,,,,
2023-12-31,Communication Services,Asset Manager - Active,122019295646.0,0.0937294252883611,0.09348832024109305,0.00024110504726805593,108168348874.0,13850946772.0
2023-12-31,Communication Services,Asset Manager - Growth,11442536538.0,0.0906763245974245,0.08669444233263646,0.003981882264788045,9501883556.0,1940652982.0
2023-12-31,Communication Services,Asset Manager - Index,440480857000.0,0.06640322253116795,0.06633020384689906,7.301868426889957e-05,389653723535.0,50827133465.0
2023-12-31,Communication Services,Asset Manager - Index/Active,253984714802.0,0.06475987293445037,0.06515327901438911,-0.0003934060799387351,226567645940.0,27417068862.0
2023-12-31,Communication Services,Asset Manager - Value,23992865937.0,0.11129316412113864,0.12318817210575127,-0.011895007984612627,24611524676.0,-618658739.0
2023-12-31,Communication Services,Family Office - Macro,411472857.0,0.05378925630535796,0.05826145994229535,-0.004472203636937386,410708782.0,764075.0
2023-12-31,Communication Services,Hedge Fund - Activist,2062867887.0,0.06079458073354655,0.0716253145120709,-0.010830733778524344,1957746038.0,105121849.0
2023-12-31,Communication Services,Hedge Fund - Contrarian Value,14251025.0,0.15065903565700164,0.07047247668084544,0.0801865589761562,6975094.0,7275931.0
2023-12-31,Communication Services,Hedge Fund - Event Driven,583918290.0,0.07538154172735141,0.0762630607672979,-0.0008815190399464878,588055000.0,-4136710.0
2023-12-31,Communication Services,Hedge Fund - Global Macro,1308630470.0,0.04321498125501269,0.03692057699694553,0.006294404258067161,979076930.0,329553540.0
2023-12-31,Communication Services,Hedge Fund - Long/Short,5797687186.0,0.06799910887020716,0.05608628777640009,0.01191282109380707,4351566641.0,1446120545.0
2023-12-31,Communication Services,Hedge Fund - Long/Short Growth,10029126485.0,0.18077168410497169,0.2103000353666151,-0.02952835126164341,10286489805.0,-257363320.0
2023-12-31,Communication Services,Hedge Fund - Multi-strategy,55333836392.0,0.06697997169658479,0.06400140397143768,0.0029785677251471104,47870970202.0,7462866190.0
2023-12-31,Communication Services,Hedge Fund - Opportunistic,1084445000.0,0.18726434781185555,0.20108213792396906,-0.01381779011211351,1018680750.0,65764250.0
2023-12-31,Communication Services,Hedge Fund - Quant,7796712589.0,0.05007182666158624,0.055338940034706005,-0.005267113373119768,12769738339.0,-4973025750.0
2023-12-31,Communication Services,Hedge Fund - Value,1461576.0,0.0007120664333579908,0.0008436105552308215,-0.00013154412187283066,1489714.0,-28138.0
2023-12-31,Communication Services,Market Maker - Quant,61464005983.0,0.06759813426170819,0.06719250680376888,0.0004056274579393032,53076737137.0,8387268846.0
2023-12-31,Communication Services,Pension Fund,8889755904.0,0.06749344841924208,0.06777825786169317,-0.00028480944245108664,7877813555.0,1011942349.0
2023-12-31,Consumer Discretionary,Asset Manager - Active,108540954168.0,0.08337600377510856,0.0789961548316936,0.004379848943414963,91400547293.0,17140406875.0
2023-12-31,Consumer Discretionary,Asset Manager - Growth,29073209718.0,0.23039050762245986,0.23387370948712632,-0.0034832018646664686,25633024385.0,3440185333.0
2023-12-31,Consumer Discretionary,Asset Manager - Index,535064975197.0,0.08066193581856443,0.07931672705094243,0.0013452087676219943,465942455195.0,69122520002.0
2023-12-31,Consumer Discretionary,Asset Manager - Index/Active,306623707345.0,0.07818152498599075,0.07705786606275901,0.0011236589232317407,267965320842.0,38658386503.0
2023-12-31,Consumer Discretionary,Asset Manager - Value,11732390265.0,0.054421795158797096,0.05693092850938397,-0.0025091333505868757,11374119186.0,358271079.0
2023-12-31,Consumer Discretionary,Family Office - Macro,470205435.0,0.06146699649592521,0.10562978237521874,-0.04416278587929353,744627397.0,-274421962.0
2023-12-31,Consumer Discretionary,Foundation / Endowment,149725849.0,0.0035410129152591953,0.004503827767128054,-0.0009628148518688586,175262885.0,-25537036.0
2023-12-31,Consumer Discretionary,Hedge Fund - Activist,5900118184.0,0.17388181450451465,0.23878789571969472,-0.06490608121518007,6526827281.0,-626709097.0
2023-12-31,Consumer Discretionary,Hedge Fund - Contrarian Value,29848875.0,0.3155564405329711,0.20524188131637053,0.11031455921660058,20314050.0,9534825.0
2023-12-31,Consumer Discretionary,Hedge Fund - Event Driven,642023500.0,0.08288269452082106,0.07771602150670577,0.005166673014115289,599258600.0,42764900.0
2023-12-31,Consumer Discretionary,Hedge Fund - Global Macro,2275661063.0,0.07514928960832408,0.08053909129671293,-0.0053898016883888455,2135772858.0,139888205.0
2023-12-31,Consumer Discretionary,Hedge Fund - Long/Short,7050329255.0,0.08269092332874124,0.09116887088347228,-0.008477947554731038,7073518911.0,-23189656.0
2023-12-31,Consumer Discretionary,Hedge Fund - Long/Short Growth,6843714335.0,0.12335568483672249,0.11307375752604962,0.010281927310672873,5530821961.0,1312892374.0
2023-12-31,Consumer Discretionary,Hedge Fund - Multi-strategy,77267025844.0,0.09352944855380824,0.09361062866285823,-8.11801090499914e-05,70017708007.0,7249317837.0
2023-12-31,Consumer Discretionary,Hedge Fund - Opportunistic,1060240550.0,0.183084670148724,0.192470598588342,-0.009385928439617996,975054750.0,85185800.0
2023-12-31,Consumer Discretionary,Hedge Fund - Quant,11379481262.0,0.07308098211206648,0.09767843782216966,-0.024597455710103175,22539790093.0,-11160308831.0
2023-12-31,Consumer Discretionary,Market Maker - Quant,123303890104.0,0.13560965942484238,0.13810526151017977,-0.0024956020853373895,109092174278.0,14211715826.0
2023-12-31,Consumer Discretionary,Pension Fund,10989384517.0,0.08343440079424673,0.08292025187399844,0.0005141489202482863,9637755599.0,1351628918.0
2023-12-31,Consumer Staples,Asset Manager - Active,32510080359.0,0.024972699047270702,0.025634594708543814,-0.0006618956612731118,29659873838.0,2850206521.0
2023-12-31,Consumer Staples,Asset Manager - Growth,554206175.0,0.004391804111903728,0.005032953188498771,-0.0006411490765950434,551621694.0,2584481.0
2023-12-31,Consumer Staples,Asset Manager - Index,277474432950.0,0.04182973272295575,0.04502835662881155,-0.0031986239058557978,264517004434.0,12957428516.0
2023-12-31,Consumer Staples,Asset Manager - Index/Active,148459173604.0,0.03785344809447896,0.04064490498645784,-0.0027914568919788843,141340859302.0,7118314302.0
2023-12-31,Consumer Staples,Asset Manager - Value,4410575510.0,0.020458869123514196,0.019531284388200724,0.000927584735313472,3902117220.0,508458290.0
2023-12-31,Consumer Staples,Family Office - Macro,28805000.0,0.0037654963177214777,,,,
2023-12-31,Consumer Staples,Foundation / Endowment,1343387942.0,0.0317710942004775,0.031941487057688664,-0.00017039285721116154,1242977632.0,100410310.0
2023-12-31,Consumer Staples,Hedge Fund - Activist,122567250.0,0.003612167614984926,0.004597529492310681,-0.0009853618773257551,125665000.0,-3097750.0
2023-12-31,Consumer Staples,Hedge Fund - Global Macro,3822211556.0,0.12622111782651133,0.1412103261693787,-0.014989208342867377,3744680714.0,77530842.0
2023-12-31,Consumer Staples,Hedge Fund - Long/Short,3196886325.0,0.037495196668127284,0.03798425362827065,-0.0004890569601433692,2947084172.0,249802153.0
2023-12-31,Consumer Staples,Hedge Fund - Long/Short Growth,282784817.0,0.005097102692329463,,,,
2023-12-31,Consumer Staples,Hedge Fund - Multi-strategy,15750307845.0,0.01906528161533943,0.018580072389038527,0.00048520922630090196,13897290317.0,1853017528.0
2023-12-31,Consumer Staples,Hedge Fund - Quant,6092195616.0,0.03912512605674397,0.037806002486691276,0.001319123570052691,8723924945.0,-2631729329.0
2023-12-31,Consumer Staples,Market Maker - Quant,15075000312.0,0.01657949036656869,0.01605958992919347,0.0005199004373752196,12685798964.0,2389201348.0
2023-12-31,Consumer Staples,Pension Fund,8019974999.0,0.06088983485756434,0.06269690722820197,-0.0018070723706376246,7287212171.0,732762828.0
2023-12-31,ETF - Broad Equity,Asset Manager - Active,39505139280.0,0.03034597094703393,0.029739065691413474,0.0006069052556204567,34408850481.0,5096288799.0
2023-12-31,ETF - Broad Equity,Asset Manager - Index,33187342696.0,0.005003047163660553,0.004755154037009708,0.0002478931266508451,27933933096.0,5253409600.0
2023-12-31,ETF - Broad Equity,Asset Manager - Index/Active,99017121720.0,0.025246937501420506,0.02461817084676287,0.0006287666546576365,85608600219.0,13408521501.0
2023-12-31,ETF - Broad Equity,Asset Manager - Value,12152756.0,5.637170113747851e-05,2.173903795612613e-06,5.41977973418659e-05,434320.0,11718436.0
2023-12-31,ETF - Broad Equity,Family Office - Macro,1163332864.0,0.1520751819363437,0.1150969222001271,0.0369782597362166,811365125.0,351967739.0
2023-12-31,ETF - Broad Equity,Hedge Fund - Activist,6159710180.0,0.18153222520607235,0.040870892642714554,0.14066133256335778,1117130566.0,5042579614.0
2023-12-31,ETF - Broad Equity,Hedge Fund - Global Macro,3387024661.0,0.11184991530525856,0.10401604257844344,0.007833872726815128,2758345506.0,628679155.0
2023-12-31,ETF - Broad Equity,Hedge Fund - Long/Short,318647196.0,0.0037373050109209944,0.007978398752355722,-0.0042410937414347274,619020000.0,-300372804.0
2023-12-31,ETF - Broad Equity,Hedge Fund - Long/Short Growth,18544537.0,0.0003342591390636908,,,,
2023-12-31,ETF - Broad Equity,Hedge Fund - Multi-strategy,179542771146.0,0.21733121203618788,0.22131071042760977,-0.003979498391421893,165533219068.0,14009552078.0
2023-12-31,ETF - Broad Equity,Hedge Fund - Quant,13908805468.0,0.08932473635696037,0.0289105976500583,0.06041413870690207,6671265604.0,7237539864.0
2023-12-31,ETF - Broad Equity,Hedge Fund - Value,36079057.0,0.01757738594292028,0.0008615846086551876,0.016715801334265094,1521454.0,34557603.0
2023-12-31,ETF - Broad Equity,Market Maker - Quant,216757160728.0,0.2383895975984811,0.25883779012042596,-0.020448192521944852,204461271068.0,12295889660.0
2023-12-31,ETF - Commodity,Asset Manager - Active,909569594.0,0.0006986881448055851,0.0007175862759917356,-1.8898131186150533e-05,830265454.0,79304140.0
2023-12-31,ETF - Commodity,Asset Manager - Index,183491823.0,2.7661697805220814e-05,2.4035728906398384e-05,3.62596889882243e-06,141196781.0,42295042.0
2023-12-31,ETF - Commodity,Asset Manager - Index/Active,2068048961.0,0.0005273017631828272,0.0005530938959647621,-2.579213278193482e-05,1923359559.0,144689402.0
2023-12-31,ETF - Commodity,Hedge Fund - Global Macro,26791216.0,0.0008847279073663904,0.001548065966326507,-0.0006633380589601166,41052329.0,-14261113.0
2023-12-31,ETF - Commodity,Hedge Fund - Long/Short,19743900.0,0.0002315695142822566,,,,
2023-12-31,ETF - Commodity,Hedge Fund - Multi-strategy,3044663899.0,0.0036854755621122505,0.006271093581547159,-0.002585618019434908,4690574196.0,-1645910297.0
2023-12-31,ETF - Commodity,Hedge Fund - Quant,679547423.0,0.0043641702043486245,0.001593367244686264,0.0027708029596623606,367677494.0,311869929.0
2023-12-31,ETF - Commodity,Hedge Fund - Value,76841335.0,0.037436394240132946,0.057506964608759224,-0.020070570368626278,101550330.0,-24708995.0
2023-12-31,ETF - Commodity,Market Maker - Quant,9866107034.0,0.010850747803668676,0.009816670161691323,0.0010340776419773528,7754388793.0,2111718241.0
2023-12-31,ETF - Fixed Income,Asset Manager - Active,9478063503.0,0.007280598042133536,0.0067641843828172244,0.0005164136593163119,7826332255.0,1651731248.0
2023-12-31,ETF - Fixed Income,Asset Manager - Index,3837066126.0,0.0005784441066676924,0.0005470612389029368,3.1382867764755606e-05,3213686019.0,623380107.0
2023-12-31,ETF - Fixed Income,Asset Manager - Index/Active,11655154562.0,0.0029717785538980633,0.0029697142660408643,2.064287857198987e-06,10327050005.0,1328104557.0
2023-12-31,ETF - Fixed Income,Family Office - Macro,354214174.0,0.046304189129725906,0.05007791051766185,-0.003773721387935941,353019606.0,1194568.0
2023-12-31,ETF - Fixed Income,Hedge Fund - Activist,297491300.0,0.008767337438016803,0.01012264664224358,-0.0013553092042267768,276683900.0,20807400.0
2023-12-31,ETF - Fixed Income,Hedge Fund - Global Macro,255037435.0,0.00842211627003574,0.015096588676179579,-0.006674472406143838,400338318.0,-145300883.0
2023-12-31,ETF - Fixed Income,Hedge Fund - Multi-strategy,13569525571.0,0.016425509199160963,0.014522382951838915,0.001903126247322048,10862270488.0,2707255083.0
2023-12-31,ETF - Fixed Income,Hedge Fund - Quant,784576906.0,0.005038687573957927,0.0033725387963901617,0.0016661487775677655,778230265.0,6346641.0
2023-12-31,ETF - Fixed Income,Market Maker - Quant,18614299904.0,0.020472013237248447,0.019335705830606946,0.0011363074066415013,15273670005.0,3340629899.0
2023-12-31,ETF - International Equity,Asset Manager - Active,3989494566.0,0.003064540168688294,0.0028824434741367383,0.00018209669455155567,3335059936.0,654434630.0
2023-12-31,ETF - International Equity,Asset Manager - Index,4184133892.0,0.0006307651502110065,0.0006717748568182459,-4.1009706607239354e-05,3946310416.0,237823476.0
2023-12-31,ETF - International Equity,Asset Manager - Index/Active,12454452637.0,0.00317557995908933,0.003311913602925893,-0.00013633364383656282,11517033063.0,937419574.0
2023-12-31,ETF - International Equity,Asset Manager - Value,771885.0,3.580461134289424e-06,,,,
2023-12-31,ETF - International Equity,Family Office - Macro,16107489.0,0.0021056306376406597,0.00198923209953785,0.0001163985381028099,14022908.0,2084581.0
2023-12-31,ETF - International Equity,Hedge Fund - Global Macro,468034732.0,0.015455938581404793,0.012945570630435742,0.0025103679509690512,343296627.0,124738105.0
2023-12-31,ETF - International Equity,Hedge Fund - Multi-strategy,3430371263.0,0.004152362913657235,0.0043435030342558545,-0.00019114012059861987,3248799111.0,181572152.0
2023-12-31,ETF - International Equity,Hedge Fund - Quant,71742274.0,0.0004607411991951811,0.0001427585916821795,0.00031798260751300157,32942262.0,38800012.0
2023-12-31,ETF - International Equity,Market Maker - Quant,10850788806.0,0.011933701144639047,0.0101112257723951,0.0018224753722439462,7987064302.0,2863724504.0
2023-12-31,ETF - Sector,Asset Manager - Active,492591000.0,0.00037838500122281787,0.0004216564305700597,-4.327142934724184e-05,487867145.0,4723855.0
2023-12-31,ETF - Sector,Asset Manager - Index,843006253.0,0.0001270845961261038,0.00012205968219446523,5.024913931638564e-06,717033974.0,125972279.0
2023-12-31,ETF - Sector,Asset Manager - Index/Active,1490689729.0,0.00038008931958755056,0.0003794866422125531,6.026773749974478e-07,1319648013.0,171041716.0
2023-12-31,ETF - Sector,Family Office - Macro,16293852.0,0.002129992699444497,0.015411209741273496,-0.013281217041829,108639900.0,-92346048.0
2023-12-31,ETF - Sector,Hedge Fund - Activist,2716997900.0,0.08007238331905181,0.0863134439288562,-0.006241060609804394,2359219000.0,357778900.0
2023-12-31,ETF - Sector,Hedge Fund - Global Macro,204849939.0,0.006764771627222995,0.0025779043735611362,0.004186867253661859,68362060.0,136487879.0
2023-12-31,ETF - Sector,Hedge Fund - Multi-strategy,17189049815.0,0.020806836199529097,0.021382860509683133,-0.0005760243101540358,15993684744.0,1195365071.0
2023-12-31,ETF - Sector,Hedge Fund - Quant,813531533.0,0.0052246391590196044,0.005086360637162687,0.0001382785218569174,1173703262.0,-360171729.0
2023-12-31,ETF - Sector,Market Maker - Quant,19852789587.0,0.02183410460331284,0.020953169601343146,0.0008809350019696946,16551337761.0,3301451826.0
2023-12-31,ETF - Sector,Pension Fund,451200000.0,0.0034256333082283504,0.0034246123713026046,1.0209369257457683e-06,398040000.0,53160000.0
2023-12-31,ETF - Thematic,Asset Manager - Active,1352904.0,1.039236570896251e-06,8.243484611497633e-07,2.1488810974648782e-07,953792.0,399112.0
2023-12-31,ETF - Thematic,Asset Manager - Index/Active,44594678.0,1.1370549141447737e-05,4.410170808699521e-12,1.137054473127693e-05,16.0,44594662.0
2023-12-31,ETF - Thematic,Hedge Fund - Global Macro,859444.0,2.8381469942185533e-05,,,,
2023-12-31,ETF - Thematic,Hedge Fund - Multi-strategy,919283531.0,0.0011127655138767616,0.0005432052694087965,0.0005695602444679651,406299888.0,512983643.0
2023-12-31,ETF - Thematic,Hedge Fund - Opportunistic,133543500.0,0.023060585305859246,,,,
2023-12-31,ETF - Thematic,Hedge Fund - Quant,163517250.0,0.0010501358495285252,0.00011171622072897267,0.0009384196287995526,25779079.0,137738171.0
2023-12-31,ETF - Thematic,Market Maker - Quant,1452646534.0,0.001597621142157519,0.001263929315631712,0.0003336918265258071,998403650.0,454242884.0
2023-12-31,Energy,Asset Manager - Active,44156012025.0,0.03391855040809594,0.04208603216304449,-0.008167481754948552,48694602684.0,-4538590659.0
2023-12-31,Energy,Asset Manager - Growth,1478843271.0,0.011719086237967231,0.008097819871498527,0.003621266366468704,887537187.0,591306084.0
2023-12-31,Energy,Asset Manager - Index,286086754231.0,0.04312805449436512,0.05097837730705198,-0.007850322812686862,299470126510.0,-13383372279.0
2023-12-31,Energy,Asset Manager - Index/Active,144694562504.0,0.03689356459647524,0.043210853866968484,-0.006317289270493243,150263833038.0,-5569270534.0
2023-12-31,Energy,Asset Manager - Value,13825276002.0,0.06412984239360173,0.0727463653613374,-0.00861652296773567,14533854473.0,-708578471.0
2023-12-31,Energy,Family Office - Macro,40524602.0,0.005297526110332526,0.006721488000879779,-0.0014239618905472528,47382509.0,-6857907.0
2023-12-31,Energy,Hedge Fund - Activist,2924386266.0,0.0861843058708741,0.11774369162131644,-0.03155938575044234,3218306926.0,-293920660.0
2023-12-31,Energy,Hedge Fund - Contrarian Value,3980375.0,0.04207974226788865,0.025541508264860267,0.016538234003028385,2528000.0,1452375.0
2023-12-31,Energy,Hedge Fund - Event Driven,78525788.0,0.010137368645868502,0.010472899276390705,-0.0003355306305222027,80755227.0,-2229439.0
2023-12-31,Energy,Hedge Fund - Global Macro,1149865732.0,0.0379720839406723,0.02767765887357245,0.01029442506709985,733968954.0,415896778.0
2023-12-31,Energy,Hedge Fund - Long/Short,1887855283.0,0.02214201504867337,0.027570209544526665,-0.005428194495853297,2139089765.0,-251234482.0
2023-12-31,Energy,Hedge Fund - Long/Short Growth,65666136.0,0.0011836103584036222,0.0009376638048946114,0.0002459465535090108,45864325.0,19801811.0
2023-12-31,Energy,Hedge Fund - Multi-strategy,22540609768.0,0.027284741176967817,0.03042919032630921,-0.003144449149341394,22760045452.0,-219435684.0
2023-12-31,Energy,Hedge Fund - Opportunistic,252534709.0,0.04360824899440887,0.052205302659550555,-0.008597053665141685,264471710.0,-11937001.0
2023-12-31,Energy,Hedge Fund - Quant,4079210704.0,0.026197391394797143,0.0354496647233861,-0.009252273328588956,8180188172.0,-4100977468.0
2023-12-31,Energy,Hedge Fund - Value,306978961.0,0.14955733665249824,0.2295561867681196,-0.07999885011562136,405368405.0,-98389444.0
2023-12-31,Energy,Market Maker - Quant,19840672779.0,0.021820778533836765,0.02780122139404492,-0.005980442860208154,21960754111.0,-2120081332.0
2023-12-31,Energy,Pension Fund,4877799181.0,0.03703358010922555,0.04439249461903837,-0.007358914509812818,5159704703.0,-281905522.0
2023-12-31,Financials,Asset Manager - Active,118840652048.0,0.09128774230650369,0.08761237438387058,0.0036753679226331076,101369731038.0,17470921010.0
2023-12-31,Financials,Asset Manager - Growth,7324013238.0,0.05803910693395961,0.05604352681175295,0.0019955801222066583,6142482165.0,1181531073.0
2023-12-31,Financials,Asset Manager - Index,711102769376.0,0.10719992636911423,0.10386855719815224,0.0033313691709619814,610171049133.0,100931720243.0
2023-12-31,Financials,Asset Manager - Index/Active,394655586626.0,0.10062749509432084,0.09747623171584147,0.003151263378479374,338969284264.0,55686302362.0
2023-12-31,Financials,Asset Manager - Value,48809901374.0,0.22640931594487126,0.20210737949945717,0.02430193644541409,40378639221.0,8431262153.0
2023-12-31,Financials,Conglomerate / Long-only Value,4542600000.0,1.0,1.0,0.0,1695320075.0,2847279925.0
2023-12-31,Financials,Family Office - Macro,233912712.0,0.030577936320230672,0.019877335764690335,0.010700600555540337,140123443.0,93789269.0
2023-12-31,Financials,Foundation / Endowment,7103365034.0,0.16799442110489934,0.20333323115531157,-0.03533881005041223,7912551401.0,-809186367.0
2023-12-31,Financials,Hedge Fund - Activist,19900373.0,0.0005864819752154055,0.0009519550578370701,-0.00036547308262166456,26019938.0,-6119565.0
2023-12-31,Financials,Hedge Fund - Contrarian Value,5144000.0,0.05438135708972628,0.0012943641744584823,0.0530869929152678,2248000.0,2896000.0
2023-12-31,Financials,Hedge Fund - Event Driven,480055800.0,0.061973305064921096,0.08010442953651284,-0.018131124471591743,617675318.0,-137619518.0
2023-12-31,Financials,Hedge Fund - Global Macro,2016675241.0,0.06659678552132689,0.04717695825681819,0.0194198272645087,1251060390.0,765614851.0
2023-12-31,Financials,Hedge Fund - Long/Short,11497501853.0,0.1348503041222127,0.10830964340411935,0.026540660718093342,8403419977.0,3094081876.0
2023-12-31,Financials,Hedge Fund - Long/Short Growth,4684996546.0,0.08444551147231796,0.08898395805006815,-0.0045384465777501826,4352507957.0,332488589.0
2023-12-31,Financials,Hedge Fund - Multi-strategy,51401516522.0,0.0622200148461576,0.053809768821863044,0.008410246024294556,40247958326.0,11153558196.0
2023-12-31,Financials,Hedge Fund - Quant,10593133671.0,0.06803092289507566,0.07786117091542523,-0.009830248020349569,17966856227.0,-7373722556.0
2023-12-31,Financials,Hedge Fund - Value,215911793.0,0.10519024693990515,0.1169458981546891,-0.011755651214783946,206512283.0,9399510.0
2023-12-31,Financials,Market Maker - Quant,47947847879.0,0.052733059074949726,0.04911608613270567,0.0036169729422440566,38797802268.0,9150045611.0
2023-12-31,Financials,Pension Fund,13094866906.0,0.09941979663122943,0.1003560513386391,-0.00093625470740967,11664304845.0,1430562061.0
2023-12-31,Health Care,Asset Manager - Active,113911027207.0,0.08750103872992632,0.0949075390905129,-0.007406500360586585,109810420945.0,4100606262.0
2023-12-31,Health Care,Asset Manager - Growth,10152624634.0,0.0804544240493464,0.08656815101461318,-0.006113726965266783,9488041776.0,664582858.0
2023-12-31,Health Care,Asset Manager - Index,603402176722.0,0.09096388272024748,0.0974044278185319,-0.006440545098284414,572197819200.0,31204357522.0
2023-12-31,Health Care,Asset Manager - Index/Active,359632751227.0,0.09169753105293534,0.09878474280153926,-0.007087211748603925,343519573687.0,16113177540.0
2023-12-31,Health Care,Asset Manager - Value,20034419700.0,0.09293153913328071,0.09230495088693186,0.0006265882463488553,18441426134.0,1592993566.0
2023-12-31,Health Care,Family Office - Macro,292696813.0,0.03826241178824204,0.08350644400099852,-0.04524403221275648,588670966.0,-295974153.0
2023-12-31,Health Care,Foundation / Endowment,86289820.0,0.0020407522756834807,0.002919747193172473,-0.0008789949174889925,113619646.0,-27329826.0
2023-12-31,Health Care,Hedge Fund - Activist,954611657.0,0.028133268163416394,0.021919662195989148,0.0062136059674272465,599133590.0,355478067.0
2023-12-31,Health Care,Hedge Fund - Contrarian Value,10546000.0,0.1114902394767211,0.008423443367544647,0.10306679610917645,14629500.0,-4083500.0
2023-12-31,Health Care,Hedge Fund - Event Driven,723409761.0,0.09338933891725641,0.16143484728496024,-0.06804550836770383,1244804079.0,-521394318.0
2023-12-31,Health Care,Hedge Fund - Global Macro,3254727067.0,0.10748104404949965,0.10057414297311533,0.0069069010763843225,2667071621.0,587655446.0
2023-12-31,Health Care,Hedge Fund - Long/Short,11676995965.0,0.1369555297530336,0.14806645823893058,-0.011110928485896981,11488031850.0,188964115.0
2023-12-31,Health Care,Hedge Fund - Long/Short Growth,2491181502.0,0.04490272170774132,0.051985063712191616,-0.0070823420044503,2542766229.0,-51584727.0
2023-12-31,Health Care,Hedge Fund - Multi-strategy,38347995397.0,0.046419113760982185,0.051079962420226555,-0.00466084865924437,38206151853.0,141843544.0
2023-12-31,Health Care,Hedge Fund - Opportunistic,137017155.0,0.02366042369148359,0.01990488249039475,0.0037555412010888377,100838000.0,36179155.0
2023-12-31,Health Care,Hedge Fund - Quant,12302636992.0,0.07900964668275047,0.08462412339109988,-0.005614476708349414,19527441476.0,-7224804484.0
2023-12-31,Health Care,Hedge Fund - Value,119450311.0,0.05819509687985625,0.03908999630408385,0.019105100575772402,69028196.0,50422115.0
2023-12-31,Health Care,Market Maker - Quant,30015062417.0,0.033010575648113424,0.035220129162987786,-0.0022095535148743614,27821101287.0,2193961130.0
2023-12-31,Health Care,Pension Fund,14808883564.0,0.11243307800202519,0.11493101906364075,-0.0024979410616155634,13358341870.0,1450541694.0
2023-12-31,Industrials,Asset Manager - Active,36641586820.0,0.028146326006142395,0.02806502026654779,8.130573959460458e-05,32471937623.0,4169649197.0
2023-12-31,Industrials,Asset Manager - Growth,647139762.0,0.00512825586565866,0.005725912447412222,-0.0005976565817535622,627571409.0,19568353.0
2023-12-31,Industrials,Asset Manager - Index,232232045507.0,0.035009367493737974,0.03398606132388411,0.0010233061698538617,199649549905.0,32582495602.0
2023-12-31,Industrials,Asset Manager - Index/Active,112140028932.0,0.028592956982325942,0.027267299700869985,0.0013256572814559567,94820828634.0,17319200298.0
2023-12-31,Industrials,Asset Manager - Value,9283830752.0,0.04306392167856216,0.039621442057635084,0.003442479620927079,7915890643.0,1367940109.0
2023-12-31,Industrials,Family Office - Macro,55843302.0,0.00730004332756148,0.0065470394430274725,0.0007530038845340072,46152750.0,9690552.0
2023-12-31,Industrials,Foundation / Endowment,3715454435.0,0.08787041267932337,0.09270542265050219,-0.004835009971178819,3607557986.0,107896449.0
2023-12-31,Industrials,Hedge Fund - Activist,1492931944.0,0.04399805347263065,0.05397631837015985,-0.009978264897529197,1475343238.0,17588706.0
2023-12-31,Industrials,Hedge Fund - Event Driven,61570000.0,0.007948443478543935,0.025050072343045682,-0.01710162886450175,193158000.0,-131588000.0
2023-12-31,Industrials,Hedge Fund - Global Macro,638151133.0,0.021073702533045947,0.01570046603549067,0.005373236497555278,416352217.0,221798916.0
2023-12-31,Industrials,Hedge Fund - Long/Short,4525054346.0,0.053072829431066525,0.0451724249149813,0.007900404516085223,3504792796.0,1020261550.0
2023-12-31,Industrials,Hedge Fund - Long/Short Growth,1526097914.0,0.027507409587013924,0.023862194771741587,0.0036452148152723365,1167181084.0,358916830.0
2023-12-31,Industrials,Hedge Fund - Multi-strategy,19718296855.0,0.02386841490433337,0.02298909317095211,0.0008793217333812609,17195094574.0,2523202281.0
2023-12-31,Industrials,Hedge Fund - Opportunistic,448035000.0,0.07736766924268607,0.06581680722114774,0.011550862021538322,333427500.0,114607500.0
2023-12-31,Industrials,Hedge Fund - Quant,3422139031.0,0.021977564315226124,0.027494634838874023,-0.005517070523647898,6344525074.0,-2922386043.0
2023-12-31,Industrials,Market Maker - Quant,23730780189.0,0.02609911995965235,0.021676707859228764,0.004422412100423587,17122875448.0,6607904741.0
2023-12-31,Industrials,Pension Fund,4073024973.0,0.03092351509919033,0.02951305737942015,0.0014104577197701813,3430279426.0,642745547.0
2023-12-31,Information Technology,Asset Manager - Active,276963654025.0,0.21275031936622013,0.2050352423010655,0.0077150770651546186,237230956375.0,39732697650.0
2023-12-31,Information Technology,Asset Manager - Growth,18344743125.0,0.14537282679716199,0.13453160433856368,0.01084122245859831,14744931793.0,3599811332.0
2023-12-31,Information Technology,Asset Manager - Index,1354279812550.0,0.20415993642653596,0.19278675341905332,0.011373183007482635,1132516892174.0,221762920376.0
2023-12-31,Information Technology,Asset Manager - Index/Active,777057883507.0,0.1981307018332034,0.18818435916915183,0.00994634266405156,654402785319.0,122655098188.0
2023-12-31,Information Technology,Asset Manager - Value,9125445947.0,0.042329238871454226,0.04832810938259898,-0.005998870511144755,9655378729.0,-529932782.0
2023-12-31,Information Technology,Family Office - Macro,549402246.0,0.0718198970408231,0.08567864083490953,-0.013858743794086428,603983667.0,-54581421.0
2023-12-31,Information Technology,Foundation / Endowment,14368815179.0,0.3398221513895798,0.3195075181033037,0.020314633286276085,12433381625.0,1935433554.0
2023-12-31,Information Technology,Hedge Fund - Activist,1540620831.0,0.04540348806642366,0.052836710389051404,-0.007433222322627747,1444194153.0,96426678.0
2023-12-31,Information Technology,Hedge Fund - Contrarian Value,5271500.0,0.05572926203314387,,,,
2023-12-31,Information Technology,Hedge Fund - Event Driven,919131467.0,0.11865623704402584,0.11856326722237685,9.296982164898326e-05,914226644.0,4904823.0
2023-12-31,Information Technology,Hedge Fund - Global Macro,1439851140.0,0.04754828918595228,0.04878443777363148,-0.0012361485876791964,1293688275.0,146162865.0
2023-12-31,Information Technology,Hedge Fund - Long/Short,10754037109.0,0.12613045801004324,0.12648630345896608,-0.00035584544892283687,9813692446.0,940344663.0
2023-12-31,Information Technology,Hedge Fund - Long/Short Growth,18001651173.0,0.3244738017892741,0.2939300992159677,0.030543702573306408,14377120592.0,3624530581.0
2023-12-31,Information Technology,Hedge Fund - Multi-strategy,118133545831.0,0.14299716181113298,0.13686256676574093,0.006134595045392044,102368752072.0,15764793759.0
2023-12-31,Information Technology,Hedge Fund - Opportunistic,2058502350.0,0.35546671342661174,0.3627747246144022,-0.007308011187790453,1837814300.0,220688050.0
2023-12-31,Information Technology,Hedge Fund - Quant,18193260139.0,0.11684023974083603,0.13837095249180434,-0.02153071275096831,31929792221.0,-13736532082.0
2023-12-31,Information Technology,Market Maker - Quant,159475584038.0,0.1753913004669221,0.16516742176355378,0.010223878703368328,130469128859.0,29006455179.0
2023-12-31,Information Technology,Pension Fund,30456213049.0,0.23123186583145683,0.21145516123469946,0.019776704596757372,24577266929.0,5878946120.0
2023-12-31,Materials,Asset Manager - Active,9995004379.0,0.00767768746113913,0.0076747330590127725,2.954402126357711e-06,8879860082.0,1115144297.0
2023-12-31,Materials,Asset Manager - Growth,1713839751.0,0.01358131468958436,0.01456309036052298,-0.0009817756709386196,1596143710.0,117696041.0
2023-12-31,Materials,Asset Manager - Index,51649494458.0,0.007786247278657334,0.007719669642112081,6.65776365452531e-05,45348843303.0,6300651155.0
2023-12-31,Materials,Asset Manager - Index/Active,32003258692.0,0.00816004604055781,0.008241692068460187,-8.164602790237778e-05,28660119625.0,3343139067.0
2023-12-31,Materials,Asset Manager - Value,8185794.0,3.797057498241261e-05,3.6857765034555674e-05,1.1128099478569377e-06,7363741.0,822053.0
2023-12-31,Materials,Family Office - Macro,81081.0,1.0599208711583931e-05,4.267025181517166e-07,1.0172506193432214e-05,3008.0,78073.0
2023-12-31,Materials,Hedge Fund - Activist,1781087326.0,0.05249025297081642,0.06398717456358083,-0.011496921592764407,1748971552.0,32115774.0
2023-12-31,Materials,Hedge Fund - Event Driven,65141208.0,0.008409472306514116,0.008575397731386273,-0.00016592542487215735,66123828.0,-982620.0
2023-12-31,Materials,Hedge Fund - Global Macro,342749091.0,0.01131862346345767,0.009889791301452068,0.0014288321620056013,262262058.0,80487033.0
2023-12-31,Materials,Hedge Fund - Long/Short,724695875.0,0.008499712406166206,0.00762993464047899,0.0008697777656872163,591983716.0,132712159.0
2023-12-31,Materials,Hedge Fund - Long/Short Growth,85474801.0,0.0015406549860964604,0.002056617889191226,-0.0005159629030947657,100596174.0,-15121373.0
2023-12-31,Materials,Hedge Fund - Multi-strategy,6046124141.0,0.007318654375765771,0.006897178445190058,0.000421475930575713,5158865327.0,887258814.0
2023-12-31,Materials,Hedge Fund - Quant,1470793086.0,0.009445685680546188,0.00985169605338893,-0.00040601037284274284,2273328342.0,-802535256.0
2023-12-31,Materials,Hedge Fund - Value,62514865.0,0.030456669343507485,0.024245499099104086,0.006211170244403399,42814613.0,19700252.0
2023-12-31,Materials,Market Maker - Quant,7319908212.0,0.008050437490765144,0.008251490485513482,-0.0002010529947483377,6518021314.0,801886898.0
2023-12-31,Materials,Pension Fund,1235850197.0,0.009382911344910835,0.009406050844124008,-2.3139499213172682e-05,1093257885.0,142592312.0
2023-12-31,Real Estate,Asset Manager - Active,11099130527.0,0.008525824706564088,0.008124840272709504,0.00040098443385458427,9400645502.0,1698485025.0
2023-12-31,Real Estate,Asset Manager - Growth,351673274.0,0.002786833132633079,0.0027499320505254606,3.690108210761822e-05,301398030.0,50275244.0
2023-12-31,Real Estate,Asset Manager - Index,125639667712.0,0.018940389079886696,0.017831756884124222,0.001108632195762474,104751833465.0,20887834247.0
2023-12-31,Real Estate,Asset Manager - Index/Active,62411835085.0,0.015913487206745264,0.014755091682252454,0.0011583955244928099,51310178684.0,11101656401.0
2023-12-31,Real Estate,Asset Manager - Value,489769298.0,0.002271840930005396,0.0021720007338419693,9.984019616342656e-05,433939791.0,55829507.0
2023-12-31,Real Estate,Family Office - Macro,18944.0,2.4764298643608983e-06,,,,
2023-12-31,Real Estate,Hedge Fund - Activist,1635425534.0,0.04819746833378597,0.04558185666756506,0.0026156116662209086,1245896090.0,389529444.0
2023-12-31,Real Estate,Hedge Fund - Event Driven,36229474.0,0.00467708179870679,0.002827125631868956,0.0018499561668378346,21799615.0,14429859.0
2023-12-31,Real Estate,Hedge Fund - Global Macro,492470447.0,0.016262880640210618,0.011422764537470907,0.004840116102739711,302914151.0,189556296.0
2023-12-31,Real Estate,Hedge Fund - Long/Short,570468023.0,0.006690826179208221,0.006102554710924312,0.0005882714682839086,473478894.0,96989129.0
2023-12-31,Real Estate,Hedge Fund - Long/Short Growth,452276419.0,0.008152132697287028,0.009468333003211732,-0.001316200305924704,463128362.0,-10851943.0
2023-12-31,Real Estate,Hedge Fund - Multi-strategy,3975432451.0,0.0048121433540827445,0.005372958226843186,-0.0005608148727604418,4018798139.0,-43365688.0
2023-12-31,Real Estate,Hedge Fund - Quant,962409659.0,0.00618076004120925,0.004698106287912006,0.0014826537532972436,1084111621.0,-121701962.0
2023-12-31,Real Estate,Hedge Fund - Value,82735.0,4.030773381875001e-05,3.963805430031306e-05,6.696795184369514e-07,69996.0,12739.0
2023-12-31,Real Estate,Market Maker - Quant,2151064271.0,0.0023657412020433397,0.002378528857968201,-1.2787655924861082e-05,1878848654.0,272215617.0
2023-12-31,Real Estate,Pension Fund,2211870344.0,0.01679312217173958,0.016161913997673694,0.0006312081740658879,1878486541.0,333383803.0
2023-12-31,Unclassified,Asset Manager - Active,365256225046.0,0.28057247728982576,0.2823865887504255,-0.0018141114605997322,326728418807.0,38527806239.0
2023-12-31,Unclassified,Asset Manager - Growth,45068869939.0,0.35714803848397125,0.3660037938740642,-0.008855755390092923,40114744808.0,4954125131.0
2023-12-31,Unclassified,Asset Manager - Index,1915704218485.0,0.2887956003135833,0.2895360030385917,-0.0007404027250084155,1700865897259.0,214838321226.0
2023-12-31,Unclassified,Asset Manager - Index/Active,1173185412535.0,0.2991335061385319,0.2990697304163927,6.377572213922544e-05,1040001759196.0,133183653339.0
2023-12-31,Unclassified,Asset Manager - Value,73855523357.0,0.34258578795072225,0.34302345331272965,-0.00043766536200740003,68531986808.0,5323536549.0
2023-12-31,Unclassified,Family Office - Macro,4016810623.0,0.5250923662520748,0.4467357813436484,0.0783565849084264,3149222639.0,867587984.0
2023-12-31,Unclassified,Foundation / Endowment,15516300600.0,0.36696015543477734,0.34393834051594585,0.023021814918831485,13384087700.0,2132212900.0
2023-12-31,Unclassified,Hedge Fund - Activist,6322958045.0,0.18634328730600874,0.19068490819660958,-0.0043416208906008336,5212020723.0,1110937322.0
2023-12-31,Unclassified,Hedge Fund - Contrarian Value,25549465.0,0.2701039229425473,0.22019447433716957,0.04990944860537774,21794000.0,3755465.0
2023-12-31,Unclassified,Hedge Fund - Event Driven,4155065414.0,0.5364025108467071,0.43489023196169474,0.10151227888501235,3353384624.0,801680790.0
2023-12-31,Unclassified,Hedge Fund - Global Macro,9077636368.0,0.2997713216038302,0.3405826687962666,-0.0408113471924364,9031728670.0,45907698.0
2023-12-31,Unclassified,Hedge Fund - Long/Short,26942994373.0,0.3160052532815291,0.33278187050675845,-0.01677661722522933,25819545986.0,1123448387.0
2023-12-31,Unclassified,Hedge Fund - Long/Short Growth,10965155330.0,0.19764329410356485,0.20499728371551992,-0.007353989611955075,10027114191.0,938041139.0
2023-12-31,Unclassified,Hedge Fund - Multi-strategy,198381603620.0,0.24013506132952286,0.24597180642086175,-0.005836745091338885,183978917415.0,14402686205.0
2023-12-31,Unclassified,Hedge Fund - Opportunistic,616666580.0,0.1064873413783709,0.10574554650219369,0.0007417948761772181,535706223.0,80960357.0
2023-12-31,Unclassified,Hedge Fund - Quant,62206124400.0,0.3994984094502025,0.3874852680611592,0.012013141389043303,89414171653.0,-27208047253.0
2023-12-31,Unclassified,Hedge Fund - Value,1203042820.0,0.5861114372528965,0.5054050617559764,0.08070637549692006,892484087.0,310558733.0
2023-12-31,Unclassified,Market Maker - Quant,140191506927.0,0.1541826660342257,0.14629431924159697,0.007888346792628731,115560878681.0,24630628246.0
2023-12-31,Unclassified,Pension Fund,30221111772.0,0.2294469128941824,0.23805894012116255,-0.008612027226980151,27669403206.0,2551708566.0
2023-12-31,Utilities,Asset Manager - Active,7515023618.0,0.005772684074387139,0.005462799328090111,0.00030988474629702837,6320596862.0,1194426756.0
2023-12-31,Utilities,Asset Manager - Growth,39305656.0,0.0003114774779293526,0.00011506422278528537,0.00019641325514406724,12611268.0,26694388.0
2023-12-31,Utilities,Asset Manager - Index,58073667345.0,0.008754702036713156,0.009093020298013644,-0.0003383182613004871,53416528396.0,4657138949.0
2023-12-31,Utilities,Asset Manager - Index/Active,30366871313.0,0.007742807393664466,0.008321569261010731,-0.0005787618673462657,28937889029.0,1428982284.0
2023-12-31,Utilities,Asset Manager - Value,1457760.0,6.761956798126341e-06,6.882093301748754e-06,-1.2013650362241324e-07,1374960.0,82800.0
2023-12-31,Utilities,Hedge Fund - Activist,97894.0,2.885024641585206e-06,,,,
2023-12-31,Utilities,Hedge Fund - Event Driven,1100000.0,0.00014200564928371493,0.00028142068661100823,-0.0001394150373272933,2170000.0,-1070000.0
2023-12-31,Utilities,Hedge Fund - Global Macro,120643857.0,0.003984029210925702,0.0033369447641987604,0.0006470844467269419,88490644.0,32153213.0
2023-12-31,Utilities,Hedge Fund - Long/Short,298326323.0,0.003498968375788046,0.004662789539815574,-0.0011638211640275279,361771838.0,-63445515.0
2023-12-31,Utilities,Hedge Fund - Long/Short Growth,32851229.0,0.0005921325252134443,0.00040499294454877086,0.00018713958066467347,19809582.0,13041647.0
2023-12-31,Utilities,Hedge Fund - Multi-strategy,1533148711.0,0.0018558311507980334,0.002021614604335078,-0.0001657834535370448,1512102024.0,21046687.0
2023-12-31,Utilities,Hedge Fund - Quant,790750371.0,0.005078334625949748,0.004123663752674834,0.0009546708732749137,951556121.0,-160805750.0
2023-12-31,Utilities,Hedge Fund - Value,30220311.0,0.014723058581106462,0.024260079941182556,-0.009537021360076094,42840361.0,-12620050.0
2023-12-31,Utilities,Market Maker - Quant,1346837205.0,0.0014812520068645555,0.0024182460571641274,-0.0009369940502995718,1910222083.0,-563384878.0
2023-12-31,Utilities,Pension Fund,2382936172.0,0.018091900536758337,0.018905282066405727,-0.0008133815296473904,2197346052.0,185590120.0
2024-03-31,Communication Services,Asset Manager - Active,177981160367.0,0.08665151067706,0.0937294252883611,-0.007077914611301098,122019295646.0,55961864721.0
2024-03-31,Communication Services,Asset Manager - Growth,13868927491.0,0.1078775618643999,0.0906763245974245,0.017201237266975394,11442536538.0,2426390953.0
2024-03-31,Communication Services,Asset Manager - Index,505884582176.0,0.06943347941121926,0.06640322253116795,0.0030302568800513047,440480857000.0,65403725176.0
2024-03-31,Communication Services,Asset Manager - Index/Active,292445572066.0,0.06807837882537528,0.06475987293445037,0.0033185058909249027,253984714802.0,38460857264.0
2024-03-31,Communication Services,Asset Manager - Value,24387950652.0,0.1041311238843576,0.11129316412113864,-0.007162040236781048,23992865937.0,395084715.0
2024-03-31,Communication Services,Conglomerate / Long-only Value,6095215620.0,0.01837677325412738,,,,
2024-03-31,Communication Services,Family Office - Macro,431124469.0,0.07161805117477427,0.05378925630535796,0.017828794869416305,411472857.0,19651612.0
2024-03-31,Communication Services,Hedge Fund - Activist,2182336297.0,0.05000679375092812,0.06079458073354655,-0.010787786982618432,2062867887.0,119468410.0
2024-03-31,Communication Services,Hedge Fund - Event Driven,1246003708.0,0.13404716098679006,0.07538154172735141,0.05866561925943865,583918290.0,662085418.0
2024-03-31,Communication Services,Hedge Fund - Global Macro,2102751336.0,0.05923538753547796,0.04321498125501269,0.01602040628046527,1308630470.0,794120866.0
2024-03-31,Communication Services,Hedge Fund - Long/Short,5398742415.0,0.05940532757032059,0.06799910887020716,-0.008593781299886569,5797687186.0,-398944771.0
2024-03-31,Communication Services,Hedge Fund - Long/Short Growth,12789123630.0,0.2030910363848488,0.18077168410497169,0.022319352279877108,10029126485.0,2759997145.0
2024-03-31,Communication Services,Hedge Fund - Multi-strategy,53942976219.0,0.06337350842996889,0.06697997169658479,-0.0036064632666159002,55333836392.0,-1390860173.0
2024-03-31,Communication Services,Hedge Fund - Opportunistic,961605050.0,0.14235808623047608,0.18726434781185555,-0.044906261581379475,1084445000.0,-122839950.0
2024-03-31,Communication Services,Hedge Fund - Quant,9076435024.0,0.05434751448737612,0.05007182666158624,0.004275687825789881,7796712589.0,1279722435.0
2024-03-31,Communication Services,Hedge Fund - Value,691551.0,0.18942575496278052,0.0007120664333579908,0.18871368852942252,1461576.0,-770025.0
2024-03-31,Communication Services,Market Maker - Quant,63094147214.0,0.059847838669684086,0.06759813426170819,-0.007750295592024101,61464005983.0,1630141231.0
2024-03-31,Communication Services,Pension Fund,9923364701.0,0.0697861614219303,0.06749344841924208,0.0022927130026882125,8889755904.0,1033608797.0
2024-03-31,Consumer Discretionary,Asset Manager - Active,157976246050.0,0.07691196272176641,0.08337600377510856,-0.006464041053342154,108540954168.0,49435291882.0
2024-03-31,Consumer Discretionary,Asset Manager - Growth,27388312688.0,0.2130362566448325,0.23039050762245986,-0.017354250977627356,29073209718.0,-1684897030.0
2024-03-31,Consumer Discretionary,Asset Manager - Index,564128485183.0,0.0774275495662544,0.08066193581856443,-0.003234386252310026,535064975197.0,29063509986.0
2024-03-31,Consumer Discretionary,Asset Manager - Index/Active,320923480525.0,0.07470774861384526,0.07818152498599075,-0.003473776372145493,306623707345.0,14299773180.0
2024-03-31,Consumer Discretionary,Asset Manager - Value,12007049611.0,0.05126743072305396,0.054421795158797096,-0.003154364435743136,11732390265.0,274659346.0
2024-03-31,Consumer Discretionary,Conglomerate / Long-only Value,1827323551.0,0.005509290015675257,,,,
2024-03-31,Consumer Discretionary,Family Office - Macro,417338700.0,0.06932797028000227,0.06146699649592521,0.007860973784077067,470205435.0,-52866735.0
2024-03-31,Consumer Discretionary,Foundation / Endowment,164522721.0,0.0035875427550041,0.0035410129152591953,4.6529839744904704e-05,149725849.0,14796872.0
2024-03-31,Consumer Discretionary,Hedge Fund - Activist,6268125912.0,0.14362996212688306,0.17388181450451465,-0.03025185237763159,5900118184.0,368007728.0
2024-03-31,Consumer Discretionary,Hedge Fund - Contrarian Value,26138050.0,0.25257458069660765,0.3155564405329711,-0.06298185983636345,29848875.0,-3710825.0
2024-03-31,Consumer Discretionary,Hedge Fund - Event Driven,1051341619.0,0.11310508817057671,0.08288269452082106,0.030222393649755652,642023500.0,409318119.0
2024-03-31,Consumer Discretionary,Hedge Fund - Global Macro,2416987100.0,0.06808754087352106,0.07514928960832408,-0.007061748734803017,2275661063.0,141326037.0
2024-03-31,Consumer Discretionary,Hedge Fund - Long/Short,7070585817.0,0.0778015386335019,0.08269092332874124,-0.004889384695239349,7050329255.0,20256562.0
2024-03-31,Consumer Discretionary,Hedge Fund - Long/Short Growth,6964247588.0,0.11059211727141648,0.12335568483672249,-0.012763567565306014,6843714335.0,120533253.0
2024-03-31,Consumer Discretionary,Hedge Fund - Multi-strategy,66796683129.0,0.07847435306839132,0.09352944855380824,-0.01505509548541692,77267025844.0,-10470342715.0
2024-03-31,Consumer Discretionary,Hedge Fund - Opportunistic,1848639388.0,0.2736765633728302,0.183084670148724,0.09059189322410618,1060240550.0,788398838.0
2024-03-31,Consumer Discretionary,Hedge Fund - Quant,11391969334.0,0.06821237818396897,0.07308098211206648,-0.004868603928097515,11379481262.0,12488072.0
2024-03-31,Consumer Discretionary,Market Maker - Quant,96305581943.0,0.09135048472191408,0.13560965942484238,-0.0442591747029283,123303890104.0,-26998308161.0
2024-03-31,Consumer Discretionary,Pension Fund,11087939753.0,0.0779760471124799,0.08343440079424673,-0.0054583536817668366,10989384517.0,98555236.0
2024-03-31,Consumer Staples,Asset Manager - Active,53410632800.0,0.026003381530913104,0.024972699047270702,0.001030682483642402,32510080359.0,20900552441.0
2024-03-31,Consumer Staples,Asset Manager - Growth,362545033.0,0.0028200071167340424,0.004391804111903728,-0.0015717969951696852,554206175.0,-191661142.0
2024-03-31,Consumer Staples,Asset Manager - Index,298058249424.0,0.04090897816198988,0.04182973272295575,-0.0009207545609658738,277474432950.0,20583816474.0
2024-03-31,Consumer Staples,Asset Manager - Index/Active,160186633695.0,0.03728983227343481,0.03785344809447896,-0.0005636158210441458,148459173604.0,11727460091.0
2024-03-31,Consumer Staples,Asset Manager - Value,4808785700.0,0.020532445165455604,0.020458869123514196,7.357604194140749e-05,4410575510.0,398210190.0
2024-03-31,Consumer Staples,Conglomerate / Long-only Value,39344424784.0,0.11862149235495589,,,,
2024-03-31,Consumer Staples,Foundation / Endowment,1427920636.0,0.03113689283319504,0.0317710942004775,-0.0006342013672824623,1343387942.0,84532694.0
2024-03-31,Consumer Staples,Hedge Fund - Activist,137782320.0,0.003157190790546787,0.003612167614984926,-0.000454976824438139,122567250.0,15215070.0
2024-03-31,Consumer Staples,Hedge Fund - Global Macro,3385081257.0,0.09535915952806598,0.12622111782651133,-0.030861958298445347,3822211556.0,-437130299.0
2024-03-31,Consumer Staples,Hedge Fund - Long/Short,3525466265.0,0.038792641361912364,0.037495196668127284,0.0012974446937850798,3196886325.0,328579940.0
2024-03-31,Consumer Staples,Hedge Fund - Long/Short Growth,611208839.0,0.00970598456558123,0.005097102692329463,0.004608881873251767,282784817.0,328424022.0
2024-03-31,Consumer Staples,Hedge Fund - Multi-strategy,17354434049.0,0.020388407344017867,0.01906528161533943,0.0013231257286784384,15750307845.0,1604126204.0
2024-03-31,Consumer Staples,Hedge Fund - Quant,6248476048.0,0.03741437487788517,0.03912512605674397,-0.0017107511788587992,6092195616.0,156280432.0
2024-03-31,Consumer Staples,Market Maker - Quant,15903067163.0,0.015084825454510415,0.01657949036656869,-0.0014946649120582758,15075000312.0,828066851.0
2024-03-31,Consumer Staples,Pension Fund,8894952967.0,0.06255384562586781,0.06088983485756434,0.00166401076830347,8019974999.0,874977968.0
2024-03-31,ETF - Broad Equity,Asset Manager - Active,44093876835.0,0.021467446506598892,0.03034597094703393,-0.008878524440435038,39505139280.0,4588737555.0
2024-03-31,ETF - Broad Equity,Asset Manager - Index,39126110352.0,0.005370122105483624,0.005003047163660553,0.00036707494182307114,33187342696.0,5938767656.0
2024-03-31,ETF - Broad Equity,Asset Manager - Index/Active,107302753621.0,0.0249789985138422,0.025246937501420506,-0.00026793898757830614,99017121720.0,8285631901.0
2024-03-31,ETF - Broad Equity,Asset Manager - Value,605192.0,2.584035207593553e-06,5.637170113747851e-05,-5.378766592988496e-05,12152756.0,-11547564.0
2024-03-31,ETF - Broad Equity,Conglomerate / Long-only Value,41279058.0,0.00012445431569654182,,,,
2024-03-31,ETF - Broad Equity,Family Office - Macro,628901418.0,0.10447259939266426,0.1520751819363437,-0.04760258254367944,1163332864.0,-534431446.0
2024-03-31,ETF - Broad Equity,Hedge Fund - Activist,2443833104.0,0.055998820237474364,0.18153222520607235,-0.125533404968598,6159710180.0,-3715877076.0
2024-03-31,ETF - Broad Equity,Hedge Fund - Global Macro,6437976611.0,0.18136050276984728,0.11184991530525856,0.06951058746458871,3387024661.0,3050951950.0
2024-03-31,ETF - Broad Equity,Hedge Fund - Long/Short,588185790.0,0.006472131255989511,0.0037373050109209944,0.0027348262450685164,318647196.0,269538594.0
2024-03-31,ETF - Broad Equity,Hedge Fund - Long/Short Growth,49753508.0,0.0007900847466826674,0.0003342591390636908,0.00045582560761897665,18544537.0,31208971.0
2024-03-31,ETF - Broad Equity,Hedge Fund - Multi-strategy,156284185428.0,0.18360642732211088,0.21733121203618788,-0.033724784714077,179542771146.0,-23258585718.0
2024-03-31,ETF - Broad Equity,Hedge Fund - Opportunistic,153446250.0,0.022716513904791985,,,,
2024-03-31,ETF - Broad Equity,Hedge Fund - Quant,15028328817.0,0.0899860260050664,0.08932473635696037,0.0006612896481060365,13908805468.0,1119523349.0
2024-03-31,ETF - Broad Equity,Market Maker - Quant,310166118926.0,0.29420750839733023,0.2383895975984811,0.055817910798849124,216757160728.0,93408958198.0
2024-03-31,ETF - Commodity,Asset Manager - Active,1037773899.0,0.0005052482852912441,0.0006986881448055851,-0.000193439859514341,909569594.0,128204305.0
2024-03-31,ETF - Commodity,Asset Manager - Index,192455333.0,2.6414806602636965e-05,2.7661697805220814e-05,-1.2468912025838487e-06,183491823.0,8963510.0
2024-03-31,ETF - Commodity,Asset Manager - Index/Active,729371951.0,0.00016979043188786899,0.0005273017631828272,-0.0003575113312949583,2068048961.0,-1338677010.0
2024-03-31,ETF - Commodity,Hedge Fund - Contrarian Value,7624612.0,0.0736773852247709,,,,
2024-03-31,ETF - Commodity,Hedge Fund - Global Macro,22046513.0,0.0006210595228274547,0.0008847279073663904,-0.00026366838453893574,26791216.0,-4744703.0
2024-03-31,ETF - Commodity,Hedge Fund - Multi-strategy,2861923618.0,0.0033622568357169584,0.0036854755621122505,-0.0003232187263952921,3044663899.0,-182740281.0
2024-03-31,ETF - Commodity,Hedge Fund - Quant,542500736.0,0.003248364201496674,0.0043641702043486245,-0.0011158060028519504,679547423.0,-137046687.0
2024-03-31,ETF - Commodity,Market Maker - Quant,9253308556.0,0.008777209013412491,0.010850747803668676,-0.002073538790256185,9866107034.0,-612798478.0
2024-03-31,ETF - Fixed Income,Asset Manager - Active,8655785017.0,0.0042141361831349086,0.007280598042133536,-0.003066461858998628,9478063503.0,-822278486.0
2024-03-31,ETF - Fixed Income,Asset Manager - Index,4032209062.0,0.0005534272337058604,0.0005784441066676924,-2.5016872961831937e-05,3837066126.0,195142936.0
2024-03-31,ETF - Fixed Income,Asset Manager - Index/Active,10333112920.0,0.002405444441656242,0.0029717785538980633,-0.0005663341122418212,11655154562.0,-1322041642.0
2024-03-31,ETF - Fixed Income,Family Office - Macro,357151040.0,0.05932964445087864,0.046304189129725906,0.013025455321152735,354214174.0,2936866.0
2024-03-31,ETF - Fixed Income,Hedge Fund - Activist,337284600.0,0.007728653668433344,0.008767337438016803,-0.0010386837695834598,297491300.0,39793300.0
2024-03-31,ETF - Fixed Income,Hedge Fund - Global Macro,322726809.0,0.009091349638882444,0.00842211627003574,0.0006692333688467032,255037435.0,67689374.0
2024-03-31,ETF - Fixed Income,Hedge Fund - Multi-strategy,11849948750.0,0.013921605362559025,0.016425509199160963,-0.002503903836601939,13569525571.0,-1719576821.0
2024-03-31,ETF - Fixed Income,Hedge Fund - Quant,485630617.0,0.0029078395783292397,0.005038687573957927,-0.0021308479956286875,784576906.0,-298946289.0
2024-03-31,ETF - Fixed Income,Market Maker - Quant,19546763767.0,0.018541047246015675,0.020472013237248447,-0.0019309659912327727,18614299904.0,932463863.0
2024-03-31,ETF - International Equity,Asset Manager - Active,4343027126.0,0.002114436497679597,0.003064540168688294,-0.0009501036710086968,3989494566.0,353532560.0
2024-03-31,ETF - International Equity,Asset Manager - Index,3830098061.0,0.0005256871710094406,0.0006307651502110065,-0.00010507797920156594,4184133892.0,-354035831.0
2024-03-31,ETF - International Equity,Asset Manager - Index/Active,14276314305.0,0.003323381942902425,0.00317557995908933,0.00014780198381309471,12454452637.0,1821861668.0
2024-03-31,ETF - International Equity,Family Office - Macro,17876065.0,0.002969557587262789,0.0021056306376406597,0.0008639269496221293,16107489.0,1768576.0
2024-03-31,ETF - International Equity,Hedge Fund - Global Macro,317273708.0,0.008937733495368505,0.015455938581404793,-0.006518205086036288,468034732.0,-150761024.0
2024-03-31,ETF - International Equity,Hedge Fund - Multi-strategy,6057432008.0,0.007116417100614843,0.004152362913657235,0.002964054186957608,3430371263.0,2627060745.0
2024-03-31,ETF - International Equity,Hedge Fund - Quant,102442049.0,0.000613398402282662,0.0004607411991951811,0.00015265720308748086,71742274.0,30699775.0
2024-03-31,ETF - International Equity,Market Maker - Quant,10006141804.0,0.00949130762256971,0.011933701144639047,-0.0024423935220693367,10850788806.0,-844647002.0
2024-03-31,ETF - Sector,Asset Manager - Active,338622578.0,0.00016486103288997883,0.00037838500122281787,-0.00021352396833283904,492591000.0,-153968422.0
2024-03-31,ETF - Sector,Asset Manager - Index,918954259.0,0.00012612796252393048,0.0001270845961261038,-9.56633602173314e-07,843006253.0,75948006.0
2024-03-31,ETF - Sector,Asset Manager - Index/Active,1918172456.0,0.00044653119617929255,0.00038008931958755056,6.6441876591742e-05,1490689729.0,427482727.0
2024-03-31,ETF - Sector,Family Office - Macro,99702312.0,0.01656246814202353,0.002129992699444497,0.014432475442579033,16293852.0,83408460.0
2024-03-31,ETF - Sector,Hedge Fund - Activist,2687656250.0,0.06158586646425691,0.08007238331905181,-0.018486516854794903,2716997900.0,-29341650.0
2024-03-31,ETF - Sector,Hedge Fund - Global Macro,505478701.0,0.014239547126681741,0.006764771627222995,0.007474775499458746,204849939.0,300628762.0
2024-03-31,ETF - Sector,Hedge Fund - Multi-strategy,16258812638.0,0.01910124490707382,0.020806836199529097,-0.001705591292455278,17189049815.0,-930237177.0
2024-03-31,ETF - Sector,Hedge Fund - Quant,862645537.0,0.0051653144318898675,0.0052246391590196044,-5.9324727129736986e-05,813531533.0,49114004.0
2024-03-31,ETF - Sector,Market Maker - Quant,20691230020.0,0.019626628630294116,0.02183410460331284,-0.002207475973018725,19852789587.0,838440433.0
2024-03-31,ETF - Sector,Pension Fund,505440000.0,0.003554511850758235,0.0034256333082283504,0.00012887854252988454,451200000.0,54240000.0
2024-03-31,ETF - Thematic,Asset Manager - Active,1704125.0,8.296664957575132e-07,1.039236570896251e-06,-2.095700751387379e-07,1352904.0,351221.0
2024-03-31,ETF - Thematic,Asset Manager - Index/Active,44.0,1.0242756103828065e-11,1.1370549141447737e-05,-1.1370538898691633e-05,44594678.0,-44594634.0
2024-03-31,ETF - Thematic,Hedge Fund - Global Macro,2755352.0,7.76194220982553e-05,2.8381469942185533e-05,4.923795215606977e-05,859444.0,1895908.0
2024-03-31,ETF - Thematic,Hedge Fund - Multi-strategy,662818697.0,0.0007786953784555047,0.0011127655138767616,-0.0003340701354212569,919283531.0,-256464834.0
2024-03-31,ETF - Thematic,Hedge Fund - Quant,104692916.0,0.0006268760536477842,0.0010501358495285252,-0.000423259795880741,163517250.0,-58824334.0
2024-03-31,ETF - Thematic,Market Maker - Quant,1209203765.0,0.0011469880336291596,0.001597621142157519,-0.00045063310852835946,1452646534.0,-243442769.0
2024-03-31,Energy,Asset Manager - Active,72456775079.0,0.035276143870716196,0.03391855040809594,0.0013575934626202588,44156012025.0,28300763054.0
2024-03-31,Energy,Asset Manager - Growth,1291701158.0,0.010047321371669719,0.011719086237967231,-0.001671764866297512,1478843271.0,-187142113.0
2024-03-31,Energy,Asset Manager - Index,317848950691.0,0.04362528400994665,0.04312805449436512,0.0004972295155815307,286086754231.0,31762196460.0
2024-03-31,Energy,Asset Manager - Index/Active,160358541102.0,0.037329850583488054,0.03689356459647524,0.0004362859870128133,144694562504.0,15663978598.0
2024-03-31,Energy,Asset Manager - Value,14905479330.0,0.06364308083183182,0.06412984239360173,-0.0004867615617699106,13825276002.0,1080203328.0
2024-03-31,Energy,Conglomerate / Long-only Value,35517595992.0,0.10708379305483659,,,,
2024-03-31,Energy,Family Office - Macro,67315681.0,0.011182426963389962,0.005297526110332526,0.005884900853057436,40524602.0,26791079.0
2024-03-31,Energy,Hedge Fund - Activist,8685983308.0,0.19903356618512968,0.0861843058708741,0.11284926031425559,2924386266.0,5761597042.0
2024-03-31,Energy,Hedge Fund - Contrarian Value,6567500.0,0.06346240667245531,0.04207974226788865,0.02138266440456666,3980375.0,2587125.0
2024-03-31,Energy,Hedge Fund - Event Driven,104840615.0,0.011278928551036927,0.010137368645868502,0.001141559905168425,78525788.0,26314827.0
2024-03-31,Energy,Hedge Fund - Global Macro,1182268086.0,0.033304988110604526,0.0379720839406723,-0.0046670958300677745,1149865732.0,32402354.0
2024-03-31,Energy,Hedge Fund - Long/Short,2085606269.0,0.022949071111157866,0.02214201504867337,0.0008070560624844972,1887855283.0,197750986.0
2024-03-31,Energy,Hedge Fund - Long/Short Growth,660480557.0,0.010488418496363554,0.0011836103584036222,0.009304808137959931,65666136.0,594814421.0
2024-03-31,Energy,Hedge Fund - Multi-strategy,24376982709.0,0.028638666745678797,0.027284741176967817,0.00135392556871098,22540609768.0,1836372941.0
2024-03-31,Energy,Hedge Fund - Opportunistic,279545842.0,0.041384569559828166,0.04360824899440887,-0.002223679434580704,252534709.0,27011133.0
2024-03-31,Energy,Hedge Fund - Quant,4693080007.0,0.028101036695180746,0.026197391394797143,0.0019036453003836024,4079210704.0,613869303.0
2024-03-31,Energy,Market Maker - Quant,19831114568.0,0.018810767681512224,0.021820778533836765,-0.0030100108523245413,19840672779.0,-9558211.0
2024-03-31,Energy,Pension Fund,5139453933.0,0.03614326114133136,0.03703358010922555,-0.0008903189678941895,4877799181.0,261654752.0
2024-03-31,Financials,Asset Manager - Active,203704141093.0,0.09917494368777134,0.09128774230650369,0.007887201381267653,118840652048.0,84863489045.0
2024-03-31,Financials,Asset Manager - Growth,7085844883.0,0.05511627847383444,0.05803910693395961,-0.0029228284601251694,7324013238.0,-238168355.0
2024-03-31,Financials,Asset Manager - Index,789439769078.0,0.10835188871916454,0.10719992636911423,0.0011519623500503146,711102769376.0,78336999702.0
2024-03-31,Financials,Asset Manager - Index/Active,439639369216.0,0.10234360983000693,0.10062749509432084,0.0017161147356860862,394655586626.0,44983782590.0
2024-03-31,Financials,Asset Manager - Value,52373552323.0,0.2236234172781119,0.22640931594487126,-0.002785898666759351,48809901374.0,3563650949.0
2024-03-31,Financials,Conglomerate / Long-only Value,102248399566.0,0.30827386126527195,1.0,-0.691726138734728,4542600000.0,97705799566.0
2024-03-31,Financials,Family Office - Macro,190460751.0,0.03163918727123776,0.030577936320230672,0.0010612509510070887,233912712.0,-43451961.0
2024-03-31,Financials,Foundation / Endowment,7276298350.0,0.15866520605862572,0.16799442110489934,-0.009329215046273626,7103365034.0,172933316.0
2024-03-31,Financials,Hedge Fund - Activist,50207981.0,0.0011504826978174564,0.0005864819752154055,0.0005640007226020508,19900373.0,30307608.0
2024-03-31,Financials,Hedge Fund - Contrarian Value,7905000.0,0.0763868023975271,0.05438135708972628,0.022005445307800818,5144000.0,2761000.0
2024-03-31,Financials,Hedge Fund - Event Driven,841731550.0,0.09055488668779334,0.061973305064921096,0.02858158162287224,480055800.0,361675750.0
2024-03-31,Financials,Hedge Fund - Global Macro,2065009439.0,0.058172182458946224,0.06659678552132689,-0.008424603062380666,2016675241.0,48334198.0
2024-03-31,Financials,Hedge Fund - Long/Short,11701937983.0,0.12876284987337955,0.1348503041222127,-0.006087454248833141,11497501853.0,204436130.0
2024-03-31,Financials,Hedge Fund - Long/Short Growth,5127082169.0,0.08141796587922175,0.08444551147231796,-0.0030275455930962175,4684996546.0,442085623.0
2024-03-31,Financials,Hedge Fund - Multi-strategy,58595648058.0,0.06883957943082869,0.0622200148461576,0.006619564584671091,51401516522.0,7194131536.0
2024-03-31,Financials,Hedge Fund - Quant,12475385634.0,0.07469961495748366,0.06803092289507566,0.006668692062407999,10593133671.0,1882251963.0
2024-03-31,Financials,Hedge Fund - Value,868093.0,0.23778314528198935,0.10519024693990515,0.1325928983420842,215911793.0,-215043700.0
2024-03-31,Financials,Market Maker - Quant,49899686156.0,0.04733225661332823,0.052733059074949726,-0.005400802461621494,47947847879.0,1951838277.0
2024-03-31,Financials,Pension Fund,14472761325.0,0.10177983864139752,0.09941979663122943,0.0023600420101680814,13094866906.0,1377894419.0
2024-03-31,Health Care,Asset Manager - Active,207097952671.0,0.10082724722136222,0.08750103872992632,0.013326208491435898,113911027207.0,93186925464.0
2024-03-31,Health Care,Asset Manager - Growth,10654813020.0,0.08287701060262638,0.0804544240493464,0.0024225865532799817,10152624634.0,502188386.0
2024-03-31,Health Care,Asset Manager - Index,660532095720.0,0.09065910147201942,0.09096388272024748,-0.00030478124822806707,603402176722.0,57129918998.0
2024-03-31,Health Care,Asset Manager - Index/Active,391847297266.0,0.09121809763272391,0.09169753105293534,-0.00047943342021142255,359632751227.0,32214546039.0
2024-03-31,Health Care,Asset Manager - Value,21433642873.0,0.09151688689014169,0.09293153913328071,-0.0014146522431390252,20034419700.0,1399223173.0
2024-03-31,Health Care,Conglomerate / Long-only Value,4982993438.0,0.015023478453569564,,,,
2024-03-31,Health Care,Family Office - Macro,402395466.0,0.0668456122273244,0.03826241178824204,0.028583200439082357,292696813.0,109698653.0
2024-03-31,Health Care,Foundation / Endowment,93145560.0,0.0020311096054556484,0.0020407522756834807,-9.642670227832245e-06,86289820.0,6855740.0
2024-03-31,Health Care,Hedge Fund - Activist,1237757228.0,0.02836238873880422,0.028133268163416394,0.00022912057538782699,954611657.0,283145571.0
2024-03-31,Health Care,Hedge Fund - Contrarian Value,15602050.0,0.15076416323166827,0.1114902394767211,0.039273923754947176,10546000.0,5056050.0
2024-03-31,Health Care,Hedge Fund - Event Driven,792444161.0,0.08525246701963168,0.09338933891725641,-0.008136871897624728,723409761.0,69034400.0
2024-03-31,Health Care,Hedge Fund - Global Macro,3161275982.0,0.08905447101348014,0.10748104404949965,-0.01842657303601951,3254727067.0,-93451085.0
2024-03-31,Health Care,Hedge Fund - Long/Short,12690706250.0,0.1396428101080212,0.1369555297530336,0.002687280354987609,11676995965.0,1013710285.0
2024-03-31,Health Care,Hedge Fund - Long/Short Growth,1731534422.0,0.027496733198756337,0.04490272170774132,-0.01740598850898498,2491181502.0,-759647080.0
2024-03-31,Health Care,Hedge Fund - Multi-strategy,40771824179.0,0.047899721602735215,0.046419113760982185,0.0014806078417530302,38347995397.0,2423828782.0
2024-03-31,Health Care,Hedge Fund - Opportunistic,98940000.0,0.014647291059508584,0.02366042369148359,-0.009013132631975005,137017155.0,-38077155.0
2024-03-31,Health Care,Hedge Fund - Quant,11793663526.0,0.07061762659499035,0.07900964668275047,-0.008392020087760119,12302636992.0,-508973466.0
2024-03-31,Health Care,Market Maker - Quant,31538126374.0,0.029915432453241,0.033010575648113424,-0.0030951431948724253,30015062417.0,1523063957.0
2024-03-31,Health Care,Pension Fund,15476767289.0,0.10884052061605315,0.11243307800202519,-0.003592557385972042,14808883564.0,667883725.0
2024-03-31,Industrials,Asset Manager - Active,61589119167.0,0.029985141158117377,0.028146326006142395,0.0018388151519749818,36641586820.0,24947532347.0
2024-03-31,Industrials,Asset Manager - Growth,636603815.0,0.0049517359925878275,0.00512825586565866,-0.00017651987307083263,647139762.0,-10535947.0
2024-03-31,Industrials,Asset Manager - Index,246910800028.0,0.03388890777499,0.035009367493737974,-0.001120459718747975,232232045507.0,14678754521.0
2024-03-31,Industrials,Asset Manager - Index/Active,119835333100.0,0.027896456581006694,0.028592956982325942,-0.0006965004013192479,112140028932.0,7695304168.0
2024-03-31,Industrials,Asset Manager - Value,12408264580.0,0.05298052938547771,0.04306392167856216,0.009916607706915548,9283830752.0,3124433828.0
2024-03-31,Industrials,Family Office - Macro,82911314.0,0.013773161014945265,0.00730004332756148,0.006473117687383785,55843302.0,27068012.0
2024-03-31,Industrials,Foundation / Endowment,4267971096.0,0.09306634786341583,0.08787041267932337,0.005195935184092462,3715454435.0,552516661.0
2024-03-31,Industrials,Hedge Fund - Activist,1337815704.0,0.030655162579042553,0.04399805347263065,-0.013342890893588099,1492931944.0,-155116240.0
2024-03-31,Industrials,Hedge Fund - Event Driven,38495000.0,0.004141356425390737,0.007948443478543935,-0.003807087053153198,61570000.0,-23075000.0
2024-03-31,Industrials,Hedge Fund - Global Macro,642137085.0,0.018089271151402162,0.021073702533045947,-0.002984431381643785,638151133.0,3985952.0
2024-03-31,Industrials,Hedge Fund - Long/Short,2239451649.0,0.024641916313160424,0.053072829431066525,-0.0284309131179061,4525054346.0,-2285602697.0
2024-03-31,Industrials,Hedge Fund - Long/Short Growth,1569455624.0,0.024922925015010554,0.027507409587013924,-0.0025844845720033698,1526097914.0,43357710.0
2024-03-31,Industrials,Hedge Fund - Multi-strategy,18658428535.0,0.0219203714910396,0.02386841490433337,-0.0019480434132937707,19718296855.0,-1059868320.0
2024-03-31,Industrials,Hedge Fund - Opportunistic,237307150.0,0.035131462467682055,0.07736766924268607,-0.04223620677500401,448035000.0,-210727850.0
2024-03-31,Industrials,Hedge Fund - Quant,4107047390.0,0.02459201403834842,0.021977564315226124,0.002614449723122296,3422139031.0,684908359.0
2024-03-31,Industrials,Market Maker - Quant,25493260019.0,0.02418158545841915,0.02609911995965235,-0.0019175345012332028,23730780189.0,1762479830.0
2024-03-31,Industrials,Pension Fund,4229727552.0,0.02974560127623975,0.03092351509919033,-0.0011779138229505819,4073024973.0,156702579.0
2024-03-31,Information Technology,Asset Manager - Active,415546150146.0,0.20231187161573078,0.21275031936622013,-0.010438447750489355,276963654025.0,138582496121.0
2024-03-31,Information Technology,Asset Manager - Growth,20909031085.0,0.16263804795724043,0.14537282679716199,0.017265221160078448,18344743125.0,2564287960.0
2024-03-31,Information Technology,Asset Manager - Index,1542828792207.0,0.21175575408517194,0.20415993642653596,0.007595817658635984,1354279812550.0,188548979657.0
2024-03-31,Information Technology,Asset Manager - Index/Active,888044056470.0,0.20672769726991655,0.1981307018332034,0.008596995436713162,777057883507.0,110986172963.0
2024-03-31,Information Technology,Asset Manager - Value,9366924867.0,0.03999468539440633,0.042329238871454226,-0.0023345534770478973,9125445947.0,241478920.0
2024-03-31,Information Technology,Conglomerate / Long-only Value,138779449386.0,0.41841316742444784,,,,
2024-03-31,Information Technology,Family Office - Macro,452371355.0,0.07514756684430263,0.0718198970408231,0.0033276698034795243,549402246.0,-97030891.0
2024-03-31,Information Technology,Foundation / Endowment,15356110450.0,0.3348516390629125,0.3398221513895798,-0.004970512326667287,14368815179.0,987295271.0
2024-03-31,Information Technology,Hedge Fund - Activist,1163034017.0,0.026650155749772798,0.04540348806642366,-0.01875333231665086,1540620831.0,-377586814.0
2024-03-31,Information Technology,Hedge Fund - Event Driven,948676599.0,0.10206021376507292,0.11865623704402584,-0.016596023278952918,919131467.0,29545132.0
2024-03-31,Information Technology,Hedge Fund - Global Macro,2837962162.0,0.07994658502839391,0.04754828918595228,0.03239829584244163,1439851140.0,1398111022.0
2024-03-31,Information Technology,Hedge Fund - Long/Short,14063258218.0,0.15474575316375655,0.12613045801004324,0.028615295153713305,10754037109.0,3309221109.0
2024-03-31,Information Technology,Hedge Fund - Long/Short Growth,20692174862.0,0.328591337401912,0.3244738017892741,0.00411753561263789,18001651173.0,2690523689.0
2024-03-31,Information Technology,Hedge Fund - Multi-strategy,149287103854.0,0.17538608726681224,0.14299716181113298,0.03238892545567926,118133545831.0,31153558023.0
2024-03-31,Information Technology,Hedge Fund - Opportunistic,2433344670.0,0.3602375948008274,0.35546671342661174,0.004770881374215663,2058502350.0,374842320.0
2024-03-31,Information Technology,Hedge Fund - Quant,18007515755.0,0.10782468235477077,0.11684023974083603,-0.009015557386065257,18193260139.0,-185744384.0
2024-03-31,Information Technology,Market Maker - Quant,231607183059.0,0.21969057255724905,0.1753913004669221,0.04429927209032694,159475584038.0,72131599021.0
2024-03-31,Information Technology,Pension Fund,34212417194.0,0.24059916579447177,0.23123186583145683,0.009367299963014941,30456213049.0,3756204145.0
2024-03-31,Materials,Asset Manager - Active,13537896841.0,0.006591030254235562,0.00767768746113913,-0.0010866572069035685,9995004379.0,3542892462.0
2024-03-31,Materials,Asset Manager - Growth,1768434547.0,0.013755527049293052,0.01358131468958436,0.00017421235970869163,1713839751.0,54594796.0
2024-03-31,Materials,Asset Manager - Index,53237757537.0,0.0073069685696781055,0.007786247278657334,-0.00047927870897922827,51649494458.0,1588263079.0
2024-03-31,Materials,Asset Manager - Index/Active,31344714009.0,0.007296733198600678,0.00816004604055781,-0.0008633128419571314,32003258692.0,-658544683.0
2024-03-31,Materials,Asset Manager - Value,9380547.0,4.0052848871905245e-05,3.797057498241261e-05,2.0822738894926335e-06,8185794.0,1194753.0
2024-03-31,Materials,Conglomerate / Long-only Value,553633733.0,0.0016691782885897481,,,,
2024-03-31,Materials,Family Office - Macro,27876460.0,0.004630815187740012,1.0599208711583931e-05,0.004620215979028428,81081.0,27795379.0
2024-03-31,Materials,Hedge Fund - Activist,1933637255.0,0.044308019590207,0.05249025297081642,-0.008182233380609423,1781087326.0,152549929.0
2024-03-31,Materials,Hedge Fund - Event Driven,53511898.0,0.005756899405563157,0.008409472306514116,-0.0026525729009509585,65141208.0,-11629310.0
2024-03-31,Materials,Hedge Fund - Global Macro,349664924.0,0.00985020764276592,0.01131862346345767,-0.0014684158206917496,342749091.0,6915833.0
2024-03-31,Materials,Hedge Fund - Long/Short,827527591.0,0.009105740529543912,0.008499712406166206,0.0006060281233777054,724695875.0,102831716.0
2024-03-31,Materials,Hedge Fund - Multi-strategy,6887835243.0,0.008091994832920425,0.007318654375765771,0.0007733404571546544,6046124141.0,841711102.0
2024-03-31,Materials,Hedge Fund - Quant,1547131820.0,0.00926385401085317,0.009445685680546188,-0.0001818316696930184,1470793086.0,76338734.0
2024-03-31,Materials,Market Maker - Quant,7827901021.0,0.007425141286688337,0.008050437490765144,-0.0006252962040768075,7319908212.0,507992809.0
2024-03-31,Materials,Pension Fund,1308536245.0,0.009202294218896767,0.009382911344910835,-0.0001806171260140682,1235850197.0,72686048.0
2024-03-31,Real Estate,Asset Manager - Active,20364238782.0,0.00991448786270443,0.008525824706564088,0.001388663156140342,11099130527.0,9265108255.0
2024-03-31,Real Estate,Asset Manager - Growth,133056976.0,0.0010349655493724849,0.002786833132633079,-0.001751867583260594,351673274.0,-218616298.0
2024-03-31,Real Estate,Asset Manager - Index,123813095818.0,0.01699354821675027,0.018940389079886696,-0.0019468408631364252,125639667712.0,-1826571894.0
2024-03-31,Real Estate,Asset Manager - Index/Active,62942677486.0,0.014652420318431997,0.015913487206745264,-0.0012610668883132666,62411835085.0,530842401.0
2024-03-31,Real Estate,Asset Manager - Value,433964119.0,0.0018529302474724026,0.002271840930005396,-0.0004189106825329932,489769298.0,-55805179.0
2024-03-31,Real Estate,Family Office - Macro,10534797.0,0.001750032032308188,2.4764298643608983e-06,0.001747555602443827,18944.0,10515853.0
2024-03-31,Real Estate,Hedge Fund - Activist,1410303388.0,0.03231616994452215,0.04819746833378597,-0.015881298389263825,1635425534.0,-225122146.0
2024-03-31,Real Estate,Hedge Fund - Event Driven,44265197.0,0.004762123860686759,0.00467708179870679,8.504206197996848e-05,36229474.0,8035723.0
2024-03-31,Real Estate,Hedge Fund - Global Macro,356169907.0,0.010033455743632515,0.016262880640210618,-0.0062294248965781025,492470447.0,-136300540.0
2024-03-31,Real Estate,Hedge Fund - Long/Short,611902298.0,0.0067330970176916515,0.006690826179208221,4.227083848343076e-05,570468023.0,41434275.0
2024-03-31,Real Estate,Hedge Fund - Long/Short Growth,339616692.0,0.005393106513575394,0.008152132697287028,-0.002759026183711634,452276419.0,-112659727.0
2024-03-31,Real Estate,Hedge Fund - Multi-strategy,3544668091.0,0.0041643614960071,0.0048121433540827445,-0.0006477818580756444,3975432451.0,-430764360.0
2024-03-31,Real Estate,Hedge Fund - Quant,1032408653.0,0.006181815225630592,0.00618076004120925,1.0551844213417191e-06,962409659.0,69998994.0
2024-03-31,Real Estate,Market Maker - Quant,2268390206.0,0.002151677407226386,0.0023657412020433397,-0.00021406379481695359,2151064271.0,117325935.0
2024-03-31,Real Estate,Pension Fund,2147151424.0,0.015099863845323719,0.01679312217173958,-0.0016932583264158627,2211870344.0,-64718920.0
2024-03-31,Unclassified,Asset Manager - Active,600029632540.0,0.29212908828878753,0.28057247728982576,0.01155661099896177,365256225046.0,234773407494.0
2024-03-31,Unclassified,Asset Manager - Growth,44425464210.0,0.3455574172392909,0.35714803848397125,-0.011590621244680355,45068869939.0,-643405729.0
2024-03-31,Unclassified,Asset Manager - Index,2076711267151.0,0.28503198968932086,0.2887956003135833,-0.003763610624262448,1915704218485.0,161007048666.0
2024-03-31,Unclassified,Asset Manager - Index/Active,1262516278754.0,0.2939010527361325,0.2991335061385319,-0.005232453402399417,1173185412535.0,89330866219.0
2024-03-31,Unclassified,Asset Manager - Value,81088638959.0,0.34623044918951046,0.34258578795072225,0.003644661238788205,73855523357.0,7233115602.0
2024-03-31,Unclassified,Conglomerate / Long-only Value,2290091204.0,0.006904511572829244,,,,
2024-03-31,Unclassified,Family Office - Macro,2832733650.0,0.47057144304700804,0.5250923662520748,-0.05452092320506674,4016810623.0,-1184076973.0
2024-03-31,Unclassified,Foundation / Endowment,17273476561.0,0.37666126182139115,0.36696015543477734,0.009701106386613811,15516300600.0,1757175961.0
2024-03-31,Unclassified,Hedge Fund - Activist,13661262552.0,0.31303880146898455,0.18634328730600874,0.1266955141629758,6322958045.0,7338304507.0
2024-03-31,Unclassified,Hedge Fund - Contrarian Value,39649251.0,0.38313466177697075,0.2701039229425473,0.11303073883442344,25549465.0,14099786.0
2024-03-31,Unclassified,Hedge Fund - Event Driven,4172503341.0,0.4488848817044985,0.5364025108467071,-0.08751762914220862,4155065414.0,17437927.0
2024-03-31,Unclassified,Hedge Fund - Global Macro,9315631631.0,0.26242525226484587,0.2997713216038302,-0.03734606933898432,9077636368.0,237995263.0
2024-03-31,Unclassified,Hedge Fund - Long/Short,29737105544.0,0.3272137027553511,0.3160052532815291,0.01120844947382199,26942994373.0,2794111171.0
2024-03-31,Unclassified,Hedge Fund - Long/Short Growth,12375781353.0,0.19652716900454706,0.19764329410356485,-0.0011161250990177896,10965155330.0,1410626023.0
2024-03-31,Unclassified,Hedge Fund - Multi-strategy,215352498975.0,0.25300130556014827,0.24013506132952286,0.012866244230625407,198381603620.0,16970895355.0
2024-03-31,Unclassified,Hedge Fund - Opportunistic,742004308.0,0.10984791860405552,0.1064873413783709,0.0033605772256846134,616666580.0,125337728.0
2024-03-31,Unclassified,Hedge Fund - Quant,68720149771.0,0.4114797632967751,0.3994984094502025,0.011981353846572618,62206124400.0,6514025371.0
2024-03-31,Unclassified,Hedge Fund - Value,2091132.0,0.5727910997552301,0.5861114372528965,-0.013320337497666368,1203042820.0,-1200951688.0
2024-03-31,Unclassified,Market Maker - Quant,138282522699.0,0.13116763558522798,0.1541826660342257,-0.02301503044899772,140191506927.0,-1908984228.0
2024-03-31,Unclassified,Pension Fund,32315868024.0,0.22726166480461996,0.2294469128941824,-0.0021852480895624415,30221111772.0,2094756252.0
2024-03-31,Utilities,Asset Manager - Active,11823233199.0,0.005756232938744647,0.005772684074387139,-1.6451135642491822e-05,7515023618.0,4308209581.0
2024-03-31,Utilities,Asset Manager - Growth,37009087.0,0.0002878701381183433,0.0003114774779293526,-2.3607339811009334e-05,39305656.0,-2296569.0
2024-03-31,Utilities,Asset Manager - Index,58394727375.0,0.00801477104416917,0.008754702036713156,-0.000739930992543986,58073667345.0,321060030.0
2024-03-31,Utilities,Asset Manager - Index/Active,31075125014.0,0.007233975600326562,0.007742807393664466,-0.0005088317933379036,30366871313.0,708253701.0
2024-03-31,Utilities,Asset Manager - Value,980000501.0,0.0041843841261010074,6.761956798126341e-06,0.004177622169302881,1457760.0,978542741.0
2024-03-31,Utilities,Family Office - Macro,1080335.0,0.00017946438413798257,0.0016526154482602302,-0.0014731510641222477,11649960.0,-10569625.0
2024-03-31,Utilities,Hedge Fund - Activist,103776330.0,0.0023779660071970355,2.885024641585206e-06,0.0023750809825554505,97894.0,103678436.0
2024-03-31,Utilities,Hedge Fund - Event Driven,1450000.0,0.00015599342295925624,0.00014200564928371493,1.3987773675541303e-05,1100000.0,350000.0
2024-03-31,Utilities,Hedge Fund - Global Macro,75032133.0,0.002113686673158069,0.003984029210925702,-0.0018703425377676335,120643857.0,-45611724.0
2024-03-31,Utilities,Hedge Fund - Long/Short,339292373.0,0.003733420306213368,0.003498968375788046,0.00023445193042532196,298326323.0,40966050.0
2024-03-31,Utilities,Hedge Fund - Long/Short Growth,61909491.0,0.000983121522084189,0.0005921325252134443,0.0003909889968707447,32851229.0,29058262.0
2024-03-31,Utilities,Hedge Fund - Multi-strategy,1647051526.0,0.0019349958249205614,0.0018558311507980334,7.916467412252804e-05,1533148711.0,113902815.0
2024-03-31,Utilities,Hedge Fund - Quant,787858333.0,0.004717506604024304,0.005078334625949748,-0.00036082802192544377,790750371.0,-2892038.0
2024-03-31,Utilities,Market Maker - Quant,1318955843.0,0.0012510931677476712,0.0014812520068645555,-0.00023015883911688432,1346837205.0,-27881362.0
2024-03-31,Utilities,Pension Fund,2482360305.0,0.0174572236506298,0.018091900536758337,-0.0006346768861285358,2382936172.0,99424133.0
2024-06-30,Communication Services,Asset Manager - Active,193029991156.0,0.09090755352024753,0.08665151067706,0.004256042843187521,177981160367.0,15048830789.0
2024-06-30,Communication Services,Asset Manager - Growth,13771800092.0,0.1072876732118676,0.1078775618643999,-0.0005898886525322888,13868927491.0,-97127399.0
2024-06-30,Communication Services,Asset Manager - Index,551268844255.0,0.07356066381401771,0.06943347941121926,0.004127184402798453,505884582176.0,45384262079.0
2024-06-30,Communication Services,Asset Manager - Index/Active,320753360003.0,0.07259647745446969,0.06807837882537528,0.004518098629094414,292445572066.0,28307787937.0
2024-06-30,Communication Services,Asset Manager - Value,25413678922.0,0.11259778341927706,0.1041311238843576,0.008466659534919471,24387950652.0,1025728270.0
2024-06-30,Communication Services,Conglomerate / Long-only Value,5458010192.0,0.019495047582483233,0.01837677325412738,0.0011182743283558519,6095215620.0,-637205428.0
2024-06-30,Communication Services,Family Office - Macro,272602363.0,0.048952496163903035,0.07161805117477427,-0.02266555501087123,431124469.0,-158522106.0
2024-06-30,Communication Services,Hedge Fund - Activist,2327698687.0,0.054284892989225605,0.05000679375092812,0.004278099238297486,2182336297.0,145362390.0
2024-06-30,Communication Services,Hedge Fund - Event Driven,1236051100.0,0.12249768857235452,0.13404716098679006,-0.011549472414435547,1246003708.0,-9952608.0
2024-06-30,Communication Services,Hedge Fund - Global Macro,1965494163.0,0.05082396098993254,0.05923538753547796,-0.008411426545545421,2102751336.0,-137257173.0
2024-06-30,Communication Services,Hedge Fund - Long/Short,5809749143.0,0.0642799807180414,0.05940532757032059,0.004874653147720814,5398742415.0,411006728.0
2024-06-30,Communication Services,Hedge Fund - Long/Short Growth,12348666162.0,0.18604297208085424,0.2030910363848488,-0.017048064303994553,12789123630.0,-440457468.0
2024-06-30,Communication Services,Hedge Fund - Multi-strategy,44187043551.0,0.05486080588809286,0.06337350842996889,-0.008512702541876027,53942976219.0,-9755932668.0
2024-06-30,Communication Services,Hedge Fund - Opportunistic,911957200.0,0.14767653400609076,0.14235808623047608,0.0053184477756146875,961605050.0,-49647850.0
2024-06-30,Communication Services,Hedge Fund - Quant,14934452836.0,0.05132825247723589,0.05434751448737612,-0.0030192620101402307,9076435024.0,5858017812.0
2024-06-30,Communication Services,Hedge Fund - Value,232937.0,0.0640975581030907,0.18942575496278052,-0.12532819685968982,691551.0,-458614.0
2024-06-30,Communication Services,Market Maker - Quant,54496826018.0,0.055907440196525125,0.059847838669684086,-0.003940398473158961,63094147214.0,-8597321196.0
2024-06-30,Communication Services,Pension Fund,10457557565.0,0.07669920596406618,0.0697861614219303,0.006913044542135885,9923364701.0,534192864.0
2024-06-30,Consumer Discretionary,Asset Manager - Active,160205811520.0,0.07544899265544205,0.07691196272176641,-0.0014629700663243567,157976246050.0,2229565470.0
2024-06-30,Consumer Discretionary,Asset Manager - Growth,29736813908.0,0.23166133342125075,0.2130362566448325,0.018625076776418253,27388312688.0,2348501220.0
2024-06-30,Consumer Discretionary,Asset Manager - Index,563449439491.0,0.07518602806332682,0.0774275495662544,-0.002241521502927585,564128485183.0,-679045692.0
2024-06-30,Consumer Discretionary,Asset Manager - Index/Active,323342729652.0,0.07318253246989699,0.07470774861384526,-0.0015252161439482659,320923480525.0,2419249127.0
2024-06-30,Consumer Discretionary,Asset Manager - Value,12311415217.0,0.05454692602528025,0.05126743072305396,0.003279495302226293,12007049611.0,304365606.0
2024-06-30,Consumer Discretionary,Conglomerate / Long-only Value,2220064316.0,0.00792967729155774,0.005509290015675257,0.002420387275882482,1827323551.0,392740765.0
2024-06-30,Consumer Discretionary,Family Office - Macro,587588666.0,0.10551607697662511,0.06932797028000227,0.03618810669662284,417338700.0,170249966.0
2024-06-30,Consumer Discretionary,Foundation / Endowment,193746543.0,0.004064587871841698,0.0035875427550041,0.00047704511683759835,164522721.0,29223822.0
2024-06-30,Consumer Discretionary,Hedge Fund - Activist,5847785375.0,0.13637779025212532,0.14362996212688306,-0.00725217187475774,6268125912.0,-420340537.0
2024-06-30,Consumer Discretionary,Hedge Fund - Contrarian Value,17620000.0,0.3357010801744297,0.25257458069660765,0.08312649947782202,26138050.0,-8518050.0
2024-06-30,Consumer Discretionary,Hedge Fund - Event Driven,1227570307.0,0.12165720751153057,0.11310508817057671,0.00855211934095386,1051341619.0,176228688.0
2024-06-30,Consumer Discretionary,Hedge Fund - Global Macro,2565678738.0,0.06634359874861219,0.06808754087352106,-0.0017439421249088732,2416987100.0,148691638.0
2024-06-30,Consumer Discretionary,Hedge Fund - Long/Short,8046912553.0,0.08903230948789441,0.0778015386335019,0.011230770854392516,7070585817.0,976326736.0
2024-06-30,Consumer Discretionary,Hedge Fund - Long/Short Growth,7065761450.0,0.10645159913849538,0.11059211727141648,-0.0041405181329211005,6964247588.0,101513862.0
2024-06-30,Consumer Discretionary,Hedge Fund - Multi-strategy,65853647103.0,0.08176116482133122,0.07847435306839132,0.0032868117529399055,66796683129.0,-943036026.0
2024-06-30,Consumer Discretionary,Hedge Fund - Opportunistic,1796852654.0,0.29097086142021295,0.2736765633728302,0.01729429804738275,1848639388.0,-51786734.0
2024-06-30,Consumer Discretionary,Hedge Fund - Quant,24375736343.0,0.08377701969208179,0.06821237818396897,0.01556464150811282,11391969334.0,12983767009.0
2024-06-30,Consumer Discretionary,Market Maker - Quant,95479654466.0,0.09795108196355616,0.09135048472191408,0.006600597241642081,96305581943.0,-825927477.0
2024-06-30,Consumer Discretionary,Pension Fund,10746072767.0,0.07881527243220827,0.0779760471124799,0.0008392253197283817,11087939753.0,-341866986.0
2024-06-30,Consumer Staples,Asset Manager - Active,51464633797.0,0.024237290398670223,0.026003381530913104,-0.0017660911322428807,53410632800.0,-1945999003.0
2024-06-30,Consumer Staples,Asset Manager - Growth,361470128.0,0.0028159927322241557,0.0028200071167340424,-4.014384509886705e-06,362545033.0,-1074905.0
2024-06-30,Consumer Staples,Asset Manager - Index,307800703169.0,0.041072562477446235,0.04090897816198988,0.00016358431545635682,298058249424.0,9742453745.0
2024-06-30,Consumer Staples,Asset Manager - Index/Active,166096971929.0,0.03759291898855418,0.03728983227343481,0.0003030867151193675,160186633695.0,5910338234.0
2024-06-30,Consumer Staples,Asset Manager - Value,4331729547.0,0.019192150292800067,0.020532445165455604,-0.001340294872655537,4808785700.0,-477056153.0
2024-06-30,Consumer Staples,Conglomerate / Long-only Value,38448453837.0,0.13733108049594223,0.11862149235495589,0.018709588140986333,39344424784.0,-895970947.0
2024-06-30,Consumer Staples,Family Office - Macro,85186699.0,0.015297378607143851,0.0037654963177214777,0.011531882289422373,28805000.0,56381699.0
2024-06-30,Consumer Staples,Foundation / Endowment,1399451691.0,0.029358946396617545,0.03113689283319504,-0.0017779464365774954,1427920636.0,-28468945.0
2024-06-30,Consumer Staples,Hedge Fund - Global Macro,3223651615.0,0.0833575326806468,0.09535915952806598,-0.012001626847419178,3385081257.0,-161429642.0
2024-06-30,Consumer Staples,Hedge Fund - Long/Short,3431912451.0,0.03797122057190451,0.038792641361912364,-0.0008214207900078541,3525466265.0,-93553814.0
2024-06-30,Consumer Staples,Hedge Fund - Long/Short Growth,675985502.0,0.010184286320951093,0.00970598456558123,0.00047830175536986257,611208839.0,64776663.0
2024-06-30,Consumer Staples,Hedge Fund - Multi-strategy,17026098131.0,0.02113889931373951,0.020388407344017867,0.0007504919697216422,17354434049.0,-328335918.0
2024-06-30,Consumer Staples,Hedge Fund - Quant,7962706256.0,0.027367041939750227,0.03741437487788517,-0.01004733293813494,6248476048.0,1714230208.0
2024-06-30,Consumer Staples,Market Maker - Quant,14069798491.0,0.014433985888516337,0.015084825454510415,-0.0006508395659940783,15903067163.0,-1833268672.0
2024-06-30,Consumer Staples,Pension Fund,7548206455.0,0.055361057106582505,0.06255384562586781,-0.007192788519285308,8894952967.0,-1346746512.0
2024-06-30,ETF - Broad Equity,Asset Manager - Active,45353442332.0,0.02135922227127758,0.021467446506598892,-0.00010822423532131156,44093876835.0,1259565497.0
2024-06-30,ETF - Broad Equity,Asset Manager - Index,42867484574.0,0.005720186537227845,0.005370122105483624,0.00035006443174422086,39126110352.0,3741374222.0
2024-06-30,ETF - Broad Equity,Asset Manager - Index/Active,102182279936.0,0.023127033124612485,0.0249789985138422,-0.001851965389229715,107302753621.0,-5120473685.0
2024-06-30,ETF - Broad Equity,Asset Manager - Value,966807.0,4.28353271985361e-06,2.584035207593553e-06,1.6994975122600568e-06,605192.0,361615.0
2024-06-30,ETF - Broad Equity,Conglomerate / Long-only Value,42947858.0,0.00015340215679753594,0.00012445431569654182,2.8947841100994116e-05,41279058.0,1668800.0
2024-06-30,ETF - Broad Equity,Family Office - Macro,521265570.0,0.09360612481484516,0.10447259939266426,-0.010866474577819099,628901418.0,-107635848.0
2024-06-30,ETF - Broad Equity,Hedge Fund - Activist,3638026100.0,0.08484339430763693,0.055998820237474364,0.028844574070162568,2443833104.0,1194192996.0
2024-06-30,ETF - Broad Equity,Hedge Fund - Global Macro,9074117081.0,0.23463950248466067,0.18136050276984728,0.053278999714813396,6437976611.0,2636140470.0
2024-06-30,ETF - Broad Equity,Hedge Fund - Long/Short,360498407.0,0.00398861122579878,0.006472131255989511,-0.0024835200301907305,588185790.0,-227687383.0
2024-06-30,ETF - Broad Equity,Hedge Fund - Multi-strategy,143280246445.0,0.17789082853540134,0.18360642732211088,-0.005715598786709547,156284185428.0,-13003938983.0
2024-06-30,ETF - Broad Equity,Hedge Fund - Opportunistic,180370600.0,0.029208064857209302,0.022716513904791985,0.006491550952417317,153446250.0,26924350.0
2024-06-30,ETF - Broad Equity,Hedge Fund - Quant,20262120516.0,0.06963892477281979,0.0899860260050664,-0.020347101232246617,15028328817.0,5233791699.0
2024-06-30,ETF - Broad Equity,Market Maker - Quant,234341291458.0,0.24040706028342407,0.29420750839733023,-0.05380044811390616,310166118926.0,-75824827468.0
2024-06-30,ETF - Commodity,Asset Manager - Active,1081552989.0,0.0005093578238473905,0.0005052482852912441,4.109538556146372e-06,1037773899.0,43779090.0
2024-06-30,ETF - Commodity,Asset Manager - Index,158703347.0,2.117718727711413e-05,2.6414806602636965e-05,-5.237619325522836e-06,192455333.0,-33751986.0
2024-06-30,ETF - Commodity,Asset Manager - Index/Active,911359028.0,0.00020626893862783107,0.00016979043188786899,3.6478506739962084e-05,729371951.0,181987077.0
2024-06-30,ETF - Commodity,Hedge Fund - Global Macro,47792102.0,0.0012358133508610562,0.0006210595228274547,0.0006147538280336015,22046513.0,25745589.0
2024-06-30,ETF - Commodity,Hedge Fund - Multi-strategy,3371144671.0,0.004185473807564213,0.0033622568357169584,0.0008232169718472545,2861923618.0,509221053.0
2024-06-30,ETF - Commodity,Hedge Fund - Quant,702088518.0,0.0024130095095552502,0.003248364201496674,-0.0008353546919414238,542500736.0,159587782.0
2024-06-30,ETF - Commodity,Market Maker - Quant,9800207925.0,0.01005387980392618,0.008777209013412491,0.0012766707905136898,9253308556.0,546899369.0
2024-06-30,ETF - Fixed Income,Asset Manager - Active,8353143191.0,0.003933916212452358,0.0042141361831349086,-0.0002802199706825508,8655785017.0,-302641826.0
2024-06-30,ETF - Fixed Income,Asset Manager - Index,4434517284.0,0.0005917367515057355,0.0005534272337058604,3.830951779987507e-05,4032209062.0,402308222.0
2024-06-30,ETF - Fixed Income,Asset Manager - Index/Active,10794641310.0,0.0024431636023490846,0.002405444441656242,3.771916069284257e-05,10333112920.0,461528390.0
2024-06-30,ETF - Fixed Income,Family Office - Macro,333379996.0,0.05986662329596904,0.05932964445087864,0.0005369788450904009,357151040.0,-23771044.0
2024-06-30,ETF - Fixed Income,Hedge Fund - Activist,170462800.0,0.0039754092350200165,0.007728653668433344,-0.003753244433413327,337284600.0,-166821800.0
2024-06-30,ETF - Fixed Income,Hedge Fund - Global Macro,296283476.0,0.007661330218962149,0.009091349638882444,-0.001430019419920295,322726809.0,-26443333.0
2024-06-30,ETF - Fixed Income,Hedge Fund - Multi-strategy,10455289746.0,0.012980855363112269,0.013921605362559025,-0.0009407499994467557,11849948750.0,-1394659004.0
2024-06-30,ETF - Fixed Income,Hedge Fund - Quant,778015056.0,0.0026739615882810383,0.0029078395783292397,-0.00023387799004820136,485630617.0,292384439.0
2024-06-30,ETF - Fixed Income,Market Maker - Quant,13261081803.0,0.01360433610569489,0.018541047246015675,-0.004936711140320784,19546763767.0,-6285681964.0
2024-06-30,ETF - International Equity,Asset Manager - Active,4265845263.0,0.0020090015765574097,0.002114436497679597,-0.00010543492112218738,4343027126.0,-77181863.0
2024-06-30,ETF - International Equity,Asset Manager - Index,4296946442.0,0.0005733794607492634,0.0005256871710094406,4.769228973982285e-05,3830098061.0,466848381.0
2024-06-30,ETF - International Equity,Asset Manager - Index/Active,14185051387.0,0.003210519020587058,0.003323381942902425,-0.00011286292231536691,14276314305.0,-91262918.0
2024-06-30,ETF - International Equity,Family Office - Macro,17437849.0,0.003131397053514244,0.002969557587262789,0.00016183946625145497,17876065.0,-438216.0
2024-06-30,ETF - International Equity,Hedge Fund - Global Macro,482811048.0,0.012484580382374022,0.008937733495368505,0.003546846887005517,317273708.0,165537340.0
2024-06-30,ETF - International Equity,Hedge Fund - Multi-strategy,6349299929.0,0.007883028212288435,0.007116417100614843,0.0007666111116735926,6057432008.0,291867921.0
2024-06-30,ETF - International Equity,Hedge Fund - Quant,147607408.0,0.0005073122121401816,0.000613398402282662,-0.00010608619014248035,102442049.0,45165359.0
2024-06-30,ETF - International Equity,Market Maker - Quant,13087504996.0,0.013426266378227624,0.00949130762256971,0.0039349587556579135,10006141804.0,3081363192.0
2024-06-30,ETF - Sector,Asset Manager - Active,415376487.0,0.00019562172694961123,0.00016486103288997883,3.0760694059632395e-05,338622578.0,76753909.0
2024-06-30,ETF - Sector,Asset Manager - Index,960834131.0,0.0001282125721925084,0.00012612796252393048,2.0846096685779266e-06,918954259.0,41879872.0
2024-06-30,ETF - Sector,Asset Manager - Index/Active,1233645216.0,0.0002792123428085703,0.00044653119617929255,-0.00016731885337072224,1918172456.0,-684527240.0
2024-06-30,ETF - Sector,Family Office - Macro,504420.0,9.058108610377662e-05,0.01656246814202353,-0.016471887055919752,99702312.0,-99197892.0
2024-06-30,ETF - Sector,Hedge Fund - Activist,1926650000.0,0.044931927685403,0.06158586646425691,-0.016653938778853905,2687656250.0,-761006250.0
2024-06-30,ETF - Sector,Hedge Fund - Global Macro,611365699.0,0.01580876047432904,0.014239547126681741,0.001569213347647298,505478701.0,105886998.0
2024-06-30,ETF - Sector,Hedge Fund - Multi-strategy,15947340547.0,0.019799558510188674,0.01910124490707382,0.0006983136031148557,16258812638.0,-311472091.0
2024-06-30,ETF - Sector,Hedge Fund - Quant,901339753.0,0.0030978164997268625,0.0051653144318898675,-0.002067497932163005,862645537.0,38694216.0
2024-06-30,ETF - Sector,Market Maker - Quant,18955251222.0,0.0194458953215743,0.019626628630294116,-0.00018073330871981597,20691230020.0,-1735978798.0
2024-06-30,ETF - Thematic,Asset Manager - Active,1674947.0,7.888169767516726e-07,8.296664957575132e-07,-4.084951900584056e-08,1704125.0,-29178.0
2024-06-30,ETF - Thematic,Asset Manager - Index/Active,46201965.0,1.0456943959817995e-05,1.0242756103828065e-11,1.0456933717061891e-05,44.0,46201921.0
2024-06-30,ETF - Thematic,Hedge Fund - Global Macro,3969703.0,0.00010264901021413931,7.76194220982553e-05,2.5029588115884003e-05,2755352.0,1214351.0
2024-06-30,ETF - Thematic,Hedge Fund - Multi-strategy,622977830.0,0.0007734635100619184,0.0007786953784555047,-5.231868393586279e-06,662818697.0,-39840867.0
2024-06-30,ETF - Thematic,Hedge Fund - Quant,87934978.0,0.0003022239115104453,0.0006268760536477842,-0.0003246521421373389,104692916.0,-16757938.0
2024-06-30,ETF - Thematic,Market Maker - Quant,1175293808.0,0.001205715508319758,0.0011469880336291596,5.8727474690598415e-05,1209203765.0,-33909957.0
2024-06-30,Energy,Asset Manager - Active,71471759137.0,0.03365965428492488,0.035276143870716196,-0.001616489585791317,72456775079.0,-985015942.0
2024-06-30,Energy,Asset Manager - Growth,1377581779.0,0.01073189726402073,0.010047321371669719,0.0006845758923510106,1291701158.0,85880621.0
2024-06-30,Energy,Asset Manager - Index,318387460416.0,0.042485246867001454,0.04362528400994665,-0.0011400371429451939,317848950691.0,538509725.0
2024-06-30,Energy,Asset Manager - Index/Active,155760547714.0,0.035253464189149854,0.037329850583488054,-0.0020763863943382005,160358541102.0,-4597993388.0
2024-06-30,Energy,Asset Manager - Value,13749659281.0,0.060919206643107,0.06364308083183182,-0.0027238741887248147,14905479330.0,-1155820049.0
2024-06-30,Energy,Conglomerate / Long-only Value,34643454186.0,0.12374029435994281,0.10708379305483659,0.016656501305106222,35517595992.0,-874141806.0
2024-06-30,Energy,Family Office - Macro,17282859.0,0.0031035647658666007,0.011182426963389962,-0.008078862197523361,67315681.0,-50032822.0
2024-06-30,Energy,Hedge Fund - Activist,6824000252.0,0.15914436241561045,0.19903356618512968,-0.03988920376951924,8685983308.0,-1861983056.0
2024-06-30,Energy,Hedge Fund - Event Driven,128812018.0,0.012765794606178113,0.011278928551036927,0.0014868660551411866,104840615.0,23971403.0
2024-06-30,Energy,Hedge Fund - Global Macro,1057798645.0,0.02735267195432699,0.033304988110604526,-0.005952316156277535,1182268086.0,-124469441.0
2024-06-30,Energy,Hedge Fund - Long/Short,2345550800.0,0.025951543945550107,0.022949071111157866,0.003002472834392242,2085606269.0,259944531.0
2024-06-30,Energy,Hedge Fund - Long/Short Growth,1400117463.0,0.021093939269359728,0.010488418496363554,0.010605520772996174,660480557.0,739636906.0
2024-06-30,Energy,Hedge Fund - Multi-strategy,22882978284.0,0.02841055949649652,0.028638666745678797,-0.0002281072491822772,24376982709.0,-1494004425.0
2024-06-30,Energy,Hedge Fund - Opportunistic,257846242.0,0.04175397631057215,0.041384569559828166,0.00036940675074398355,279545842.0,-21699600.0
2024-06-30,Energy,Hedge Fund - Quant,8986045118.0,0.030884157434727524,0.028101036695180746,0.002783120739546778,4693080007.0,4292965111.0
2024-06-30,Energy,Market Maker - Quant,18630053848.0,0.019112280429342467,0.018810767681512224,0.0003015127478302425,19831114568.0,-1201060720.0
2024-06-30,Energy,Pension Fund,4148029926.0,0.03042303134951801,0.03614326114133136,-0.005720229791813348,5139453933.0,-991424007.0
2024-06-30,Financials,Asset Manager - Active,198356687139.0,0.09341616317857424,0.09917494368777134,-0.005758780509197106,203704141093.0,-5347453954.0
2024-06-30,Financials,Asset Manager - Growth,6773764508.0,0.052770257199028996,0.05511627847383444,-0.002346021274805446,7085844883.0,-312080375.0
2024-06-30,Financials,Asset Manager - Index,779094309287.0,0.10396142492385292,0.10835188871916454,-0.004390463795311619,789439769078.0,-10345459791.0
2024-06-30,Financials,Asset Manager - Index/Active,432484379708.0,0.09788468785046703,0.10234360983000693,-0.004458921979539898,439639369216.0,-7154989508.0
2024-06-30,Financials,Asset Manager - Value,48029460409.0,0.21279920933429838,0.2236234172781119,-0.01082420794381353,52373552323.0,-4344091914.0
2024-06-30,Financials,Conglomerate / Long-only Value,104816640639.0,0.3743865117160175,0.30827386126527195,0.06611265045074555,102248399566.0,2568241073.0
2024-06-30,Financials,Family Office - Macro,118943854.0,0.021359310655186224,0.03163918727123776,-0.010279876616051536,190460751.0,-71516897.0
2024-06-30,Financials,Foundation / Endowment,10015498174.0,0.21011405818215334,0.15866520605862572,0.05144885212352762,7276298350.0,2739199824.0
2024-06-30,Financials,Hedge Fund - Activist,376185272.0,0.008773118852836612,0.0011504826978174564,0.007622636155019156,50207981.0,325977291.0
2024-06-30,Financials,Hedge Fund - Event Driven,652226000.0,0.06463824790641139,0.09055488668779334,-0.02591663878138195,841731550.0,-189505550.0
2024-06-30,Financials,Hedge Fund - Global Macro,1937724776.0,0.050105897172613365,0.058172182458946224,-0.00806628528633286,2065009439.0,-127284663.0
2024-06-30,Financials,Hedge Fund - Long/Short,9634750582.0,0.10660039984347705,0.12876284987337955,-0.022162450029902497,11701937983.0,-2067187401.0
2024-06-30,Financials,Hedge Fund - Long/Short Growth,4796445918.0,0.07226246481225437,0.08141796587922175,-0.009155501066967373,5127082169.0,-330636251.0
2024-06-30,Financials,Hedge Fund - Multi-strategy,52300412219.0,0.06493402889247758,0.06883957943082869,-0.0039055505383511074,58595648058.0,-6295235839.0
2024-06-30,Financials,Hedge Fund - Quant,25075561589.0,0.08618225055732269,0.07469961495748366,0.01148263559983903,12475385634.0,12600175955.0
2024-06-30,Financials,Hedge Fund - Value,880648.0,0.24232898315154147,0.23778314528198935,0.004545837869552122,868093.0,12555.0
2024-06-30,Financials,Market Maker - Quant,48833443910.0,0.05009746520076114,0.04733225661332823,0.002765208587432906,49899686156.0,-1066242246.0
2024-06-30,Financials,Pension Fund,13879827770.0,0.10179927409053621,0.10177983864139752,1.943544913869666e-05,14472761325.0,-592933555.0
2024-06-30,Health Care,Asset Manager - Active,206335804337.0,0.0971739316961892,0.10082724722136222,-0.0036533155251730204,207097952671.0,-762148334.0
2024-06-30,Health Care,Asset Manager - Growth,11567339619.0,0.0901140696701569,0.08287701060262638,0.007237059067530513,10654813020.0,912526599.0
2024-06-30,Health Care,Asset Manager - Index,659103345079.0,0.08794997230720258,0.09065910147201942,-0.0027091291648168314,660532095720.0,-1428750641.0
2024-06-30,Health Care,Asset Manager - Index/Active,394156259612.0,0.08920984027787902,0.09121809763272391,-0.002008257354844889,391847297266.0,2308962346.0
2024-06-30,Health Care,Asset Manager - Value,20385103338.0,0.09031818878630381,0.09151688689014169,-0.0011986981038378808,21433642873.0,-1048539535.0
2024-06-30,Health Care,Conglomerate / Long-only Value,5001763135.0,0.01786541374658091,0.015023478453569564,0.0028419352930113446,4982993438.0,18769697.0
2024-06-30,Health Care,Family Office - Macro,518772038.0,0.09315834947525807,0.0668456122273244,0.026312737247933676,402395466.0,116376572.0
2024-06-30,Health Care,Foundation / Endowment,93194050.0,0.0019551079440824335,0.0020311096054556484,-7.60016613732149e-05,93145560.0,48490.0
2024-06-30,Health Care,Hedge Fund - Activist,916349727.0,0.021370440748502726,0.02836238873880422,-0.006991947990301495,1237757228.0,-321407501.0
2024-06-30,Health Care,Hedge Fund - Contrarian Value,7292769.0,0.13894383829526646,0.15076416323166827,-0.01182032493640181,15602050.0,-8309281.0
2024-06-30,Health Care,Hedge Fund - Event Driven,696472574.0,0.0690232632526585,0.08525246701963168,-0.016229203766973177,792444161.0,-95971587.0
2024-06-30,Health Care,Hedge Fund - Global Macro,2568717528.0,0.066422176109626,0.08905447101348014,-0.02263229490385414,3161275982.0,-592558454.0
2024-06-30,Health Care,Hedge Fund - Long/Short,11255861056.0,0.12453662177761832,0.1396428101080212,-0.015106188330402892,12690706250.0,-1434845194.0
2024-06-30,Health Care,Hedge Fund - Long/Short Growth,3413353701.0,0.05142502509715376,0.027496733198756337,0.023928291898397427,1731534422.0,1681819279.0
2024-06-30,Health Care,Hedge Fund - Multi-strategy,41373688092.0,0.051367860098400796,0.047899721602735215,0.0034681384956655806,40771824179.0,601863913.0
2024-06-30,Health Care,Hedge Fund - Opportunistic,94213100.0,0.015256268677926146,0.014647291059508584,0.0006089776184175621,98940000.0,-4726900.0
2024-06-30,Health Care,Hedge Fund - Quant,19395870625.0,0.06666170869387203,0.07061762659499035,-0.003955917901118322,11793663526.0,7602207099.0
2024-06-30,Health Care,Hedge Fund - Value,156933.0,0.04318344481895247,0.05819509687985625,-0.015011652060903782,119450311.0,-119293378.0
2024-06-30,Health Care,Market Maker - Quant,33055200703.0,0.03391081263845922,0.029915432453241,0.0039953801852182225,31538126374.0,1517074329.0
2024-06-30,Health Care,Pension Fund,14102272670.0,0.10343075898504524,0.10884052061605315,-0.005409761631007912,15476767289.0,-1374494619.0
2024-06-30,Industrials,Asset Manager - Active,56467316031.0,0.026593305648987507,0.029985141158117377,-0.0033918355091298695,61589119167.0,-5121803136.0
2024-06-30,Industrials,Asset Manager - Growth,538567122.0,0.004195647119606188,0.0049517359925878275,-0.0007560888729816395,636603815.0,-98036693.0
2024-06-30,Industrials,Asset Manager - Index,234594708680.0,0.03130404099124886,0.03388890777499,-0.0025848667837411396,246910800028.0,-12316091348.0
2024-06-30,Industrials,Asset Manager - Index/Active,114921569241.0,0.026010331147765697,0.027896456581006694,-0.0018861254332409975,119835333100.0,-4913763859.0
2024-06-30,Industrials,Asset Manager - Value,12064524266.0,0.05345305158411022,0.05298052938547771,0.00047252219863250927,12408264580.0,-343740314.0
2024-06-30,Industrials,Conglomerate / Long-only Value,185373840.0,0.0006621225875768086,,,,
2024-06-30,Industrials,Family Office - Macro,81299973.0,0.014599420828967357,0.013773161014945265,0.0008262598140220921,82911314.0,-1611341.0
2024-06-30,Industrials,Foundation / Endowment,3881965895.0,0.08143934467888857,0.09306634786341583,-0.011627003184527265,4267971096.0,-386005201.0
2024-06-30,Industrials,Hedge Fund - Activist,1186007916.0,0.027659212579361853,0.030655162579042553,-0.0029959499996807006,1337815704.0,-151807788.0
2024-06-30,Industrials,Hedge Fund - Event Driven,152628000.0,0.01512605523462689,0.004141356425390737,0.010984698809236153,38495000.0,114133000.0
2024-06-30,Industrials,Hedge Fund - Global Macro,598069386.0,0.01546494297237804,0.018089271151402162,-0.0026243281790241223,642137085.0,-44067699.0
2024-06-30,Industrials,Hedge Fund - Long/Short,1487404819.0,0.016456881481783085,0.024641916313160424,-0.00818503483137734,2239451649.0,-752046830.0
2024-06-30,Industrials,Hedge Fund - Long/Short Growth,1779104806.0,0.026803700206109077,0.024922925015010554,0.0018807751910985236,1569455624.0,209649182.0
2024-06-30,Industrials,Hedge Fund - Multi-strategy,16216913099.0,0.020134248642398146,0.0219203714910396,-0.0017861228486414533,18658428535.0,-2441515436.0
2024-06-30,Industrials,Hedge Fund - Opportunistic,230036350.0,0.0372506197258073,0.035131462467682055,0.002119157258125247,237307150.0,-7270800.0
2024-06-30,Industrials,Hedge Fund - Quant,7944677257.0,0.02730507803502965,0.02459201403834842,0.002713063996681229,4107047390.0,3837629867.0
2024-06-30,Industrials,Market Maker - Quant,19265016367.0,0.01976367853179897,0.02418158545841915,-0.004417906926620179,25493260019.0,-6228243652.0
2024-06-30,Industrials,Pension Fund,3549831630.0,0.026035646051653056,0.02974560127623975,-0.003709955224586694,4229727552.0,-679895922.0
2024-06-30,Information Technology,Asset Manager - Active,493010853256.0,0.23218366358527193,0.20231187161573078,0.02987179196954115,415546150146.0,77464703110.0
2024-06-30,Information Technology,Asset Manager - Growth,20531551584.0,0.1599487635720464,0.16263804795724043,-0.0026892843851940296,20909031085.0,-377479501.0
2024-06-30,Information Technology,Asset Manager - Index,1765237817029.0,0.23555125047153078,0.21175575408517194,0.023795496386358833,1542828792207.0,222409024822.0
2024-06-30,Information Technology,Asset Manager - Index/Active,1024185066881.0,0.23180498597531649,0.20672769726991655,0.025077288705399936,888044056470.0,136141010411.0
2024-06-30,Information Technology,Asset Manager - Value,9444552119.0,0.04184500942390698,0.03999468539440633,0.0018503240295006523,9366924867.0,77627252.0
2024-06-30,Information Technology,Conglomerate / Long-only Value,86526615992.0,0.30905777684104674,0.41841316742444784,-0.1093553905834011,138779449386.0,-52252833394.0
2024-06-30,Information Technology,Family Office - Macro,431618861.0,0.0775078411091055,0.07514756684430263,0.0023602742648028696,452371355.0,-20752494.0
2024-06-30,Information Technology,Foundation / Endowment,15593905379.0,0.3271428625084187,0.3348516390629125,-0.0077087765544938125,15356110450.0,237794929.0
2024-06-30,Information Technology,Hedge Fund - Activist,1129602046.0,0.02634375597236409,0.026650155749772798,-0.0003063997774087092,1163034017.0,-33431971.0
2024-06-30,Information Technology,Hedge Fund - Event Driven,1633788199.0,0.16191505188927058,0.10206021376507292,0.05985483812419766,948676599.0,685111600.0
2024-06-30,Information Technology,Hedge Fund - Global Macro,3837600750.0,0.09923309592292891,0.07994658502839391,0.019286510894534994,2837962162.0,999638588.0
2024-06-30,Information Technology,Hedge Fund - Long/Short,17485864090.0,0.19346635781989951,0.15474575316375655,0.038720604656142965,14063258218.0,3422605872.0
2024-06-30,Information Technology,Hedge Fund - Long/Short Growth,22290252265.0,0.33582127214466295,0.328591337401912,0.007229934742750965,20692174862.0,1598077403.0
2024-06-30,Information Technology,Hedge Fund - Multi-strategy,147894124726.0,0.18361922899905944,0.17538608726681224,0.008233141732247207,149287103854.0,-1392979128.0
2024-06-30,Information Technology,Hedge Fund - Opportunistic,1895268789.0,0.3069077427860002,0.3602375948008274,-0.053329852014827206,2433344670.0,-538075881.0
2024-06-30,Information Technology,Hedge Fund - Quant,43232110127.0,0.14858453055429519,0.10782468235477077,0.04075984819952441,18007515755.0,25224594372.0
2024-06-30,Information Technology,Hedge Fund - Value,18805.0,0.005174594762225926,0.013048170451906028,-0.007873575689680102,18426000.0,-18407195.0
2024-06-30,Information Technology,Market Maker - Quant,255886046200.0,0.26250948670527335,0.21969057255724905,0.0428189141480243,231607183059.0,24278863141.0
2024-06-30,Information Technology,Pension Fund,36172023872.0,0.26529765596328775,0.24059916579447177,0.02469849016881598,34212417194.0,1959606678.0
2024-06-30,Materials,Asset Manager - Active,12577718223.0,0.005923481556790323,0.006591030254235562,-0.0006675486974452392,13537896841.0,-960178618.0
2024-06-30,Materials,Asset Manager - Growth,1472866962.0,0.011474205858928048,0.013755527049293052,-0.0022813211903650044,1768434547.0,-295567585.0
2024-06-30,Materials,Asset Manager - Index,51556327531.0,0.006879615484380566,0.0073069685696781055,-0.0004273530852975391,53237757537.0,-1681430006.0
2024-06-30,Materials,Asset Manager - Index/Active,29966263395.0,0.006782298913188224,0.007296733198600678,-0.0005144342854124543,31344714009.0,-1378450614.0
2024-06-30,Materials,Asset Manager - Value,8305622.0,3.679886843572293e-05,4.0052848871905245e-05,-3.253980436182318e-06,9380547.0,-1074925.0
2024-06-30,Materials,Conglomerate / Long-only Value,491081408.0,0.0017540559799366646,0.0016691782885897481,8.487769134691648e-05,553633733.0,-62552325.0
2024-06-30,Materials,Family Office - Macro,1736042.0,0.0003117492761622707,0.004630815187740012,-0.004319065911577741,27876460.0,-26140418.0
2024-06-30,Materials,Hedge Fund - Activist,2074143769.0,0.04837166991297705,0.044308019590207,0.004063650322770049,1933637255.0,140506514.0
2024-06-30,Materials,Hedge Fund - Event Driven,48705741.0,0.004826936922513769,0.005756899405563157,-0.0009299624830493881,53511898.0,-4806157.0
2024-06-30,Materials,Hedge Fund - Global Macro,338697723.0,0.008758082412647174,0.00985020764276592,-0.0010921252301187463,349664924.0,-10967201.0
2024-06-30,Materials,Hedge Fund - Long/Short,559924602.0,0.006195094096873815,0.009105740529543912,-0.002910646432670096,827527591.0,-267602989.0
2024-06-30,Materials,Hedge Fund - Multi-strategy,6268813336.0,0.007783099386996684,0.008091994832920425,-0.0003088954459237415,6887835243.0,-619021907.0
2024-06-30,Materials,Hedge Fund - Quant,2783288802.0,0.009565891158847636,0.00926385401085317,0.00030203714799446717,1547131820.0,1236156982.0
2024-06-30,Materials,Market Maker - Quant,6863528652.0,0.007041186536663352,0.007425141286688337,-0.00038395475002498455,7827901021.0,-964372369.0
2024-06-30,Materials,Pension Fund,593938378.0,0.004356141642160341,0.009202294218896767,-0.004846152576736425,1308536245.0,-714597867.0
2024-06-30,Real Estate,Asset Manager - Active,19766267619.0,0.009308931843744346,0.00991448786270443,-0.0006055560189600837,20364238782.0,-597971163.0
2024-06-30,Real Estate,Asset Manager - Growth,94779701.0,0.0007383706937420249,0.0010349655493724849,-0.00029659485563046,133056976.0,-38277275.0
2024-06-30,Real Estate,Asset Manager - Index,119133787950.0,0.015897072028664604,0.01699354821675027,-0.0010964761880856676,123813095818.0,-4679307868.0
2024-06-30,Real Estate,Asset Manager - Index/Active,61612222769.0,0.013944765352193468,0.014652420318431997,-0.0007076549662385287,62942677486.0,-1330454717.0
2024-06-30,Real Estate,Asset Manager - Value,421712286.0,0.001868437418683629,0.0018529302474724026,1.5507171211226294e-05,433964119.0,-12251833.0
2024-06-30,Real Estate,Family Office - Macro,63056.0,1.1323264274532608e-05,0.001750032032308188,-0.0017387087680336554,10534797.0,-10471741.0
2024-06-30,Real Estate,Hedge Fund - Activist,1221990788.0,0.028498378905688435,0.03231616994452215,-0.0038177910388337115,1410303388.0,-188312600.0
2024-06-30,Real Estate,Hedge Fund - Event Driven,31739976.0,0.0031455606449781945,0.004762123860686759,-0.0016165632157085644,44265197.0,-12525221.0
2024-06-30,Real Estate,Hedge Fund - Global Macro,504201260.0,0.013037690801483615,0.010033455743632515,0.0030042350578511,356169907.0,148031353.0
2024-06-30,Real Estate,Hedge Fund - Long/Short,909398699.0,0.01006173061829426,0.0067330970176916515,0.0033286336006026077,611902298.0,297496401.0
2024-06-30,Real Estate,Hedge Fund - Long/Short Growth,270129655.0,0.004069728924895993,0.005393106513575394,-0.001323377588679401,339616692.0,-69487037.0
2024-06-30,Real Estate,Hedge Fund - Multi-strategy,3806646871.0,0.004726175328598577,0.0041643614960071,0.0005618138325914771,3544668091.0,261978780.0
2024-06-30,Real Estate,Hedge Fund - Quant,1559147602.0,0.005358637684523797,0.006181815225630592,-0.0008231775411067944,1032408653.0,526738949.0
2024-06-30,Real Estate,Market Maker - Quant,2079001200.0,0.002132814766480406,0.002151677407226386,-1.8862640745980278e-05,2268390206.0,-189389006.0
2024-06-30,Real Estate,Pension Fund,1754858344.0,0.012870714861249355,0.015099863845323719,-0.002229148984074364,2147151424.0,-392293080.0
2024-06-30,Unclassified,Asset Manager - Active,589014875860.0,0.27739679741367756,0.29212908828878753,-0.014732290875109966,600029632540.0,-11014756680.0
2024-06-30,Unclassified,Asset Manager - Growth,42110123634.0,0.32805422335315254,0.3455574172392909,-0.017503193886138357,44425464210.0,-2315340576.0
2024-06-30,Unclassified,Asset Manager - Index,2029927126657.0,0.270871079487123,0.28503198968932086,-0.01416091020219784,2076711267151.0,-46784140494.0
2024-06-30,Unclassified,Asset Manager - Index/Active,1232308387268.0,0.2789097768217254,0.2939010527361325,-0.014991275914407076,1262516278754.0,-30207891486.0
2024-06-30,Unclassified,Asset Manager - Value,78502288653.0,0.34781204731504656,0.34623044918951046,0.001581598125536099,81088638959.0,-2586350306.0
2024-06-30,Unclassified,Conglomerate / Long-only Value,2134656940.0,0.007624617242117832,0.006904511572829244,0.0007201056692885885,2290091204.0,-155434264.0
2024-06-30,Unclassified,Family Office - Macro,2536713917.0,0.45552972074149606,0.47057144304700804,-0.015041722305511984,2832733650.0,-296019733.0
2024-06-30,Unclassified,Foundation / Endowment,16489197160.0,0.34592509241799774,0.37666126182139115,-0.03073616940339341,17273476561.0,-784279401.0
2024-06-30,Unclassified,Hedge Fund - Activist,15134652997.0,0.3529593512079889,0.31303880146898455,0.03992054973900433,13661262552.0,1473390445.0
2024-06-30,Unclassified,Hedge Fund - Contrarian Value,27574402.0,0.5253550815303039,0.38313466177697075,0.1422204197533331,39649251.0,-12074849.0
2024-06-30,Unclassified,Hedge Fund - Event Driven,4281266640.0,0.42429092742357544,0.4488848817044985,-0.024593954280923036,4172503341.0,108763299.0
2024-06-30,Unclassified,Hedge Fund - Global Macro,9460141307.0,0.24462135873878832,0.26242525226484587,-0.017803893526057546,9315631631.0,144509676.0
2024-06-30,Unclassified,Hedge Fund - Long/Short,28744833360.0,0.3180373693673805,0.3272137027553511,-0.009176333387970637,29737105544.0,-992272184.0
2024-06-30,Unclassified,Hedge Fund - Long/Short Growth,12253963956.0,0.18461620423113534,0.19652716900454706,-0.01191096477341172,12375781353.0,-121817397.0
2024-06-30,Unclassified,Hedge Fund - Multi-strategy,205544617300.0,0.25519569640414286,0.25300130556014827,0.002194390843994587,215352498975.0,-9807881675.0
2024-06-30,Unclassified,Hedge Fund - Opportunistic,808824809.0,0.13097593221618117,0.10984791860405552,0.021128013612125657,742004308.0,66820501.0
2024-06-30,Unclassified,Hedge Fund - Quant,110801726557.0,0.3808146878954962,0.4114797632967751,-0.030665075401278885,68720149771.0,42081576786.0
2024-06-30,Unclassified,Hedge Fund - Value,2344778.0,0.6452154191641895,0.5727910997552301,0.07242431940895933,2091132.0,253646.0
2024-06-30,Unclassified,Market Maker - Quant,133794396665.0,0.13725757583951792,0.13116763558522798,0.006089940254289938,138282522699.0,-4488126034.0
2024-06-30,Unclassified,Pension Fund,31803067983.0,0.2332542801085041,0.22726166480461996,0.005992615303884147,32315868024.0,-512800041.0
2024-06-30,Utilities,Asset Manager - Active,12193058260.0,0.005742325789419134,0.005756232938744647,-1.3907149325513395e-05,11823233199.0,369825061.0
2024-06-30,Utilities,Asset Manager - Growth,26643845.0,0.00020756590397563062,0.0002878701381183433,-8.030423414271266e-05,37009087.0,-10365242.0
2024-06-30,Utilities,Asset Manager - Index,61798737467.0,0.008246350575252005,0.00801477104416917,0.00023157953108283481,58394727375.0,3404010092.0
2024-06-30,Utilities,Asset Manager - Index/Active,33363796906.0,0.0075512665864491055,0.007233975600326562,0.00031729098612254345,31075125014.0,2288671892.0
2024-06-30,Utilities,Asset Manager - Value,1039793687.0,0.004606907356030441,0.0041843841261010074,0.0004225232299294333,980000501.0,59793186.0
2024-06-30,Utilities,Family Office - Macro,44316045.0,0.00795804188557916,0.00017946438413798257,0.007778577501441177,1080335.0,43235710.0
2024-06-30,Utilities,Hedge Fund - Activist,105753022.0,0.0024662949352590416,0.0023779660071970355,8.832892806200608e-05,103776330.0,1976692.0
2024-06-30,Utilities,Hedge Fund - Event Driven,1142900.0,0.00011326603590203025,0.00015599342295925624,-4.272738705722599e-05,1450000.0,-307100.0
2024-06-30,Utilities,Hedge Fund - Global Macro,98474163.0,0.002546355574614982,0.002113686673158069,0.0004326689014569132,75032133.0,23442030.0
2024-06-30,Utilities,Hedge Fund - Long/Short,309276055.0,0.0034218790454842727,0.003733420306213368,-0.00031154126072909525,339292373.0,-30016318.0
2024-06-30,Utilities,Hedge Fund - Long/Short Growth,81562538.0,0.0012288077741280518,0.000983121522084189,0.00024568625204386273,61909491.0,19653047.0
2024-06-30,Utilities,Hedge Fund - Multi-strategy,2057917120.0,0.0025550247896489577,0.0019349958249205614,0.0006200289647283962,1647051526.0,410865594.0
2024-06-30,Utilities,Hedge Fund - Quant,1029268588.0,0.003537495382783777,0.004717506604024304,-0.001180011221240527,787858333.0,241410255.0
2024-06-30,Utilities,Market Maker - Quant,1695159815.0,0.0017390379019387736,0.0012510931677476712,0.00048794473419110237,1318955843.0,376203972.0
2024-06-30,Utilities,Pension Fund,1589369066.0,0.011656961445188995,0.0174572236506298,-0.0058002622054408055,2482360305.0,-892991239.0
2024-09-30,Communication Services,Asset Manager - Active,200285086394.0,0.09041192306178945,0.09090755352024753,-0.000495630458458074,193029991156.0,7255095238.0
2024-09-30,Communication Services,Asset Manager - Growth,14904282907.0,0.11153352171701135,0.1072876732118676,0.004245848505143743,13771800092.0,1132482815.0
2024-09-30,Communication Services,Asset Manager - Index,560419394428.0,0.0696858002316444,0.07356066381401771,-0.0038748635823733085,551268844255.0,9150550173.0
2024-09-30,Communication Services,Asset Manager - Value,24937373014.0,0.0983899546971604,0.11259778341927706,-0.014207828722116664,25413678922.0,-476305908.0
2024-09-30,Communication Services,Conglomerate / Long-only Value,3283867358.0,0.0123278058126943,0.019495047582483233,-0.0071672417697889335,5458010192.0,-2174142834.0
2024-09-30,Communication Services,Family Office - Macro,197050453.0,0.028455182670607915,0.048952496163903035,-0.02049731349329512,272602363.0,-75551910.0
2024-09-30,Communication Services,Hedge Fund - Activist,2209185956.0,0.04719927676058542,0.054284892989225605,-0.007085616228640186,2327698687.0,-118512731.0
2024-09-30,Communication Services,Hedge Fund - Event Driven,568186400.0,0.06415683914663368,0.12249768857235452,-0.058340849425720834,1236051100.0,-667864700.0
2024-09-30,Communication Services,Hedge Fund - Global Macro,1826978869.0,0.04047360800211306,0.05082396098993254,-0.01035035298781948,1965494163.0,-138515294.0
2024-09-30,Communication Services,Hedge Fund - Long/Short,5899004726.0,0.0625108028838584,0.0642799807180414,-0.0017691778341830111,5809749143.0,89255583.0
2024-09-30,Communication Services,Hedge Fund - Long/Short Growth,13694881683.0,0.1942115316903672,0.18604297208085424,0.00816855960951296,12348666162.0,1346215521.0
2024-09-30,Communication Services,Hedge Fund - Multi-strategy,48068228616.0,0.05791542950668031,0.05486080588809286,0.0030546236185874515,44187043551.0,3881185065.0
2024-09-30,Communication Services,Hedge Fund - Opportunistic,762161561.0,0.11321584690472826,0.14767653400609076,-0.034460687101362505,911957200.0,-149795639.0
2024-09-30,Communication Services,Hedge Fund - Quant,17942607434.0,0.0566606595581827,0.05132825247723589,0.005332407080946809,14934452836.0,3008154598.0
2024-09-30,Communication Services,Hedge Fund - Value,258799.0,0.07359982754595101,0.0640975581030907,0.009502269442860312,232937.0,25862.0
2024-09-30,Communication Services,Market Maker - Quant,57758996305.0,0.05630579300197883,0.055907440196525125,0.0003983528054537014,54496826018.0,3262170287.0
2024-09-30,Communication Services,Pension Fund,11016970672.0,0.07706913582573534,0.07669920596406618,0.00036992986166915764,10457557565.0,559413107.0
2024-09-30,Consumer Discretionary,Asset Manager - Active,164608779826.0,0.07430706202281268,0.07544899265544205,-0.0011419306326293788,160205811520.0,4402968306.0
2024-09-30,Consumer Discretionary,Asset Manager - Growth,33861069003.0,0.25339322251012614,0.23166133342125075,0.021731889088875384,29736813908.0,4124255095.0
2024-09-30,Consumer Discretionary,Asset Manager - Index,617247807724.0,0.07675217497848619,0.07518602806332682,0.0015661469151593693,563449439491.0,53798368233.0
2024-09-30,Consumer Discretionary,Asset Manager - Value,13423495029.0,0.05296215712213943,0.05454692602528025,-0.0015847689031408194,12311415217.0,1112079812.0
2024-09-30,Consumer Discretionary,Conglomerate / Long-only Value,2600751247.0,0.009763353036179041,0.00792967729155774,0.001833675744621302,2220064316.0,380686931.0
2024-09-30,Consumer Discretionary,Family Office - Macro,606009888.0,0.08751120233778222,0.10551607697662511,-0.0180048746388429,587588666.0,18421222.0
2024-09-30,Consumer Discretionary,Foundation / Endowment,227039505.0,0.005035459684270005,0.004064587871841698,0.0009708718124283068,193746543.0,33292962.0
2024-09-30,Consumer Discretionary,Hedge Fund - Activist,6745058537.0,0.14410823307542897,0.13637779025212532,0.0077304428233036515,5847785375.0,897273162.0
2024-09-30,Consumer Discretionary,Hedge Fund - Contrarian Value,79147668.0,0.6099854281247019,0.3357010801744297,0.27428434795027223,17620000.0,61527668.0
2024-09-30,Consumer Discretionary,Hedge Fund - Event Driven,794073000.0,0.08966285312651771,0.12165720751153057,-0.03199435438501286,1227570307.0,-433497307.0
2024-09-30,Consumer Discretionary,Hedge Fund - Global Macro,2207520433.0,0.04890385881189789,0.06634359874861219,-0.0174397399367143,2565678738.0,-358158305.0
2024-09-30,Consumer Discretionary,Hedge Fund - Long/Short,7125107530.0,0.07550361680014107,0.08903230948789441,-0.013528692687753335,8046912553.0,-921805023.0
2024-09-30,Consumer Discretionary,Hedge Fund - Long/Short Growth,9803658982.0,0.13902884823223677,0.10645159913849538,0.03257724909374139,7065761450.0,2737897532.0
2024-09-30,Consumer Discretionary,Hedge Fund - Multi-strategy,70432707174.0,0.08486146889013235,0.08176116482133122,0.0031003040688011296,65853647103.0,4579060071.0
2024-09-30,Consumer Discretionary,Hedge Fund - Opportunistic,2740805605.0,0.4071349745901199,0.29097086142021295,0.11616411316990694,1796852654.0,943952951.0
2024-09-30,Consumer Discretionary,Hedge Fund - Quant,24737733661.0,0.07811887488274841,0.08377701969208179,-0.005658144809333382,24375736343.0,361997318.0
2024-09-30,Consumer Discretionary,Hedge Fund - Value,2041.0,0.0005804398317662974,0.0011899400983014007,-0.0006095002665351032,2101290.0,-2099249.0
2024-09-30,Consumer Discretionary,Market Maker - Quant,106358802400.0,0.103682838951174,0.09795108196355616,0.005731756987617839,95479654466.0,10879147934.0
2024-09-30,Consumer Discretionary,Pension Fund,10151382115.0,0.07101391755796038,0.07881527243220827,-0.007801354874247893,10746072767.0,-594690652.0
2024-09-30,Consumer Staples,Asset Manager - Active,55432320689.0,0.02502304491813848,0.024237290398670223,0.0007857545194682562,51464633797.0,3967686892.0
2024-09-30,Consumer Staples,Asset Manager - Growth,394010442.0,0.00294850630947811,0.0028159927322241557,0.00013251357725395417,361470128.0,32540314.0
2024-09-30,Consumer Staples,Asset Manager - Index,336932480084.0,0.041896140162405913,0.041072562477446235,0.0008235776849596782,307800703169.0,29131776915.0
2024-09-30,Consumer Staples,Asset Manager - Value,6417373779.0,0.02531963230594017,0.019192150292800067,0.006127482013140104,4331729547.0,2085644232.0
2024-09-30,Consumer Staples,Conglomerate / Long-only Value,43042038460.0,0.1615820111079528,0.13733108049594223,0.024250930612010585,38448453837.0,4593584623.0
2024-09-30,Consumer Staples,Family Office - Macro,22358070.0,0.0032286298068659536,0.015297378607143851,-0.012068748800277897,85186699.0,-62828629.0
2024-09-30,Consumer Staples,Foundation / Endowment,1559987937.0,0.03459863236008657,0.029358946396617545,0.005239685963469024,1399451691.0,160536246.0
2024-09-30,Consumer Staples,Hedge Fund - Global Macro,1721365146.0,0.0381339156844425,0.0833575326806468,-0.0452236169962043,3223651615.0,-1502286469.0
2024-09-30,Consumer Staples,Hedge Fund - Long/Short,3619945619.0,0.03835998063236605,0.03797122057190451,0.00038876006046154044,3431912451.0,188033168.0
2024-09-30,Consumer Staples,Hedge Fund - Long/Short Growth,543951638.0,0.007713953521234241,0.010184286320951093,-0.002470332799716852,675985502.0,-132033864.0
2024-09-30,Consumer Staples,Hedge Fund - Multi-strategy,17929968838.0,0.021603081207542448,0.02113889931373951,0.0004641818938029389,17026098131.0,903870707.0
2024-09-30,Consumer Staples,Hedge Fund - Quant,8040779316.0,0.025391842355254927,0.027367041939750227,-0.0019751995844952998,7962706256.0,78073060.0
2024-09-30,Consumer Staples,Hedge Fund - Value,194832.0,0.05540825737515496,5.554005159740277e-05,0.05535271732355756,98077.0,96755.0
2024-09-30,Consumer Staples,Market Maker - Quant,17315198871.0,0.016879552377786485,0.014433985888516337,0.0024455664892701484,14069798491.0,3245400380.0
2024-09-30,Consumer Staples,Pension Fund,8020189130.0,0.05610517299269943,0.055361057106582505,0.0007441158861169264,7548206455.0,471982675.0
2024-09-30,ETF - Broad Equity,Asset Manager - Active,47712744196.0,0.021538303400331575,0.02135922227127758,0.00017908112905399426,45353442332.0,2359301864.0
2024-09-30,ETF - Broad Equity,Asset Manager - Index,49267366674.0,0.006126190324815079,0.005720186537227845,0.00040600378758723354,42867484574.0,6399882100.0
2024-09-30,ETF - Broad Equity,Asset Manager - Value,5130042.0,2.0240488029399217e-05,4.28353271985361e-06,1.595695530954561e-05,966807.0,4163235.0
2024-09-30,ETF - Broad Equity,Conglomerate / Long-only Value,45295954.0,0.0001700433251825434,0.00015340215679753594,1.6641168385007454e-05,42947858.0,2348096.0
2024-09-30,ETF - Broad Equity,Family Office - Macro,1655026848.0,0.23899509271668834,0.09360612481484516,0.1453889679018432,521265570.0,1133761278.0
2024-09-30,ETF - Broad Equity,Hedge Fund - Activist,4926067600.0,0.10524547621818794,0.08484339430763693,0.020402081910551012,3638026100.0,1288041500.0
2024-09-30,ETF - Broad Equity,Hedge Fund - Global Macro,15553844634.0,0.344568960990148,0.23463950248466067,0.10992945850548733,9074117081.0,6479727553.0
2024-09-30,ETF - Broad Equity,Hedge Fund - Long/Short,429267880.0,0.0045488825789172255,0.00398861122579878,0.0005602713531184453,360498407.0,68769473.0
2024-09-30,ETF - Broad Equity,Hedge Fund - Long/Short Growth,156739309.0,0.0022227706658296187,0.0007900847466826674,0.0014326859191469512,49753508.0,106985801.0
2024-09-30,ETF - Broad Equity,Hedge Fund - Multi-strategy,158360122061.0,0.1908015907796592,0.17789082853540134,0.012910762244257856,143280246445.0,15079875616.0
2024-09-30,ETF - Broad Equity,Hedge Fund - Opportunistic,185436300.0,0.027545770904312584,0.029208064857209302,-0.0016622939528967186,180370600.0,5065700.0
2024-09-30,ETF - Broad Equity,Hedge Fund - Quant,21801749539.0,0.06884737978835978,0.06963892477281979,-0.0007915449844600048,20262120516.0,1539629023.0
2024-09-30,ETF - Broad Equity,Market Maker - Quant,258492221684.0,0.25198861576306486,0.24040706028342407,0.011581555479640793,234341291458.0,24150930226.0
2024-09-30,ETF - Commodity,Asset Manager - Active,1225312965.0,0.000553126064015877,0.0005093578238473905,4.376824016848657e-05,1081552989.0,143759976.0
2024-09-30,ETF - Commodity,Asset Manager - Index,189239408.0,2.353112635458031e-05,2.117718727711413e-05,2.353939077466182e-06,158703347.0,30536061.0
2024-09-30,ETF - Commodity,Hedge Fund - Global Macro,66300135.0,0.001468766672679659,0.0012358133508610562,0.00023295332181860274,47792102.0,18508033.0
2024-09-30,ETF - Commodity,Hedge Fund - Multi-strategy,4718718663.0,0.005685389829361572,0.004185473807564213,0.0014999160217973595,3371144671.0,1347573992.0
2024-09-30,ETF - Commodity,Hedge Fund - Quant,894628660.0,0.002825132864424078,0.0024130095095552502,0.0004121233548688278,702088518.0,192540142.0
2024-09-30,ETF - Commodity,Market Maker - Quant,13511941944.0,0.013171984536160638,0.01005387980392618,0.003118104732234457,9800207925.0,3711734019.0
2024-09-30,ETF - Fixed Income,Asset Manager - Active,7074491955.0,0.003193539937758789,0.003933916212452358,-0.0007403762746935687,8353143191.0,-1278651236.0
2024-09-30,ETF - Fixed Income,Asset Manager - Index,5228334274.0,0.0006501214293878838,0.0005917367515057355,5.8384677882148284e-05,4434517284.0,793816990.0
2024-09-30,ETF - Fixed Income,Asset Manager - Value,444657.0,1.7543861601305736e-06,,,,
2024-09-30,ETF - Fixed Income,Family Office - Macro,146673282.0,0.02118043865754314,0.05986662329596904,-0.0386861846384259,333379996.0,-186706714.0
2024-09-30,ETF - Fixed Income,Hedge Fund - Global Macro,270600954.0,0.0059947036733865085,0.007661330218962149,-0.0016666265455756403,296283476.0,-25682522.0
2024-09-30,ETF - Fixed Income,Hedge Fund - Multi-strategy,9594918687.0,0.011560522466482358,0.012980855363112269,-0.0014203328966299108,10455289746.0,-860371059.0
2024-09-30,ETF - Fixed Income,Hedge Fund - Quant,1836888251.0,0.005800678648250063,0.0026739615882810383,0.0031267170599690247,778015056.0,1058873195.0
2024-09-30,ETF - Fixed Income,Market Maker - Quant,22867029177.0,0.022291699887086052,0.01360433610569489,0.008687363781391162,13261081803.0,9605947374.0
2024-09-30,ETF - International Equity,Asset Manager - Active,4625569112.0,0.0020880566107075965,0.0020090015765574097,7.905503415018677e-05,4265845263.0,359723849.0
2024-09-30,ETF - International Equity,Asset Manager - Index,4188123856.0,0.000520775628531707,0.0005733794607492634,-5.26038322175565e-05,4296946442.0,-108822586.0
2024-09-30,ETF - International Equity,Asset Manager - Value,92717.0,3.658132484337959e-07,3.580461134289424e-06,-3.2146478858556283e-06,771885.0,-679168.0
2024-09-30,ETF - International Equity,Family Office - Macro,19188967.0,0.0027709936868060238,0.003131397053514244,-0.00036040336670822024,17437849.0,1751118.0
2024-09-30,ETF - International Equity,Hedge Fund - Global Macro,769000091.0,0.017035888463099284,0.012484580382374022,0.004551308080725262,482811048.0,286189043.0
2024-09-30,ETF - International Equity,Hedge Fund - Multi-strategy,7109890148.0,0.008566413897966531,0.007883028212288435,0.0006833856856780958,6349299929.0,760590219.0
2024-09-30,ETF - International Equity,Hedge Fund - Quant,409480175.0,0.0012930905876887768,0.0005073122121401816,0.0007857783755485951,147607408.0,261872767.0
2024-09-30,ETF - International Equity,Market Maker - Quant,13190531171.0,0.012858660385623461,0.013426266378227624,-0.0005676059926041626,13087504996.0,103026175.0
2024-09-30,ETF - Sector,Asset Manager - Active,325639468.0,0.00014699891567952533,0.00019562172694961123,-4.8622811270085896e-05,415376487.0,-89737019.0
2024-09-30,ETF - Sector,Asset Manager - Index,1063133219.0,0.00013219615497867497,0.0001282125721925084,3.983582786166567e-06,960834131.0,102299088.0
2024-09-30,ETF - Sector,Family Office - Macro,235053000.0,0.03394296207111182,9.058108610377662e-05,0.03385238098500804,504420.0,234548580.0
2024-09-30,ETF - Sector,Hedge Fund - Activist,2772371800.0,0.059231747113026804,0.044931927685403,0.014299819427623803,1926650000.0,845721800.0
2024-09-30,ETF - Sector,Hedge Fund - Global Macro,710798897.0,0.01574654004688017,0.01580876047432904,-6.222042744886969e-05,611365699.0,99433198.0
2024-09-30,ETF - Sector,Hedge Fund - Long/Short,7132120.0,7.55779268151792e-05,,,,
2024-09-30,ETF - Sector,Hedge Fund - Multi-strategy,18536601900.0,0.022333988406543916,0.019799558510188674,0.0025344298963552413,15947340547.0,2589261353.0
2024-09-30,ETF - Sector,Hedge Fund - Quant,1450063643.0,0.0045791316962121515,0.0030978164997268625,0.001481315196485289,901339753.0,548723890.0
2024-09-30,ETF - Sector,Market Maker - Quant,22141167374.0,0.02158410060312441,0.0194458953215743,0.0021382052815501103,18955251222.0,3185916152.0
2024-09-30,ETF - Thematic,Asset Manager - Active,1785680.0,8.060847948278025e-07,7.888169767516726e-07,1.7267818076129913e-08,1674947.0,110733.0
2024-09-30,ETF - Thematic,Hedge Fund - Multi-strategy,492950344.0,0.0005939355728353768,0.0007734635100619184,-0.00017952793722654167,622977830.0,-130027486.0
2024-09-30,ETF - Thematic,Hedge Fund - Quant,85670097.0,0.00027053616472906046,0.0003022239115104453,-3.1687746781384855e-05,87934978.0,-2264881.0
2024-09-30,ETF - Thematic,Market Maker - Quant,1294704132.0,0.001262129668428605,0.001205715508319758,5.6414160108847044e-05,1175293808.0,119410324.0
2024-09-30,Energy,Asset Manager - Active,69197249487.0,0.031236756112728293,0.03365965428492488,-0.0024228981721965866,71471759137.0,-2274509650.0
2024-09-30,Energy,Asset Manager - Growth,1778985802.0,0.013312720432086861,0.01073189726402073,0.0025808231680661316,1377581779.0,401404023.0
2024-09-30,Energy,Asset Manager - Index,318909721378.0,0.03965508573906403,0.042485246867001454,-0.0028301611279374222,318387460416.0,522260962.0
2024-09-30,Energy,Asset Manager - Value,12657742996.0,0.049940896310351805,0.060919206643107,-0.010978310332755196,13749659281.0,-1091916285.0
2024-09-30,Energy,Conglomerate / Long-only Value,30624983089.0,0.11496775094112642,0.12374029435994281,-0.008772543418816392,34643454186.0,-4018471097.0
2024-09-30,Energy,Family Office - Macro,62917299.0,0.009085608324819515,0.0031035647658666007,0.005982043558952915,17282859.0,45634440.0
2024-09-30,Energy,Hedge Fund - Activist,5334061766.0,0.11396227504874244,0.15914436241561045,-0.045182087366868004,6824000252.0,-1489938486.0
2024-09-30,Energy,Hedge Fund - Event Driven,247255918.0,0.027918933221877974,0.012765794606178113,0.015153138615699861,128812018.0,118443900.0
2024-09-30,Energy,Hedge Fund - Global Macro,1430368766.0,0.03168738605347832,0.02735267195432699,0.004334714099151326,1057798645.0,372570121.0
2024-09-30,Energy,Hedge Fund - Long/Short,2513538312.0,0.026635560617528174,0.025951543945550107,0.000684016671978066,2345550800.0,167987512.0
2024-09-30,Energy,Hedge Fund - Long/Short Growth,2898688543.0,0.04110723662024564,0.021093939269359728,0.02001329735088591,1400117463.0,1498571080.0
2024-09-30,Energy,Hedge Fund - Multi-strategy,21749686833.0,0.026205302147325225,0.02841055949649652,-0.0022052573491712947,22882978284.0,-1133291451.0
2024-09-30,Energy,Hedge Fund - Opportunistic,321218552.0,0.04771564490667156,0.04175397631057215,0.005961668596099409,257846242.0,63372310.0
2024-09-30,Energy,Hedge Fund - Quant,8700748798.0,0.027475948930954317,0.030884157434727524,-0.0034082085037732066,8986045118.0,-285296320.0
2024-09-30,Energy,Market Maker - Quant,16918978115.0,0.016493300446526863,0.019112280429342467,-0.0026189799828156037,18630053848.0,-1711075733.0
2024-09-30,Energy,Pension Fund,4278020337.0,0.029926859227778747,0.03042303134951801,-0.0004961721217392641,4148029926.0,129990411.0
2024-09-30,Financials,Asset Manager - Active,216347407642.0,0.09766271431646685,0.09341616317857424,0.004246551137892615,198356687139.0,17990720503.0
2024-09-30,Financials,Asset Manager - Growth,6980493782.0,0.05223727029929758,0.052770257199028996,-0.0005329868997314136,6773764508.0,206729274.0
2024-09-30,Financials,Asset Manager - Index,863640649936.0,0.1073900910670566,0.10396142492385292,0.003428666143203682,779094309287.0,84546340649.0
2024-09-30,Financials,Asset Manager - Value,46362640322.0,0.18292295978254808,0.21279920933429838,-0.029876249551750306,48029460409.0,-1666820087.0
2024-09-30,Financials,Conglomerate / Long-only Value,103582746877.0,0.3888549231241888,0.3743865117160175,0.014468411408171289,104816640639.0,-1233893762.0
2024-09-30,Financials,Family Office - Macro,205898506.0,0.029732890793381022,0.021359310655186224,0.008373580138194798,118943854.0,86954652.0
2024-09-30,Financials,Foundation / Endowment,10189057759.0,0.22598089070949562,0.21011405818215334,0.01586683252734228,10015498174.0,173559585.0
2024-09-30,Financials,Hedge Fund - Activist,59861883.0,0.0012789496400034074,0.008773118852836612,-0.007494169212833204,376185272.0,-316323389.0
2024-09-30,Financials,Hedge Fund - Event Driven,636332850.0,0.07185160415872147,0.06463824790641139,0.00721335625231008,652226000.0,-15893150.0
2024-09-30,Financials,Hedge Fund - Global Macro,2268234391.0,0.05024887323874442,0.050105897172613365,0.000142976066131055,1937724776.0,330509615.0
2024-09-30,Financials,Hedge Fund - Long/Short,12308378190.0,0.13042990107532793,0.10660039984347705,0.023829501231850875,9634750582.0,2673627608.0
2024-09-30,Financials,Hedge Fund - Long/Short Growth,5153367193.0,0.07308156135133352,0.07226246481225437,0.0008190965390791477,4796445918.0,356921275.0
2024-09-30,Financials,Hedge Fund - Multi-strategy,52943187719.0,0.06378906700918166,0.06493402889247758,-0.0011449618832959224,52300412219.0,642775500.0
2024-09-30,Financials,Hedge Fund - Quant,26249236665.0,0.08289202490823062,0.08618225055732269,-0.0032902256490920656,25075561589.0,1173675076.0
2024-09-30,Financials,Hedge Fund - Value,1066212.0,0.30321994801921,0.24232898315154147,0.06089096486766851,880648.0,185564.0
2024-09-30,Financials,Market Maker - Quant,51183899133.0,0.04989612378993818,0.05009746520076114,-0.0002013414108229597,48833443910.0,2350455223.0
2024-09-30,Financials,Pension Fund,15082371104.0,0.10550861410047709,0.10179927409053621,0.003709340009940873,13879827770.0,1202543334.0
2024-09-30,Health Care,Asset Manager - Active,218861525301.0,0.09879762763650626,0.0971739316961892,0.0016236959403170687,206335804337.0,12525720964.0
2024-09-30,Health Care,Asset Manager - Growth,9376326314.0,0.07016605234171593,0.0901140696701569,-0.019948017328440967,11567339619.0,-2191013305.0
2024-09-30,Health Care,Asset Manager - Index,704182806659.0,0.08756217732522144,0.08794997230720258,-0.00038779498198114604,659103345079.0,45079461580.0
2024-09-30,Health Care,Asset Manager - Value,22447342846.0,0.08856558565529934,0.09031818878630381,-0.0017526031310044626,20385103338.0,2062239508.0
2024-09-30,Health Care,Conglomerate / Long-only Value,5917146790.0,0.022213271317010185,0.01786541374658091,0.004347857570429277,5001763135.0,915383655.0
2024-09-30,Health Care,Family Office - Macro,322428027.0,0.04656040250975064,0.09315834947525807,-0.04659794696550743,518772038.0,-196344011.0
2024-09-30,Health Care,Foundation / Endowment,103701460.0,0.0022999720732739377,0.0019551079440824335,0.00034486412919150413,93194050.0,10507410.0
2024-09-30,Health Care,Hedge Fund - Activist,811660264.0,0.01734112845143663,0.021370440748502726,-0.004029312297066098,916349727.0,-104689463.0
2024-09-30,Health Care,Hedge Fund - Contrarian Value,10336800.0,0.07966497981266384,0.13894383829526646,-0.05927885848260263,7292769.0,3044031.0
2024-09-30,Health Care,Hedge Fund - Event Driven,856917526.0,0.09675895072024478,0.0690232632526585,0.02773568746758627,696472574.0,160444952.0
2024-09-30,Health Care,Hedge Fund - Global Macro,1949488115.0,0.043187591881933426,0.066422176109626,-0.023234584227692576,2568717528.0,-619229413.0
2024-09-30,Health Care,Hedge Fund - Long/Short,11491521529.0,0.12177380261602694,0.12453662177761832,-0.002762819161591379,11255861056.0,235660473.0
2024-09-30,Health Care,Hedge Fund - Long/Short Growth,3705611931.0,0.052550477297147256,0.05142502509715376,0.001125452199993493,3413353701.0,292258230.0
2024-09-30,Health Care,Hedge Fund - Multi-strategy,40836716086.0,0.04920247780830042,0.051367860098400796,-0.0021653822901003747,41373688092.0,-536972006.0
2024-09-30,Health Care,Hedge Fund - Opportunistic,102026660.0,0.015155624883003989,0.015256268677926146,-0.00010064379492215683,94213100.0,7813560.0
2024-09-30,Health Care,Hedge Fund - Quant,22107540552.0,0.06981303210769396,0.06666170869387203,0.0031513234138219326,19395870625.0,2711669927.0
2024-09-30,Health Care,Market Maker - Quant,35083792631.0,0.03420109233155824,0.03391081263845922,0.0002902796930990201,33055200703.0,2028591928.0
2024-09-30,Health Care,Pension Fund,14229910028.0,0.09954522902772099,0.10343075898504524,-0.0038855299573242463,14102272670.0,127637358.0
2024-09-30,Industrials,Asset Manager - Active,59993213762.0,0.0270819057201751,0.026593305648987507,0.0004886000711875928,56467316031.0,3525897731.0
2024-09-30,Industrials,Asset Manager - Growth,424732964.0,0.0031784127797235863,0.004195647119606188,-0.0010172343398826018,538567122.0,-113834158.0
2024-09-30,Industrials,Asset Manager - Index,262508551616.0,0.03264183693300268,0.03130404099124886,0.0013377959417538235,234594708680.0,27913842936.0
2024-09-30,Industrials,Asset Manager - Value,13997323537.0,0.05522618713341459,0.05345305158411022,0.001773135549304368,12064524266.0,1932799271.0
2024-09-30,Industrials,Conglomerate / Long-only Value,213884223.0,0.0008029322990526842,0.0006621225875768086,0.0001408097114758756,185373840.0,28510383.0
2024-09-30,Industrials,Family Office - Macro,94516583.0,0.013648720892139612,0.014599420828967357,-0.0009506999368277449,81299973.0,13216610.0
2024-09-30,Industrials,Foundation / Endowment,4463694903.0,0.09899931611874335,0.08143934467888857,0.017559971439854785,3881965895.0,581729008.0
2024-09-30,Industrials,Hedge Fund - Activist,1282659267.0,0.027404026160965975,0.027659212579361853,-0.00025518641839587797,1186007916.0,96651351.0
2024-09-30,Industrials,Hedge Fund - Event Driven,14858800.0,0.0016777832794167558,0.01512605523462689,-0.013448271955210134,152628000.0,-137769200.0
2024-09-30,Industrials,Hedge Fund - Global Macro,753838260.0,0.01670000389710856,0.01546494297237804,0.0012350609247305192,598069386.0,155768874.0
2024-09-30,Industrials,Hedge Fund - Long/Short,1493887893.0,0.01583048937023441,0.016456881481783085,-0.0006263921115486765,1487404819.0,6483074.0
2024-09-30,Industrials,Hedge Fund - Long/Short Growth,1723356766.0,0.024439477822527585,0.026803700206109077,-0.002364222383581492,1779104806.0,-55748040.0
2024-09-30,Industrials,Hedge Fund - Multi-strategy,16010428195.0,0.01929030572161847,0.020134248642398146,-0.000843942920779675,16216913099.0,-206484904.0
2024-09-30,Industrials,Hedge Fund - Opportunistic,105975600.0,0.015742223065532846,0.0372506197258073,-0.021508396660274456,230036350.0,-124060750.0
2024-09-30,Industrials,Hedge Fund - Quant,8353963701.0,0.026380842080222316,0.02730507803502965,-0.0009242359548073328,7944677257.0,409286444.0
2024-09-30,Industrials,Market Maker - Quant,20043622742.0,0.019539329720366188,0.01976367853179897,-0.0002243488114327813,19265016367.0,778606375.0
2024-09-30,Industrials,Pension Fund,3761991279.0,0.026316981817275622,0.026035646051653056,0.00028133576562256596,3549831630.0,212159649.0
2024-09-30,Information Technology,Asset Manager - Active,491528588994.0,0.22188394438601977,0.23218366358527193,-0.010299719199252155,493010853256.0,-1482264262.0
2024-09-30,Information Technology,Asset Manager - Growth,19469777091.0,0.14569857668123895,0.1599487635720464,-0.014250186890807454,20531551584.0,-1061774493.0
2024-09-30,Information Technology,Asset Manager - Index,1829376275937.0,0.22747526402716883,0.23555125047153078,-0.008075986444361943,1765237817029.0,64138458908.0
2024-09-30,Information Technology,Asset Manager - Value,8217329462.0,0.03242132493442364,0.04184500942390698,-0.009423684489483344,9444552119.0,-1227222657.0
2024-09-30,Information Technology,Conglomerate / Long-only Value,72334453846.0,0.27154723482006926,0.30905777684104674,-0.03751054202097748,86526615992.0,-14192162146.0
2024-09-30,Information Technology,Family Office - Macro,227800483.0,0.03289565823133486,0.0775078411091055,-0.044612182877770634,431618861.0,-203818378.0
2024-09-30,Information Technology,Foundation / Endowment,12460303384.0,0.2763543522696859,0.3271428625084187,-0.050788510238732765,15593905379.0,-3133601995.0
2024-09-30,Information Technology,Hedge Fund - Activist,1320678240.0,0.028216301842832667,0.02634375597236409,0.001872545870468579,1129602046.0,191076194.0
2024-09-30,Information Technology,Hedge Fund - Event Driven,967027350.0,0.10919201540963569,0.16191505188927058,-0.05272303647963489,1633788199.0,-666760849.0
2024-09-30,Information Technology,Hedge Fund - Global Macro,4244541214.0,0.09403058796092134,0.09923309592292891,-0.005202507962007566,3837600750.0,406940464.0
2024-09-30,Information Technology,Hedge Fund - Long/Short,17812271223.0,0.18875376899211121,0.19346635781989951,-0.0047125888277883,17485864090.0,326407133.0
2024-09-30,Information Technology,Hedge Fund - Long/Short Growth,18349821080.0,0.26022472779847444,0.33582127214466295,-0.07559654434618851,22290252265.0,-3940431185.0
2024-09-30,Information Technology,Hedge Fund - Multi-strategy,137888471099.0,0.1661361414316791,0.18361922899905944,-0.017483087567380345,147894124726.0,-10005653627.0
2024-09-30,Information Technology,Hedge Fund - Opportunistic,1488814513.0,0.22115704149680354,0.3069077427860002,-0.08575070128919665,1895268789.0,-406454276.0
2024-09-30,Information Technology,Hedge Fund - Quant,43536711227.0,0.13748385134044155,0.14858453055429519,-0.011100679213853631,43232110127.0,304601100.0
2024-09-30,Information Technology,Market Maker - Quant,230201890663.0,0.22441006308160155,0.26250948670527335,-0.0380994236236718,255886046200.0,-25684155537.0
2024-09-30,Information Technology,Pension Fund,37544896110.0,0.26264503954964435,0.26529765596328775,-0.002652616413643394,36172023872.0,1372872238.0
2024-09-30,Materials,Asset Manager - Active,12653737019.0,0.0057121012772532506,0.005923481556790323,-0.00021138027953707204,12577718223.0,76018796.0
2024-09-30,Materials,Asset Manager - Growth,1422525071.0,0.010645210634377797,0.011474205858928048,-0.0008289952245502507,1472866962.0,-50341891.0
2024-09-30,Materials,Asset Manager - Index,55984569081.0,0.00696144625939509,0.006879615484380566,8.183077501452366e-05,51556327531.0,4428241550.0
2024-09-30,Materials,Asset Manager - Value,8299543.0,3.274569696329661e-05,3.679886843572293e-05,-4.053171472426315e-06,8305622.0,-6079.0
2024-09-30,Materials,Conglomerate / Long-only Value,640976656.0,0.0024062591098230816,0.0017540559799366646,0.000652203129886417,491081408.0,149895248.0
2024-09-30,Materials,Family Office - Macro,11477737.0,0.0016574491355277182,0.0003117492761622707,0.0013456998593654476,1736042.0,9741695.0
2024-09-30,Materials,Hedge Fund - Activist,2165138463.0,0.04625820169758744,0.04837166991297705,-0.0021134682153896092,2074143769.0,90994694.0
2024-09-30,Materials,Hedge Fund - Event Driven,56914566.0,0.006426515411073665,0.004826936922513769,0.0015995784885598965,48705741.0,8208825.0
2024-09-30,Materials,Hedge Fund - Global Macro,436654084.0,0.009673328207682599,0.008758082412647174,0.0009152457950354249,338697723.0,97956361.0
2024-09-30,Materials,Hedge Fund - Long/Short,494240935.0,0.0052373915770480214,0.006195094096873815,-0.0009577025198257939,559924602.0,-65683667.0
2024-09-30,Materials,Hedge Fund - Multi-strategy,6582744843.0,0.007931278224559525,0.007783099386996684,0.00014817883756284168,6268813336.0,313931507.0
2024-09-30,Materials,Hedge Fund - Quant,3545128797.0,0.011195102863148712,0.009565891158847636,0.001629211704301076,2783288802.0,761839995.0
2024-09-30,Materials,Market Maker - Quant,7275331802.0,0.007092286096887459,0.007041186536663352,5.109956022410645e-05,6863528652.0,411803150.0
2024-09-30,Materials,Pension Fund,638527190.0,0.004466812175474503,0.004356141642160341,0.00011067053331416127,593938378.0,44588812.0
2024-09-30,Real Estate,Asset Manager - Active,22342182048.0,0.010085621853953392,0.009308931843744346,0.0007766900102090454,19766267619.0,2575914429.0
2024-09-30,Real Estate,Asset Manager - Growth,78759625.0,0.0005893834946755799,0.0007383706937420249,-0.00014898719906644502,94779701.0,-16020076.0
2024-09-30,Real Estate,Asset Manager - Index,135165678966.0,0.016807285037329985,0.015897072028664604,0.0009102130086653809,119133787950.0,16031891016.0
2024-09-30,Real Estate,Asset Manager - Value,546921370.0,0.0021578683844123733,0.001868437418683629,0.0002894309657287444,421712286.0,125209084.0
2024-09-30,Real Estate,Family Office - Macro,35937.0,5.189502911894532e-06,1.1323264274532608e-05,-6.133761362638076e-06,63056.0,-27119.0
2024-09-30,Real Estate,Hedge Fund - Activist,1504096816.0,0.03213504128083427,0.028498378905688435,0.0036366623751458334,1221990788.0,282106028.0
2024-09-30,Real Estate,Hedge Fund - Event Driven,35977108.0,0.004062359695545454,0.0031455606449781945,0.0009167990505672598,31739976.0,4237132.0
2024-09-30,Real Estate,Hedge Fund - Global Macro,632959802.0,0.014022147350431726,0.013037690801483615,0.0009844565489481108,504201260.0,128758542.0
2024-09-30,Real Estate,Hedge Fund - Long/Short,839172885.0,0.008892579890385017,0.01006173061829426,-0.0011691507279092423,909398699.0,-70225814.0
2024-09-30,Real Estate,Hedge Fund - Multi-strategy,4470496236.0,0.005386316847335552,0.004726175328598577,0.0006601415187369748,3806646871.0,663849365.0
2024-09-30,Real Estate,Hedge Fund - Quant,1796676707.0,0.00567369528681423,0.005358637684523797,0.00031505760229043247,1559147602.0,237529105.0
2024-09-30,Real Estate,Market Maker - Quant,2052439189.0,0.002000800282517709,0.002132814766480406,-0.00013201448396269692,2079001200.0,-26562011.0
2024-09-30,Real Estate,Pension Fund,1941106411.0,0.013578995360473864,0.012870714861249355,0.0007082804992245093,1754858344.0,186248067.0
2024-09-30,Unclassified,Asset Manager - Active,629808324001.0,0.28430565030307126,0.27739679741367756,0.006908852889393691,589014875860.0,40793448141.0
2024-09-30,Unclassified,Asset Manager - Growth,44909396997.0,0.3360713988400129,0.32805422335315254,0.008017175486860373,42110123634.0,2799273363.0
2024-09-30,Unclassified,Asset Manager - Index,2224388444726.0,0.2765933697832953,0.270871079487123,0.005722290296172272,2029927126657.0,194461318069.0
2024-09-30,Unclassified,Asset Manager - Value,103242797762.0,0.4073425933400634,0.34781204731504656,0.05953054602501684,78502288653.0,24740509109.0
2024-09-30,Unclassified,Conglomerate / Long-only Value,4092756003.0,0.015364415106720913,0.007624617242117832,0.007739797864603081,2134656940.0,1958099063.0
2024-09-30,Unclassified,Family Office - Macro,3114412211.0,0.4497384655876781,0.45552972074149606,-0.0057912551538179535,2536713917.0,577698294.0
2024-09-30,Unclassified,Foundation / Endowment,16084353819.0,0.3567313767844446,0.34592509241799774,0.010806284366446872,16489197160.0,-404843341.0
2024-09-30,Unclassified,Hedge Fund - Activist,17551000026.0,0.374977264997703,0.3529593512079889,0.022017913789714127,15134652997.0,2416347029.0
2024-09-30,Unclassified,Hedge Fund - Contrarian Value,40268907.0,0.3103495920626342,0.5253550815303039,-0.21500548946766967,27574402.0,12694505.0
2024-09-30,Unclassified,Hedge Fund - Event Driven,4678085852.0,0.5282266550570496,0.42429092742357544,0.10393572763347414,4281266640.0,396819212.0
2024-09-30,Unclassified,Hedge Fund - Global Macro,10191064231.0,0.22576568662538254,0.24462135873878832,-0.018855672113405775,9460141307.0,730922924.0
2024-09-30,Unclassified,Hedge Fund - Long/Short,30071654281.0,0.3186644765456538,0.3180373693673805,0.0006271071782733006,28744833360.0,1326820921.0
2024-09-30,Unclassified,Hedge Fund - Long/Short Growth,14382818587.0,0.20396738668238357,0.18461620423113534,0.019351182451248228,12253963956.0,2128854631.0
2024-09-30,Unclassified,Hedge Fund - Multi-strategy,212123918087.0,0.255579374950364,0.25519569640414286,0.0003836785462211223,205544617300.0,6579300787.0
2024-09-30,Unclassified,Hedge Fund - Opportunistic,1025494784.0,0.15233287324882733,0.13097593221618117,0.021356941032646154,808824809.0,216669975.0
2024-09-30,Unclassified,Hedge Fund - Quant,123587290985.0,0.39027423667252636,0.3808146878954962,0.009459548777030147,110801726557.0,12785564428.0
2024-09-30,Unclassified,Hedge Fund - Value,1994415.0,0.5671915272279178,0.6452154191641895,-0.07802389193627168,2344778.0,-350363.0
2024-09-30,Unclassified,Market Maker - Quant,148043924530.0,0.14431917282234977,0.13725757583951792,0.007061596982831847,133794396665.0,14249527865.0
2024-09-30,Unclassified,Pension Fund,34577262811.0,0.2418849830322128,0.2332542801085041,0.00863070292370871,31803067983.0,2774194828.0
2024-09-30,Utilities,Asset Manager - Active,13226858072.0,0.005970817377797021,0.005742325789419134,0.00022849158837788715,12193058260.0,1033799812.0
2024-09-30,Utilities,Asset Manager - Growth,30163611.0,0.00022572396025520388,0.00020756590397563062,1.8158056279573258e-05,26643845.0,3519766.0
2024-09-30,Utilities,Asset Manager - Index,73396234462.0,0.009126513791861598,0.008246350575252005,0.0008801632166095929,61798737467.0,11597496995.0
2024-09-30,Utilities,Asset Manager - Value,1190154721.0,0.004695733949845531,0.004606907356030441,8.882659381509016e-05,1039793687.0,150361034.0
2024-09-30,Utilities,Family Office - Macro,4093423.0,0.00059111307505123,0.00795804188557916,-0.0073669288105279295,44316045.0,-40222622.0
2024-09-30,Utilities,Hedge Fund - Activist,123663780.0,0.002642077712665012,0.0024662949352590416,0.00017578277740597052,105753022.0,17910758.0
2024-09-30,Utilities,Hedge Fund - Event Driven,580000.0,6.54907732832879e-05,0.00011326603590203025,-4.777526261874234e-05,1142900.0,-562900.0
2024-09-30,Utilities,Hedge Fund - Global Macro,106447013.0,0.0023581524396699706,0.002546355574614982,-0.0001882031349450114,98474163.0,7972850.0
2024-09-30,Utilities,Hedge Fund - Long/Short,262641389.0,0.0027831684935866207,0.0034218790454842727,-0.0006387105518976519,309276055.0,-46634666.0
2024-09-30,Utilities,Hedge Fund - Long/Short Growth,102390192.0,0.0014520283182201759,0.0012288077741280518,0.0002232205440921241,81562538.0,20827654.0
2024-09-30,Utilities,Hedge Fund - Multi-strategy,2123000012.0,0.0025579153024320274,0.0025550247896489577,2.8905127830696625e-06,2057917120.0,65082892.0
2024-09-30,Utilities,Hedge Fund - Quant,1590919885.0,0.0050239392641180025,0.003537495382783777,0.0014864438813342253,1029268588.0,561651297.0
2024-09-30,Utilities,Market Maker - Quant,2074654082.0,0.002022456253826733,0.0017390379019387736,0.0002834183518879592,1695159815.0,379494267.0
2024-09-30,Utilities,Pension Fund,1706564522.0,0.011938259332546863,0.011656961445188995,0.00028129788735786754,1589369066.0,117195456.0
2024-12-31,Communication Services,Asset Manager - Active,188445650186.0,0.11240525285801464,0.09041192306178945,0.02199332979622519,200285086394.0,-11839436208.0
2024-12-31,Communication Services,Asset Manager - Growth,15969319791.0,0.1227082540424426,0.11153352171701135,0.011174732325431244,14904282907.0,1065036884.0
2024-12-31,Communication Services,Asset Manager - Index,612699821421.0,0.07403373877007503,0.0696858002316444,0.004347938538430629,560419394428.0,52280426993.0
2024-12-31,Communication Services,Asset Manager - Value,25985480975.0,0.10485019958239168,0.0983899546971604,0.006460244885231281,24937373014.0,1048107961.0
2024-12-31,Communication Services,Conglomerate / Long-only Value,3348068054.0,0.012531345039850832,0.0123278058126943,0.00020353922715653228,3283867358.0,64200696.0
2024-12-31,Communication Services,Family Office - Macro,383477963.0,0.05767166015561675,0.028455182670607915,0.029216477485008833,197050453.0,186427510.0
2024-12-31,Communication Services,Hedge Fund - Activist,259812243.0,0.00875790803227914,0.04719927676058542,-0.03844136872830628,2209185956.0,-1949373713.0
2024-12-31,Communication Services,Hedge Fund - Event Driven,614008550.0,0.067514049000747,0.06415683914663368,0.0033572098541133216,568186400.0,45822150.0
2024-12-31,Communication Services,Hedge Fund - Global Macro,2066525494.0,0.0429712883944848,0.04047360800211306,0.0024976803923717414,1826978869.0,239546625.0
2024-12-31,Communication Services,Hedge Fund - Long/Short,7393225913.0,0.07575133456216171,0.0625108028838584,0.013240531678303316,5899004726.0,1494221187.0
2024-12-31,Communication Services,Hedge Fund - Long/Short Growth,15089728726.0,0.2007905416500228,0.1942115316903672,0.006579009959655602,13694881683.0,1394847043.0
2024-12-31,Communication Services,Hedge Fund - Multi-strategy,54154884174.0,0.06050036287176402,0.05791542950668031,0.002584933365083704,48068228616.0,6086655558.0
2024-12-31,Communication Services,Hedge Fund - Opportunistic,718824934.0,0.11120604013362363,0.11321584690472826,-0.0020098067711046275,762161561.0,-43336627.0
2024-12-31,Communication Services,Hedge Fund - Quant,17053783387.0,0.0497286341695837,0.0566606595581827,-0.006932025388598995,17942607434.0,-888824047.0
2024-12-31,Communication Services,Hedge Fund - Value,385485.0,0.11223819531428791,0.07359982754595101,0.0386383677683369,258799.0,126686.0
2024-12-31,Communication Services,Market Maker - Quant,68225856995.0,0.06074912310097849,0.05630579300197883,0.004443330098999665,57758996305.0,10466860690.0
2024-12-31,Communication Services,Pension Fund,11328928073.0,0.07576955388891572,0.07706913582573534,-0.001299581936819616,11016970672.0,311957401.0
2024-12-31,Consumer Discretionary,Asset Manager - Active,137838798051.0,0.08221895773807857,0.07430706202281268,0.00791189571526589,164608779826.0,-26769981775.0
2024-12-31,Consumer Discretionary,Asset Manager - Growth,30883915695.0,0.23731200968642685,0.25339322251012614,-0.016081212823699287,33861069003.0,-2977153308.0
2024-12-31,Consumer Discretionary,Asset Manager - Index,709418419440.0,0.08572043945058078,0.07675217497848619,0.00896826447209459,617247807724.0,92170611716.0
2024-12-31,Consumer Discretionary,Asset Manager - Value,14265256945.0,0.057559644141909096,0.05296215712213943,0.004597487019769662,13423495029.0,841761916.0
2024-12-31,Consumer Discretionary,Conglomerate / Long-only Value,3418047738.0,0.012793269096303638,0.009763353036179041,0.003029916060124597,2600751247.0,817296491.0
2024-12-31,Consumer Discretionary,Family Office - Macro,879021678.0,0.13219700836638681,0.08751120233778222,0.0446858060286046,606009888.0,273011790.0
2024-12-31,Consumer Discretionary,Foundation / Endowment,300356190.0,0.007148635668264702,0.005035459684270005,0.0021131759839946966,227039505.0,73316685.0
2024-12-31,Consumer Discretionary,Hedge Fund - Activist,218577610.0,0.007367946114438407,0.14410823307542897,-0.13674028696099055,6745058537.0,-6526480927.0
2024-12-31,Consumer Discretionary,Hedge Fund - Contrarian Value,30393750.0,0.3925059544355907,0.6099854281247019,-0.2174794736891112,79147668.0,-48753918.0
2024-12-31,Consumer Discretionary,Hedge Fund - Event Driven,1032663500.0,0.11354775782891445,0.08966285312651771,0.023884904702396736,794073000.0,238590500.0
2024-12-31,Consumer Discretionary,Hedge Fund - Global Macro,1739772261.0,0.03617678842347535,0.04890385881189789,-0.012727070388422537,2207520433.0,-467748172.0
2024-12-31,Consumer Discretionary,Hedge Fund - Long/Short,7597163031.0,0.07784088370309854,0.07550361680014107,0.0023372669029574633,7125107530.0,472055501.0
2024-12-31,Consumer Discretionary,Hedge Fund - Long/Short Growth,9223244792.0,0.1227285361575447,0.13902884823223677,-0.01630031207469207,9803658982.0,-580414190.0
2024-12-31,Consumer Discretionary,Hedge Fund - Multi-strategy,87889081357.0,0.09818728994932205,0.08486146889013235,0.013325821059189696,70432707174.0,17456374183.0
2024-12-31,Consumer Discretionary,Hedge Fund - Opportunistic,2500018843.0,0.3867662105742611,0.4071349745901199,-0.020368764015858798,2740805605.0,-240786762.0
2024-12-31,Consumer Discretionary,Hedge Fund - Quant,28596716462.0,0.08338769287254756,0.07811887488274841,0.005268817989799154,24737733661.0,3858982801.0
2024-12-31,Consumer Discretionary,Hedge Fund - Value,189133.0,0.0550681520535876,0.0005804398317662974,0.054487712221821305,2041.0,187092.0
2024-12-31,Consumer Discretionary,Market Maker - Quant,138920722805.0,0.12369668132679285,0.103682838951174,0.020013842375618845,106358802400.0,32561920405.0
2024-12-31,Consumer Discretionary,Pension Fund,10861530750.0,0.07264353115981163,0.07101391755796038,0.0016296136018512514,10151382115.0,710148635.0
2024-12-31,Consumer Staples,Asset Manager - Active,37407556803.0,0.022313095988639297,0.02502304491813848,-0.0027099489294991827,55432320689.0,-18024763886.0
2024-12-31,Consumer Staples,Asset Manager - Growth,376042041.0,0.0028895070611380815,0.00294850630947811,-5.8999248340028346e-05,394010442.0,-17968401.0
2024-12-31,Consumer Staples,Asset Manager - Index,329971609388.0,0.03987112624631677,0.041896140162405913,-0.002025013916089141,336932480084.0,-6960870696.0
2024-12-31,Consumer Staples,Asset Manager - Value,6006472714.0,0.024235836290849716,0.02531963230594017,-0.0010837960150904546,6417373779.0,-410901065.0
2024-12-31,Consumer Staples,Conglomerate / Long-only Value,39204720866.0,0.14673772349876063,0.1615820111079528,-0.01484428760919218,43042038460.0,-3837317594.0
2024-12-31,Consumer Staples,Family Office - Macro,162744.0,2.4475243862619797e-05,0.0032286298068659536,-0.003204154563003334,22358070.0,-22195326.0
2024-12-31,Consumer Staples,Foundation / Endowment,1540064563.0,0.03665434851365071,0.03459863236008657,0.0020557161535641397,1559987937.0,-19923374.0
2024-12-31,Consumer Staples,Hedge Fund - Contrarian Value,7498000.0,0.09682943520816152,,,,
2024-12-31,Consumer Staples,Hedge Fund - Global Macro,1062198091.0,0.02208732514210745,0.0381339156844425,-0.01604659054233505,1721365146.0,-659167055.0
2024-12-31,Consumer Staples,Hedge Fund - Long/Short,3646489255.0,0.03736209751782717,0.03835998063236605,-0.0009978831145388833,3619945619.0,26543636.0
2024-12-31,Consumer Staples,Hedge Fund - Long/Short Growth,778468570.0,0.010358643860740448,0.007713953521234241,0.0026446903395062078,543951638.0,234516932.0
2024-12-31,Consumer Staples,Hedge Fund - Multi-strategy,18607710005.0,0.020788027242343222,0.021603081207542448,-0.0008150539651992257,17929968838.0,677741167.0
2024-12-31,Consumer Staples,Hedge Fund - Quant,7965351952.0,0.023226873724392253,0.025391842355254927,-0.0021649686308626744,8040779316.0,-75427364.0
2024-12-31,Consumer Staples,Hedge Fund - Value,156250.0,0.045493905126937455,0.05540825737515496,-0.009914352248217503,194832.0,-38582.0
2024-12-31,Consumer Staples,Market Maker - Quant,21435572286.0,0.019086491205783894,0.016879552377786485,0.002206938827997409,17315198871.0,4120373415.0
2024-12-31,Consumer Staples,Pension Fund,7610239909.0,0.05089841502893904,0.05610517299269943,-0.00520675796376039,8020189130.0,-409949221.0
2024-12-31,ETF - Broad Equity,Asset Manager - Active,45956446318.0,0.027412391656330946,0.021538303400331575,0.0058740882559993705,47712744196.0,-1756297878.0
2024-12-31,ETF - Broad Equity,Asset Manager - Index,51923253130.0,0.006273990009338604,0.006126190324815079,0.0001477996845235252,49267366674.0,2655886456.0
2024-12-31,ETF - Broad Equity,Asset Manager - Value,50641754.0,0.00020433710729506258,2.0240488029399217e-05,0.00018409661926566337,5130042.0,45511712.0
2024-12-31,ETF - Broad Equity,Family Office - Macro,625855039.0,0.0941230073131693,0.23899509271668834,-0.14487208540351904,1655026848.0,-1029171809.0
2024-12-31,ETF - Broad Equity,Hedge Fund - Activist,5546825224.0,0.18697573533098721,0.10524547621818794,0.08173025911279927,4926067600.0,620757624.0
2024-12-31,ETF - Broad Equity,Hedge Fund - Global Macro,18854661540.0,0.39206344222131384,0.344568960990148,0.04749448123116584,15553844634.0,3300816906.0
2024-12-31,ETF - Broad Equity,Hedge Fund - Long/Short,744750.0,7.63074293671593e-06,0.0045488825789172255,-0.004541251835980509,429267880.0,-428523130.0
2024-12-31,ETF - Broad Equity,Hedge Fund - Multi-strategy,160120958687.0,0.17888277764222765,0.1908015907796592,-0.011918813137431539,158360122061.0,1760836626.0
2024-12-31,ETF - Broad Equity,Hedge Fund - Opportunistic,202034176.0,0.03125576148227988,0.027545770904312584,0.003709990577967299,185436300.0,16597876.0
2024-12-31,ETF - Broad Equity,Hedge Fund - Quant,27728505835.0,0.08085600077394028,0.06884737978835978,0.012008620985580504,21801749539.0,5926756296.0
2024-12-31,ETF - Broad Equity,Market Maker - Quant,260209657467.0,0.23169380656786326,0.25198861576306486,-0.020294809195201602,258492221684.0,1717435783.0
2024-12-31,ETF - Broad Equity,Pension Fund,9202878572.0,0.06155021899699034,,,,
2024-12-31,ETF - Commodity,Asset Manager - Active,1134118611.0,0.0006764862394786449,0.000553126064015877,0.0001233601754627679,1225312965.0,-91194354.0
2024-12-31,ETF - Commodity,Asset Manager - Index,188055687.0,2.2723142914087048e-05,2.353112635458031e-05,-8.079834404932635e-07,189239408.0,-1183721.0
2024-12-31,ETF - Commodity,Hedge Fund - Global Macro,99136334.0,0.0020614388794402017,0.001468766672679659,0.0005926722067605427,66300135.0,32836199.0
2024-12-31,ETF - Commodity,Hedge Fund - Multi-strategy,5206969127.0,0.005817084210417654,0.005685389829361572,0.00013169438105608156,4718718663.0,488250464.0
2024-12-31,ETF - Commodity,Hedge Fund - Quant,635049490.0,0.0018517969327477247,0.002825132864424078,-0.0009733359316763533,894628660.0,-259579170.0
2024-12-31,ETF - Commodity,Market Maker - Quant,14693729981.0,0.013083473784634538,0.013171984536160638,-8.851075152610001e-05,13511941944.0,1181788037.0
2024-12-31,ETF - Fixed Income,Asset Manager - Active,6659418692.0,0.0039722521651352006,0.003193539937758789,0.0007787122273764115,7074491955.0,-415073263.0
2024-12-31,ETF - Fixed Income,Asset Manager - Index,5929125074.0,0.0007164279823773633,0.0006501214293878838,6.630655298947954e-05,5228334274.0,700790800.0
2024-12-31,ETF - Fixed Income,Asset Manager - Value,291461.0,1.1760314942749856e-06,1.7543861601305736e-06,-5.78354665855588e-07,444657.0,-153196.0
2024-12-31,ETF - Fixed Income,Family Office - Macro,263175270.0,0.03957920975188522,0.02118043865754314,0.018398771094342077,146673282.0,116501988.0
2024-12-31,ETF - Fixed Income,Hedge Fund - Global Macro,325690012.0,0.006772391375518746,0.0059947036733865085,0.0007776877021322378,270600954.0,55089058.0
2024-12-31,ETF - Fixed Income,Hedge Fund - Multi-strategy,7288865681.0,0.008142922385489347,0.011560522466482358,-0.0034176000809930107,9594918687.0,-2306053006.0
2024-12-31,ETF - Fixed Income,Hedge Fund - Quant,1510524929.0,0.004404673138720535,0.005800678648250063,-0.0013960055095295285,1836888251.0,-326363322.0
2024-12-31,ETF - Fixed Income,Market Maker - Quant,22700358519.0,0.020212672069595844,0.022291699887086052,-0.002079027817490208,22867029177.0,-166670658.0
2024-12-31,ETF - International Equity,Asset Manager - Active,4390192929.0,0.0026186900349922464,0.0020880566107075965,0.0005306334242846499,4625569112.0,-235376183.0
2024-12-31,ETF - International Equity,Asset Manager - Index,4052995921.0,0.0004897315630933025,0.000520775628531707,-3.1044065438404407e-05,4188123856.0,-135127935.0
2024-12-31,ETF - International Equity,Asset Manager - Value,75626.0,3.0514737061232916e-07,3.658132484337959e-07,-6.066587782146674e-08,92717.0,-17091.0
2024-12-31,ETF - International Equity,Family Office - Macro,20613605.0,0.0031001020576040825,0.0027709936868060238,0.00032910837079805876,19188967.0,1424638.0
2024-12-31,ETF - International Equity,Hedge Fund - Global Macro,493145310.0,0.01025445337980312,0.017035888463099284,-0.006781435083296164,769000091.0,-275854781.0
2024-12-31,ETF - International Equity,Hedge Fund - Multi-strategy,4454389461.0,0.004976322687659735,0.008566413897966531,-0.0035900912103067964,7109890148.0,-2655500687.0
2024-12-31,ETF - International Equity,Hedge Fund - Quant,420755397.0,0.0012269178479328456,0.0012930905876887768,-6.617273975593118e-05,409480175.0,11275222.0
2024-12-31,ETF - International Equity,Market Maker - Quant,9915612392.0,0.008828980453368884,0.012858660385623461,-0.004029679932254577,13190531171.0,-3274918779.0
2024-12-31,ETF - Sector,Asset Manager - Active,323745712.0,0.00019310988915445672,0.00014699891567952533,4.611097347493139e-05,325639468.0,-1893756.0
2024-12-31,ETF - Sector,Asset Manager - Index,1060482472.0,0.00012814020758191862,0.00013219615497867497,-4.055947396756356e-06,1063133219.0,-2650747.0
2024-12-31,ETF - Sector,Family Office - Macro,23983945.0,0.0036069710874911567,0.03394296207111182,-0.03033599098362066,235053000.0,-211069055.0
2024-12-31,ETF - Sector,Hedge Fund - Activist,1453469214.0,0.04899441826519718,0.059231747113026804,-0.010237328847829623,2772371800.0,-1318902586.0
2024-12-31,ETF - Sector,Hedge Fund - Global Macro,1230734765.0,0.02559187325657715,0.01574654004688017,0.00984533320969698,710798897.0,519935868.0
2024-12-31,ETF - Sector,Hedge Fund - Multi-strategy,20826605999.0,0.023266917463590425,0.022333988406543916,0.0009329290570465089,18536601900.0,2290004099.0
2024-12-31,ETF - Sector,Hedge Fund - Quant,1741581067.0,0.0050784301519588805,0.0045791316962121515,0.000499298455746729,1450063643.0,291517424.0
2024-12-31,ETF - Sector,Market Maker - Quant,20935210852.0,0.018640963370915132,0.02158410060312441,-0.002943137232209278,22141167374.0,-1205956522.0
2024-12-31,ETF - Thematic,Asset Manager - Active,2103630.0,1.2547865224605346e-06,8.060847948278025e-07,4.487017276327321e-07,1785680.0,317950.0
2024-12-31,ETF - Thematic,Hedge Fund - Global Macro,1021463.0,2.124028050209751e-05,0.00010264901021413931,-8.14087297120418e-05,3969703.0,-2948240.0
2024-12-31,ETF - Thematic,Hedge Fund - Multi-strategy,731368899.0,0.0008170654310782595,0.0005939355728353768,0.00022312985824288277,492950344.0,238418555.0
2024-12-31,ETF - Thematic,Hedge Fund - Quant,42796260.0,0.00012479339681238723,0.00027053616472906046,-0.00014574276791667323,85670097.0,-42873837.0
2024-12-31,ETF - Thematic,Market Maker - Quant,1679343746.0,0.00149530785611222,0.001262129668428605,0.00023317818768361486,1294704132.0,384639614.0
2024-12-31,Energy,Asset Manager - Active,43911793208.0,0.026192784042095067,0.031236756112728293,-0.005043972070633226,69197249487.0,-25285456279.0
2024-12-31,Energy,Asset Manager - Growth,1432138161.0,0.011004549698034447,0.013312720432086861,-0.0023081707340524144,1778985802.0,-346847641.0
2024-12-31,Energy,Asset Manager - Index,301074990576.0,0.03637949028744799,0.03965508573906403,-0.0032755954516160424,318909721378.0,-17834730802.0
2024-12-31,Energy,Asset Manager - Value,11908602660.0,0.048050654396186346,0.049940896310351805,-0.0018902419141654594,12657742996.0,-749140336.0
2024-12-31,Energy,Conglomerate / Long-only Value,30232605181.0,0.11315636386902814,0.11496775094112642,-0.0018113870720982833,30624983089.0,-392377908.0
2024-12-31,Energy,Family Office - Macro,29845889.0,0.004488555102318253,0.009085608324819515,-0.0045970532225012625,62917299.0,-33071410.0
2024-12-31,Energy,Hedge Fund - Activist,4388011066.0,0.14791372768623207,0.11396227504874244,0.033951452637489624,5334061766.0,-946050700.0
2024-12-31,Energy,Hedge Fund - Event Driven,264312353.0,0.029062782842266186,0.027918933221877974,0.0011438496203882119,247255918.0,17056435.0
2024-12-31,Energy,Hedge Fund - Global Macro,1357068608.0,0.0282188565758241,0.03168738605347832,-0.0034685294776542162,1430368766.0,-73300158.0
2024-12-31,Energy,Hedge Fund - Long/Short,2296906288.0,0.023534208034178456,0.026635560617528174,-0.0031013525833497174,2513538312.0,-216632024.0
2024-12-31,Energy,Hedge Fund - Long/Short Growth,2093304562.0,0.02785442763581486,0.04110723662024564,-0.013252808984430778,2898688543.0,-805383981.0
2024-12-31,Energy,Hedge Fund - Multi-strategy,22303063431.0,0.02491637552749667,0.026205302147325225,-0.0012889266198285558,21749686833.0,553376598.0
2024-12-31,Energy,Hedge Fund - Opportunistic,354394959.0,0.05482678489517714,0.04771564490667156,0.0071111399885055784,321218552.0,33176407.0
2024-12-31,Energy,Hedge Fund - Quant,10156623070.0,0.029616594839090068,0.027475948930954317,0.0021406459081357507,8700748798.0,1455874272.0
2024-12-31,Energy,Market Maker - Quant,16760911626.0,0.01492411716758818,0.016493300446526863,-0.001569183278938683,16918978115.0,-158066489.0
2024-12-31,Energy,Pension Fund,3966016474.0,0.026525307338410402,0.029926859227778747,-0.0034015518893683455,4278020337.0,-312003863.0
2024-12-31,Financials,Asset Manager - Active,168170786388.0,0.10031157391330792,0.09766271431646685,0.002648859596841066,216347407642.0,-48176621254.0
2024-12-31,Financials,Asset Manager - Growth,5754145868.0,0.04421485712658526,0.05223727029929758,-0.008022413172712323,6980493782.0,-1226347914.0
2024-12-31,Financials,Asset Manager - Index,921794686597.0,0.1113822864659749,0.1073900910670566,0.003992195398918291,863640649936.0,58154036661.0
2024-12-31,Financials,Asset Manager - Value,44857499446.0,0.18099791087973596,0.18292295978254808,-0.0019250489028121154,46362640322.0,-1505140876.0
2024-12-31,Financials,Conglomerate / Long-only Value,102615257662.0,0.3840743913730849,0.3888549231241888,-0.004780531751103878,103582746877.0,-967489215.0
2024-12-31,Financials,Family Office - Macro,173280804.0,0.026059885062495847,0.029732890793381022,-0.0036730057308851753,205898506.0,-32617702.0
2024-12-31,Financials,Foundation / Endowment,8909229279.0,0.2120443537408289,0.22598089070949562,-0.01393653696866673,10189057759.0,-1279828480.0
2024-12-31,Financials,Hedge Fund - Activist,111990449.0,0.0037750417051580104,0.0012789496400034074,0.002496092065154603,59861883.0,52128566.0
2024-12-31,Financials,Hedge Fund - Event Driven,953181600.0,0.10480822986750012,0.07185160415872147,0.03295662570877865,636332850.0,316848750.0
2024-12-31,Financials,Hedge Fund - Global Macro,2641943230.0,0.05493651289945649,0.05024887323874442,0.004687639660712069,2268234391.0,373708839.0
2024-12-31,Financials,Hedge Fund - Long/Short,14851651672.0,0.15217070976123442,0.13042990107532793,0.0217408086859065,12308378190.0,2543273482.0
2024-12-31,Financials,Hedge Fund - Long/Short Growth,6808697278.0,0.0905995090571157,0.07308156135133352,0.017517947705782175,5153367193.0,1655330085.0
2024-12-31,Financials,Hedge Fund - Multi-strategy,58843522867.0,0.0657383824267441,0.06378906700918166,0.001949315417562436,52943187719.0,5900335148.0
2024-12-31,Financials,Hedge Fund - Quant,28997931876.0,0.08455763235713215,0.08289202490823062,0.0016656074489015266,26249236665.0,2748695211.0
2024-12-31,Financials,Hedge Fund - Value,584793.0,0.17026891046974169,0.30321994801921,-0.1329510375494683,1066212.0,-481419.0
2024-12-31,Financials,Market Maker - Quant,61788163165.0,0.055016923137645814,0.04989612378993818,0.005120799347707636,51183899133.0,10604264032.0
2024-12-31,Financials,Pension Fund,15265027917.0,0.10209477436170623,0.10550861410047709,-0.003413839738770852,15082371104.0,182656813.0
2024-12-31,Health Care,Asset Manager - Active,111114704224.0,0.0662784012908467,0.09879762763650626,-0.03251922634565957,218861525301.0,-107746821077.0
2024-12-31,Health Care,Asset Manager - Growth,7035025846.0,0.05405713893916959,0.07016605234171593,-0.01610891340254634,9376326314.0,-2341300468.0
2024-12-31,Health Care,Asset Manager - Index,626461922264.0,0.07569664080320294,0.08756217732522144,-0.011865536522018494,704182806659.0,-77720884395.0
2024-12-31,Health Care,Asset Manager - Value,21862316847.0,0.08821342529494719,0.08856558565529934,-0.00035216036035215503,22447342846.0,-585025999.0
2024-12-31,Health Care,Conglomerate / Long-only Value,5398092493.0,0.020204296476588755,0.022213271317010185,-0.0020089748404214305,5917146790.0,-519054297.0
2024-12-31,Health Care,Family Office - Macro,377345236.0,0.05674935279640306,0.04656040250975064,0.01018895028665242,322428027.0,54917209.0
2024-12-31,Health Care,Foundation / Endowment,85622150.0,0.0020378523095645556,0.0022999720732739377,-0.0002621197637093821,103701460.0,-18079310.0
2024-12-31,Health Care,Hedge Fund - Activist,1259862262.0,0.04246819817469174,0.01734112845143663,0.02512706972325511,811660264.0,448201998.0
2024-12-31,Health Care,Hedge Fund - Contrarian Value,14466500.0,0.18682088882887019,0.07966497981266384,0.10715590901620635,10336800.0,4129700.0
2024-12-31,Health Care,Hedge Fund - Event Driven,831324122.0,0.09140924423318043,0.09675895072024478,-0.005349706487064343,856917526.0,-25593404.0
2024-12-31,Health Care,Hedge Fund - Global Macro,1997385583.0,0.04153359451469664,0.043187591881933426,-0.001653997367236787,1949488115.0,47897468.0
2024-12-31,Health Care,Hedge Fund - Long/Short,10493570392.0,0.10751760745174274,0.12177380261602694,-0.014256195164284197,11491521529.0,-997951137.0
2024-12-31,Health Care,Hedge Fund - Long/Short Growth,2705139449.0,0.03599577070379431,0.052550477297147256,-0.016554706593352946,3705611931.0,-1000472482.0
2024-12-31,Health Care,Hedge Fund - Multi-strategy,39490529729.0,0.04411774514974858,0.04920247780830042,-0.00508473265855184,40836716086.0,-1346186357.0
2024-12-31,Health Care,Hedge Fund - Opportunistic,88272570.0,0.013656236028838283,0.015155624883003989,-0.001499388854165706,102026660.0,-13754090.0
2024-12-31,Health Care,Hedge Fund - Quant,24008765875.0,0.0700092822787453,0.06981303210769396,0.0001962501710513348,22107540552.0,1901225323.0
2024-12-31,Health Care,Hedge Fund - Value,87784.0,0.025559276593043696,0.04318344481895247,-0.017624168225908773,156933.0,-69149.0
2024-12-31,Health Care,Market Maker - Quant,37286150596.0,0.033200036647161896,0.03420109233155824,-0.0010010556843963458,35083792631.0,2202357965.0
2024-12-31,Health Care,Pension Fund,11826065473.0,0.07909448267094837,0.09954522902772099,-0.020450746356772617,14229910028.0,-2403844555.0
2024-12-31,Industrials,Asset Manager - Active,36014966249.0,0.021482434770428372,0.0270819057201751,-0.005599470949746728,59993213762.0,-23978247513.0
2024-12-31,Industrials,Asset Manager - Growth,377849783.0,0.002903397750753065,0.0031784127797235863,-0.0002750150289705213,424732964.0,-46883181.0
2024-12-31,Industrials,Asset Manager - Index,250592856493.0,0.030279633560562014,0.03264183693300268,-0.002362203372440669,262508551616.0,-11915695123.0
2024-12-31,Industrials,Asset Manager - Value,12828041076.0,0.051760545373923696,0.05522618713341459,-0.0034656417594908923,13997323537.0,-1169282461.0
2024-12-31,Industrials,Conglomerate / Long-only Value,195325757.0,0.0007310766736693874,0.0008029322990526842,-7.185562538329681e-05,213884223.0,-18558466.0
2024-12-31,Industrials,Family Office - Macro,93428138.0,0.014050757393086661,0.013648720892139612,0.0004020365009470492,94516583.0,-1088445.0
2024-12-31,Industrials,Foundation / Endowment,4270074797.0,0.10163003133044254,0.09899931611874335,0.0026307152116991916,4463694903.0,-193620106.0
2024-12-31,Industrials,Hedge Fund - Activist,10937000.0,0.0003686710027326809,0.027404026160965975,-0.027035355158233295,1282659267.0,-1271722267.0
2024-12-31,Industrials,Hedge Fund - Global Macro,798912378.0,0.016612567469715258,0.01670000389710856,-8.743642739330107e-05,753838260.0,45074118.0
2024-12-31,Industrials,Hedge Fund - Long/Short,1940995342.0,0.019887528024390762,0.01583048937023441,0.004057038654156353,1493887893.0,447107449.0
2024-12-31,Industrials,Hedge Fund - Long/Short Growth,1004265946.0,0.013363202673787588,0.024439477822527585,-0.011076275148739998,1723356766.0,-719090820.0
2024-12-31,Industrials,Hedge Fund - Multi-strategy,18780867820.0,0.02098147444108382,0.01929030572161847,0.0016911687194653482,16010428195.0,2770439625.0
2024-12-31,Industrials,Hedge Fund - Opportunistic,90480000.0,0.013997737189358914,0.015742223065532846,-0.0017444858761739325,105975600.0,-15495600.0
2024-12-31,Industrials,Hedge Fund - Quant,9243231594.0,0.0269531559098584,0.026380842080222316,0.0005723138296360834,8353963701.0,889267893.0
2024-12-31,Industrials,Market Maker - Quant,24521563867.0,0.021834295201217636,0.019539329720366188,0.0022949654808514484,20043622742.0,4477941125.0
2024-12-31,Industrials,Pension Fund,3342626996.0,0.022355985903695346,0.026316981817275622,-0.003960995913580276,3761991279.0,-419364283.0
2024-12-31,Information Technology,Asset Manager - Active,406754926813.0,0.24262375042634568,0.22188394438601977,0.02073980604032591,491528588994.0,-84773662181.0
2024-12-31,Information Technology,Asset Manager - Growth,19578789281.0,0.15044341777728007,0.14569857668123895,0.004744841096041119,19469777091.0,109012190.0
2024-12-31,Information Technology,Asset Manager - Index,1982175786935.0,0.23951024510823202,0.22747526402716883,0.012034981081063184,1829376275937.0,152799510998.0
2024-12-31,Information Technology,Asset Manager - Value,6814088269.0,0.027494527257896324,0.03242132493442364,-0.0049267976765273135,8217329462.0,-1403241193.0
2024-12-31,Information Technology,Conglomerate / Long-only Value,77872660741.0,0.29146635169223983,0.27154723482006926,0.019919116872170572,72334453846.0,5538206895.0
2024-12-31,Information Technology,Family Office - Macro,319702013.0,0.04808032696471418,0.03289565823133486,0.015184668733379321,227800483.0,91901530.0
2024-12-31,Information Technology,Foundation / Endowment,11994729611.0,0.28548088830260293,0.2763543522696859,0.009126536032917021,12460303384.0,-465573773.0
2024-12-31,Information Technology,Hedge Fund - Activist,1151684001.0,0.03882166000547278,0.028216301842832667,0.010605358162640115,1320678240.0,-168994239.0
2024-12-31,Information Technology,Hedge Fund - Event Driven,809092200.0,0.08896470649622419,0.10919201540963569,-0.0202273089134115,967027350.0,-157935150.0
2024-12-31,Information Technology,Hedge Fund - Global Macro,3624204699.0,0.07536163757647599,0.09403058796092134,-0.018668950384445354,4244541214.0,-620336515.0
2024-12-31,Information Technology,Hedge Fund - Long/Short,17875224188.0,0.1831503735680359,0.18875376899211121,-0.005603395424075314,17812271223.0,62952965.0
2024-12-31,Information Technology,Hedge Fund - Long/Short Growth,18812795164.0,0.2503312948510384,0.26022472779847444,-0.009893432947436054,18349821080.0,462974084.0
2024-12-31,Information Technology,Hedge Fund - Multi-strategy,158169498156.0,0.1767026590424706,0.1661361414316791,0.010566517610791498,137888471099.0,20281027057.0
2024-12-31,Information Technology,Hedge Fund - Opportunistic,1282619634.0,0.19842807858801634,0.22115704149680354,-0.022728962908787204,1488814513.0,-206194879.0
2024-12-31,Information Technology,Hedge Fund - Quant,46493181645.0,0.13557357736622042,0.13748385134044155,-0.0019102739742211383,43536711227.0,2956470418.0
2024-12-31,Information Technology,Market Maker - Quant,251573768589.0,0.22400430731284562,0.22441006308160155,-0.00040575576875592767,230201890663.0,21371877926.0
2024-12-31,Information Technology,Pension Fund,38570564619.0,0.25796566591240877,0.26264503954964435,-0.004679373637235584,37544896110.0,1025668509.0
2024-12-31,Materials,Asset Manager - Active,7192065180.0,0.0042899685099193775,0.0057121012772532506,-0.001422132767333873,12653737019.0,-5461671839.0
2024-12-31,Materials,Asset Manager - Growth,1198953129.0,0.009212755900926241,0.010645210634377797,-0.001432454733451556,1422525071.0,-223571942.0
2024-12-31,Materials,Asset Manager - Index,46809549884.0,0.005656091069227908,0.00696144625939509,-0.0013053551901671817,55984569081.0,-9175019197.0
2024-12-31,Materials,Asset Manager - Value,7915979.0,3.1940604787671104e-05,3.274569696329661e-05,-8.05092175625507e-07,8299543.0,-383564.0
2024-12-31,Materials,Conglomerate / Long-only Value,586589315.0,0.0021955208151078843,0.0024062591098230816,-0.00021073829471519737,640976656.0,-54387341.0
2024-12-31,Materials,Family Office - Macro,28899.0,4.346151454959013e-06,0.0016574491355277182,-0.0016531029840727593,11477737.0,-11448838.0
2024-12-31,Materials,Hedge Fund - Activist,2012588534.0,0.06784155005194077,0.04625820169758744,0.021583348354353334,2165138463.0,-152549929.0
2024-12-31,Materials,Hedge Fund - Event Driven,52788015.0,0.005804369713356871,0.006426515411073665,-0.0006221456977167942,56914566.0,-4126551.0
2024-12-31,Materials,Hedge Fund - Global Macro,499202947.0,0.010380415758332625,0.009673328207682599,0.0007070875506500259,436654084.0,62548863.0
2024-12-31,Materials,Hedge Fund - Long/Short,361186093.0,0.0037007294098687785,0.0052373915770480214,-0.001536662167179243,494240935.0,-133054842.0
2024-12-31,Materials,Hedge Fund - Long/Short Growth,10877923.0,0.00014474640935286228,0.0015406549860964604,-0.0013959085767435981,85474801.0,-74596878.0
2024-12-31,Materials,Hedge Fund - Multi-strategy,6614242455.0,0.007389251676055616,0.007931278224559525,-0.0005420265485039091,6582744843.0,31497612.0
2024-12-31,Materials,Hedge Fund - Quant,3207456019.0,0.009352904476637605,0.011195102863148712,-0.0018421983865111076,3545128797.0,-337672778.0
2024-12-31,Materials,Market Maker - Quant,6326258896.0,0.005632976958720052,0.007092286096887459,-0.001459309138167407,7275331802.0,-949072906.0
2024-12-31,Materials,Pension Fund,478506900.0,0.0032003252304317114,0.004466812175474503,-0.0012664869450427912,638527190.0,-160020290.0
2024-12-31,Real Estate,Asset Manager - Active,13928953574.0,0.008308430292700569,0.010085621853953392,-0.0017771915612528229,22342182048.0,-8413228474.0
2024-12-31,Real Estate,Asset Manager - Growth,29403543.0,0.0002259368258268155,0.0005893834946755799,-0.00036344666884876437,78759625.0,-49356082.0
2024-12-31,Real Estate,Asset Manager - Index,123210007615.0,0.014887710423143963,0.016807285037329985,-0.0019195746141860218,135165678966.0,-11955671351.0
2024-12-31,Real Estate,Asset Manager - Value,772926146.0,0.0031187208252376327,0.0021578683844123733,0.0009608524408252594,546921370.0,226004776.0
2024-12-31,Real Estate,Family Office - Macro,13456100.0,0.002023677241187376,5.189502911894532e-06,0.0020184877382754813,35937.0,13420163.0
2024-12-31,Real Estate,Hedge Fund - Event Driven,29236215.0,0.003214703202596079,0.004062359695545454,-0.0008476564929493753,35977108.0,-6740893.0
2024-12-31,Real Estate,Hedge Fund - Global Macro,444729889.0,0.009247704116572691,0.014022147350431726,-0.004774443233859034,632959802.0,-188229913.0
2024-12-31,Real Estate,Hedge Fund - Long/Short,1051013300.0,0.010768730869915408,0.008892579890385017,0.0018761509795303909,839172885.0,211840415.0
2024-12-31,Real Estate,Hedge Fund - Multi-strategy,4558343998.0,0.005092457867461038,0.005386316847335552,-0.00029385897987451413,4470496236.0,87847762.0
2024-12-31,Real Estate,Hedge Fund - Quant,1772913052.0,0.005169793856100896,0.00567369528681423,-0.0005039014307133341,1796676707.0,-23763655.0
2024-12-31,Real Estate,Market Maker - Quant,1682063624.0,0.0014977296681746724,0.002000800282517709,-0.0005030706143430365,2052439189.0,-370375565.0
2024-12-31,Real Estate,Pension Fund,1812158959.0,0.012119988317912583,0.013578995360473864,-0.001459007042561281,1941106411.0,-128947452.0
2024-12-31,Unclassified,Asset Manager - Active,459540089528.0,0.2741093780132637,0.28430565030307126,-0.010196272289807573,629808324001.0,-170268234473.0
2024-12-31,Unclassified,Asset Manager - Growth,47498196479.0,0.36497614403011513,0.3360713988400129,0.02890474519010222,44909396997.0,2588799482.0
2024-12-31,Unclassified,Asset Manager - Index,2243020454359.0,0.27102862538594763,0.2765933697832953,-0.005564744397347665,2224388444726.0,18632009633.0
2024-12-31,Unclassified,Asset Manager - Value,101405464858.0,0.40916630480442767,0.4073425933400634,0.001823711464364275,103242797762.0,-1837332904.0
2024-12-31,Unclassified,Conglomerate / Long-only Value,4304106442.0,0.016109661465365997,0.015364415106720913,0.0007452463586450839,4092756003.0,211350439.0
2024-12-31,Unclassified,Family Office - Macro,3445923024.0,0.5182360415389584,0.4497384655876781,0.06849757595128031,3114412211.0,331510813.0
2024-12-31,Unclassified,Foundation / Endowment,14915799437.0,0.35500389013464567,0.3567313767844446,-0.0017274866497989372,16084353819.0,-1168554382.0
2024-12-31,Unclassified,Hedge Fund - Activist,13141093942.0,0.44296793276049173,0.374977264997703,0.06799066776278873,17551000026.0,-4409906084.0
2024-12-31,Unclassified,Hedge Fund - Contrarian Value,25076881.0,0.32384372152737756,0.3103495920626342,0.013494129464743376,40268907.0,-15192026.0
2024-12-31,Unclassified,Hedge Fund - Event Driven,4506123883.0,0.4954762741338022,0.5282266550570496,-0.03275038092324739,4678085852.0,-171961969.0
2024-12-31,Unclassified,Hedge Fund - Global Macro,10720623350.0,0.2229244202788905,0.22576568662538254,-0.0028412663464920385,10191064231.0,529559119.0
2024-12-31,Unclassified,Hedge Fund - Long/Short,29894457996.0,0.3062999989257174,0.3186644765456538,-0.012364477619936365,30071654281.0,-177196285.0
2024-12-31,Unclassified,Hedge Fund - Long/Short Growth,18625068905.0,0.24783332700078833,0.20396738668238357,0.04386594031840477,14382818587.0,4242250318.0
2024-12-31,Unclassified,Hedge Fund - Multi-strategy,224753103792.0,0.25108805130635903,0.255579374950364,-0.004491323644004952,212123918087.0,12629185705.0
2024-12-31,Unclassified,Hedge Fund - Opportunistic,1227256783.0,0.18986315110844476,0.15233287324882733,0.037530277859617434,1025494784.0,201761999.0
2024-12-31,Unclassified,Hedge Fund - Quant,130826352364.0,0.38148812312285807,0.39027423667252636,-0.008786113549668295,123587290985.0,7239061379.0
2024-12-31,Unclassified,Hedge Fund - Value,2031081.0,0.5913715604424017,0.5671915272279178,0.02418003321448392,1994415.0,36666.0
2024-12-31,Unclassified,Market Maker - Quant,162855859915.0,0.14500881509509053,0.14431917282234977,0.0006896422727407647,148043924530.0,14811935385.0
2024-12-31,Unclassified,Pension Fund,33551096022.0,0.22439471428279012,0.2418849830322128,-0.017490268749422694,34577262811.0,-1026166789.0
2024-12-31,Utilities,Asset Manager - Active,7698059808.0,0.004591787384746145,0.005970817377797021,-0.0013790299930508763,13226858072.0,-5528798264.0
2024-12-31,Utilities,Asset Manager - Growth,6771364.0,5.2031161301818924e-05,0.00022572396025520388,-0.00017369279895338495,30163611.0,-23392247.0
2024-12-31,Utilities,Asset Manager - Index,65570049090.0,0.007922959523982772,0.009126513791861598,-0.0012035542678788258,73396234462.0,-7826185372.0
2024-12-31,Utilities,Asset Manager - Value,1069274425.0,0.004314472261547089,0.004695733949845531,-0.0003812616882984416,1190154721.0,-120880296.0
2024-12-31,Utilities,Family Office - Macro,30745.0,4.6237733652622875e-06,0.00059111307505123,-0.0005864893016859677,4093423.0,-4062678.0
2024-12-31,Utilities,Hedge Fund - Activist,111164819.0,0.003747210870378255,0.002642077712665012,0.001105133157713243,123663780.0,-12498961.0
2024-12-31,Utilities,Hedge Fund - Event Driven,1799650.0,0.00019788268141248904,6.54907732832879e-05,0.00013239190812920114,580000.0,1219650.0
2024-12-31,Utilities,Hedge Fund - Global Macro,133887286.0,0.0027840494568129766,0.0023581524396699706,0.00042589701714300593,106447013.0,27440273.0
2024-12-31,Utilities,Hedge Fund - Long/Short,195994375.0,0.0020081674288919813,0.0027831684935866207,-0.0007750010646946394,262641389.0,-66647014.0
2024-12-31,Utilities,Hedge Fund - Multi-strategy,2322678022.0,0.0025948326786882268,0.0025579153024320274,3.69173762561994e-05,2123000012.0,199678010.0
2024-12-31,Utilities,Hedge Fund - Quant,2535374571.0,0.007393122784720886,0.0050239392641180025,0.0023691835206028833,1590919885.0,944454686.0
2024-12-31,Utilities,Market Maker - Quant,1564780175.0,0.0013932990755105086,0.002022456253826733,-0.0006291571783162242,2074654082.0,-509873907.0
2024-12-31,Utilities,Pension Fund,1702569376.0,0.011387036907039742,0.011938259332546863,-0.0005512224255071214,1706564522.0,-3995146.0
2025-03-31,Communication Services,Asset Manager - Active,203982752341.0,0.09774049244743874,0.11240525285801464,-0.014664760410575906,188445650186.0,15537102155.0
2025-03-31,Communication Services,Asset Manager - Growth,15609819627.0,0.13622788652493859,0.1227082540424426,0.013519632482495991,15969319791.0,-359500164.0
2025-03-31,Communication Services,Asset Manager - Index,581497662629.0,0.07307269734036667,0.07403373877007503,-0.0009610414297083619,612699821421.0,-31202158792.0
2025-03-31,Communication Services,Asset Manager - Value,24606290187.0,0.10470734272187034,0.10485019958239168,-0.00014285686052134539,25985480975.0,-1379190788.0
2025-03-31,Communication Services,Family Office - Macro,243536366.0,0.03630555264614517,0.05767166015561675,-0.02136610750947158,383477963.0,-139941597.0
2025-03-31,Communication Services,Hedge Fund - Activist,1938095424.0,0.04836408837929253,0.00875790803227914,0.03960618034701339,259812243.0,1678283181.0
2025-03-31,Communication Services,Hedge Fund - Event Driven,379855713.0,0.04577692564693334,0.067514049000747,-0.021737123353813663,614008550.0,-234152837.0
2025-03-31,Communication Services,Hedge Fund - Global Macro,2127251155.0,0.04118605123180096,0.0429712883944848,-0.0017852371626838406,2066525494.0,60725661.0
2025-03-31,Communication Services,Hedge Fund - Long/Short,6566772391.0,0.06898661417976364,0.07575133456216171,-0.006764720382398073,7393225913.0,-826453522.0
2025-03-31,Communication Services,Hedge Fund - Long/Short Growth,14031051841.0,0.21315062058852274,0.2007905416500228,0.012360078938499941,15089728726.0,-1058676885.0
2025-03-31,Communication Services,Hedge Fund - Multi-strategy,48533334151.0,0.059204148416771005,0.06050036287176402,-0.0012962144549930124,54154884174.0,-5621550023.0
2025-03-31,Communication Services,Hedge Fund - Opportunistic,686020300.0,0.08183698209274938,0.11120604013362363,-0.029369058040874252,718824934.0,-32804634.0
2025-03-31,Communication Services,Hedge Fund - Quant,16885749988.0,0.050410077769619116,0.0497286341695837,0.000681443600035414,17053783387.0,-168033399.0
2025-03-31,Communication Services,Hedge Fund - Value,339797.0,0.09719421451907889,0.11223819531428791,-0.015043980795209022,385485.0,-45688.0
2025-03-31,Communication Services,Market Maker - Quant,64349036876.0,0.06547306292345054,0.06074912310097849,0.004723939822472045,68225856995.0,-3876820119.0
2025-03-31,Communication Services,Pension Fund,11137367301.0,0.07782229852060389,0.07576955388891572,0.0020527446316881692,11328928073.0,-191560772.0
2025-03-31,Consumer Discretionary,Asset Manager - Active,165271601750.0,0.07919163535756998,0.08221895773807857,-0.003027322380508582,137838798051.0,27432803699.0
2025-03-31,Consumer Discretionary,Asset Manager - Growth,28726691544.0,0.25069966017570466,0.23731200968642685,0.013387650489277814,30883915695.0,-2157224151.0
2025-03-31,Consumer Discretionary,Asset Manager - Index,614863490080.0,0.07726554482287387,0.08572043945058078,-0.008454894627706905,709418419440.0,-94554929360.0
2025-03-31,Consumer Discretionary,Asset Manager - Value,14070276115.0,0.059873358079106334,0.057559644141909096,0.0023137139371972384,14265256945.0,-194980830.0
2025-03-31,Consumer Discretionary,Conglomerate / Long-only Value,413811943.0,0.37396575831927165,0.012793269096303638,0.361172489222968,3418047738.0,-3004235795.0
2025-03-31,Consumer Discretionary,Family Office - Macro,393722518.0,0.05869478074260925,0.13219700836638681,-0.07350222762377756,879021678.0,-485299160.0
2025-03-31,Consumer Discretionary,Foundation / Endowment,307422340.0,0.0073534793752015794,0.007148635668264702,0.00020484370693687765,300356190.0,7066150.0
2025-03-31,Consumer Discretionary,Hedge Fund - Activist,3464667590.0,0.08645884379717231,0.007367946114438407,0.0790908976827339,218577610.0,3246089980.0
2025-03-31,Consumer Discretionary,Hedge Fund - Contrarian Value,66564000.0,0.3341146944409587,0.3925059544355907,-0.05839125999463202,30393750.0,36170250.0
2025-03-31,Consumer Discretionary,Hedge Fund - Event Driven,675807750.0,0.08144250583739758,0.11354775782891445,-0.03210525199151687,1032663500.0,-356855750.0
2025-03-31,Consumer Discretionary,Hedge Fund - Global Macro,2886499336.0,0.055885977193443084,0.03617678842347535,0.01970918876996773,1739772261.0,1146727075.0
2025-03-31,Consumer Discretionary,Hedge Fund - Long/Short,8520359240.0,0.08950983840531045,0.07784088370309854,0.011668954702211909,7597163031.0,923196209.0
2025-03-31,Consumer Discretionary,Hedge Fund - Long/Short Growth,9164061680.0,0.13921446918866817,0.1227285361575447,0.016485933031123473,9223244792.0,-59183112.0
2025-03-31,Consumer Discretionary,Hedge Fund - Multi-strategy,72258773590.0,0.08814599760911063,0.09818728994932205,-0.010041292340211422,87889081357.0,-15630307767.0
2025-03-31,Consumer Discretionary,Hedge Fund - Opportunistic,2572961000.0,0.3069345954957055,0.3867662105742611,-0.07983161507855557,2500018843.0,72942157.0
2025-03-31,Consumer Discretionary,Hedge Fund - Quant,24173380484.0,0.07216629353265497,0.08338769287254756,-0.011221399339892593,28596716462.0,-4423335978.0
2025-03-31,Consumer Discretionary,Hedge Fund - Value,259000.0,0.07408335435698794,0.0550681520535876,0.01901520230340034,189133.0,69867.0
2025-03-31,Consumer Discretionary,Market Maker - Quant,106580855049.0,0.10844257144835309,0.12369668132679285,-0.015254109878439753,138920722805.0,-32339867756.0
2025-03-31,Consumer Discretionary,Pension Fund,9565427441.0,0.06683837658149605,0.07264353115981163,-0.005805154578315583,10861530750.0,-1296103309.0
2025-03-31,Consumer Staples,Asset Manager - Active,58678076212.0,0.0281162206069344,0.022313095988639297,0.005803124618295102,37407556803.0,21270519409.0
2025-03-31,Consumer Staples,Asset Manager - Growth,378273810.0,0.0033012195461184736,0.0028895070611380815,0.00041171248498039206,376042041.0,2231769.0
2025-03-31,Consumer Staples,Asset Manager - Index,350366167555.0,0.04402803754068589,0.03987112624631677,0.004156911294369119,329971609388.0,20394558167.0
2025-03-31,Consumer Staples,Asset Manager - Value,7169424818.0,0.030508110561648757,0.024235836290849716,0.006272274270799041,6006472714.0,1162952104.0
2025-03-31,Consumer Staples,Family Office - Macro,5814497.0,0.0008668049474974638,2.4475243862619797e-05,0.000842329703634844,162744.0,5651753.0
2025-03-31,Consumer Staples,Foundation / Endowment,1617959345.0,0.0387012559769474,0.03665434851365071,0.0020469074632966933,1540064563.0,77894782.0
2025-03-31,Consumer Staples,Hedge Fund - Contrarian Value,13200000.0,0.06625674488643493,0.09682943520816152,-0.03057269032172659,7498000.0,5702000.0
2025-03-31,Consumer Staples,Hedge Fund - Global Macro,1113898744.0,0.0215663724659831,0.02208732514210745,-0.0005209526761243491,1062198091.0,51700653.0
2025-03-31,Consumer Staples,Hedge Fund - Long/Short,3406144161.0,0.03578292943388872,0.03736209751782717,-0.0015791680839384453,3646489255.0,-240345094.0
2025-03-31,Consumer Staples,Hedge Fund - Long/Short Growth,724513879.0,0.011006343977903907,0.010358643860740448,0.0006477001171634588,778468570.0,-53954691.0
2025-03-31,Consumer Staples,Hedge Fund - Multi-strategy,17092534857.0,0.02085059656821062,0.020788027242343222,6.256932586739747e-05,18607710005.0,-1515175148.0
2025-03-31,Consumer Staples,Hedge Fund - Quant,8900062489.0,0.026569909097540756,0.023226873724392253,0.003343035373148503,7965351952.0,934710537.0
2025-03-31,Consumer Staples,Hedge Fund - Value,185082.0,0.05294013664517391,0.045493905126937455,0.007446231518236458,156250.0,28832.0
2025-03-31,Consumer Staples,Market Maker - Quant,21724539728.0,0.022104016247131143,0.019086491205783894,0.0030175250413472486,21435572286.0,288967442.0
2025-03-31,Consumer Staples,Pension Fund,7160359196.0,0.05003297420350232,0.05089841502893904,-0.000865440825436721,7610239909.0,-449880713.0
2025-03-31,ETF - Broad Equity,Asset Manager - Active,46430281455.0,0.02224756025596941,0.027412391656330946,-0.005164831400361537,45956446318.0,473835137.0
2025-03-31,ETF - Broad Equity,Asset Manager - Index,51878214086.0,0.006519168141323444,0.006273990009338604,0.00024517813198484013,51923253130.0,-45039044.0
2025-03-31,ETF - Broad Equity,Asset Manager - Value,6939498.0,2.952970114071157e-05,0.00020433710729506258,-0.000174807406154351,50641754.0,-43702256.0
2025-03-31,ETF - Broad Equity,Family Office - Macro,469803469.0,0.07003666375280121,0.0941230073131693,-0.024086343560368095,625855039.0,-156051570.0
2025-03-31,ETF - Broad Equity,Hedge Fund - Activist,2098768956.0,0.05237360659270589,0.18697573533098721,-0.1346021287382813,5546825224.0,-3448056268.0
2025-03-31,ETF - Broad Equity,Hedge Fund - Event Driven,184478085.0,0.02223170349035569,,,,
2025-03-31,ETF - Broad Equity,Hedge Fund - Global Macro,15788377438.0,0.3056813110666655,0.39206344222131384,-0.08638213115464832,18854661540.0,-3066284102.0
2025-03-31,ETF - Broad Equity,Hedge Fund - Long/Short Growth,463292960.0,0.0070380455476426775,0.0022227706658296187,0.004815274881813059,156739309.0,306553651.0
2025-03-31,ETF - Broad Equity,Hedge Fund - Multi-strategy,168329380817.0,0.20533923372720717,0.17888277764222765,0.026456456084979513,160120958687.0,8208422130.0
2025-03-31,ETF - Broad Equity,Hedge Fund - Opportunistic,200704000.0,0.023942454259652624,0.03125576148227988,-0.0073133072226272584,202034176.0,-1330176.0
2025-03-31,ETF - Broad Equity,Hedge Fund - Quant,25379547964.0,0.07576714019408225,0.08085600077394028,-0.005088860579858037,27728505835.0,-2348957871.0
2025-03-31,ETF - Broad Equity,Market Maker - Quant,238014450152.0,0.24217200175849882,0.23169380656786326,0.010478195190635559,260209657467.0,-22195207315.0
2025-03-31,ETF - Broad Equity,Pension Fund,11281431462.0,0.07882894612775031,0.06155021899699034,0.017278727130759966,9202878572.0,2078552890.0
2025-03-31,ETF - Commodity,Asset Manager - Active,1608305481.0,0.0007706365754692227,0.0006764862394786449,9.415033599057779e-05,1134118611.0,474186870.0
2025-03-31,ETF - Commodity,Asset Manager - Index,236857268.0,2.976417717515853e-05,2.2723142914087048e-05,7.041034261071481e-06,188055687.0,48801581.0
2025-03-31,ETF - Commodity,Hedge Fund - Global Macro,488573427.0,0.009459348581206232,0.0020614388794402017,0.00739790970176603,99136334.0,389437093.0
2025-03-31,ETF - Commodity,Hedge Fund - Multi-strategy,7730962203.0,0.009430735424993014,0.005817084210417654,0.00361365121457536,5206969127.0,2523993076.0
2025-03-31,ETF - Commodity,Hedge Fund - Quant,807095998.0,0.002409473790364185,0.0018517969327477247,0.0005576768576164605,635049490.0,172046508.0
2025-03-31,ETF - Commodity,Market Maker - Quant,20020366676.0,0.02037007530748579,0.013083473784634538,0.007286601522851254,14693729981.0,5326636695.0
2025-03-31,ETF - Fixed Income,Asset Manager - Active,6175955860.0,0.0029592745472957066,0.0039722521651352006,-0.001012977617839494,6659418692.0,-483462832.0
2025-03-31,ETF - Fixed Income,Asset Manager - Index,6046401123.0,0.0007598084526460446,0.0007164279823773633,4.338047026868129e-05,5929125074.0,117276049.0
2025-03-31,ETF - Fixed Income,Asset Manager - Value,244622.0,1.0409419460086516e-06,1.1760314942749856e-06,-1.3508954826633403e-07,291461.0,-46839.0
2025-03-31,ETF - Fixed Income,Family Office - Macro,236996016.0,0.035330540063222685,0.03957920975188522,-0.004248669688662533,263175270.0,-26179254.0
2025-03-31,ETF - Fixed Income,Hedge Fund - Global Macro,427349686.0,0.008273985899652763,0.006772391375518746,0.0015015945241340168,325690012.0,101659674.0
2025-03-31,ETF - Fixed Income,Hedge Fund - Multi-strategy,10384216215.0,0.01266734892088663,0.008142922385489347,0.004524426535397282,7288865681.0,3095350534.0
2025-03-31,ETF - Fixed Income,Hedge Fund - Quant,1624391778.0,0.004849397623173542,0.004404673138720535,0.00044472448445300773,1510524929.0,113866849.0
2025-03-31,ETF - Fixed Income,Market Maker - Quant,23298502702.0,0.02370547264553014,0.020212672069595844,0.0034928005759342975,22700358519.0,598144183.0
2025-03-31,ETF - International Equity,Asset Manager - Active,4864174125.0,0.0023307204598005116,0.0026186900349922464,-0.00028796957519173485,4390192929.0,473981196.0
2025-03-31,ETF - International Equity,Asset Manager - Index,4662335307.0,0.0005858826934014333,0.0004897315630933025,9.615113030813076e-05,4052995921.0,609339386.0
2025-03-31,ETF - International Equity,Asset Manager - Value,74315.0,3.162332117210755e-07,3.0514737061232916e-07,1.1085841108746354e-08,75626.0,-1311.0
2025-03-31,ETF - International Equity,Family Office - Macro,20858028.0,0.0031094421177688507,0.0031001020576040825,9.340060164768176e-06,20613605.0,244423.0
2025-03-31,ETF - International Equity,Hedge Fund - Global Macro,482627434.0,0.009344227255853406,0.01025445337980312,-0.0009102261239497134,493145310.0,-10517876.0
2025-03-31,ETF - International Equity,Hedge Fund - Multi-strategy,3479527998.0,0.004244556769435498,0.004976322687659735,-0.0007317659182242368,4454389461.0,-974861463.0
2025-03-31,ETF - International Equity,Hedge Fund - Quant,360905831.0,0.0010774345836665963,0.0012269178479328456,-0.00014948326426624924,420755397.0,-59849566.0
2025-03-31,ETF - International Equity,Market Maker - Quant,10165509745.0,0.010343077247074827,0.008828980453368884,0.0015140967937059425,9915612392.0,249897353.0
2025-03-31,ETF - Sector,Asset Manager - Active,398360968.0,0.0001908788695971152,0.00019310988915445672,-2.2310195573415313e-06,323745712.0,74615256.0
2025-03-31,ETF - Sector,Asset Manager - Index,1042978205.0,0.00013106369226317688,0.00012814020758191862,2.923484681258262e-06,1060482472.0,-17504267.0
2025-03-31,ETF - Sector,Family Office - Macro,103626169.0,0.01544822810630194,0.0036069710874911567,0.011841257018810784,23983945.0,79642224.0
2025-03-31,ETF - Sector,Hedge Fund - Activist,1787350312.0,0.0446023283393935,0.04899441826519718,-0.004392089925803679,1453469214.0,333881098.0
2025-03-31,ETF - Sector,Hedge Fund - Global Macro,1604962068.0,0.031073928342864255,0.02559187325657715,0.0054820550862871055,1230734765.0,374227303.0
2025-03-31,ETF - Sector,Hedge Fund - Multi-strategy,18340976686.0,0.02237352790245315,0.023266917463590425,-0.0008933895611372734,20826605999.0,-2485629313.0
2025-03-31,ETF - Sector,Hedge Fund - Opportunistic,2517255000.0,0.30028929516791825,,,,
2025-03-31,ETF - Sector,Hedge Fund - Quant,2453316650.0,0.007324038506307976,0.0050784301519588805,0.0022456083543490957,1741581067.0,711735583.0
2025-03-31,ETF - Sector,Market Maker - Quant,22381746335.0,0.022772702704967885,0.018640963370915132,0.004131739334052753,20935210852.0,1446535483.0
2025-03-31,ETF - Thematic,Asset Manager - Active,1906923.0,9.137223169131863e-07,1.2547865224605346e-06,-3.410642055473483e-07,2103630.0,-196707.0
2025-03-31,ETF - Thematic,Hedge Fund - Global Macro,12607666.0,0.00024409904611824508,2.124028050209751e-05,0.00022285876561614756,1021463.0,11586203.0
2025-03-31,ETF - Thematic,Hedge Fund - Multi-strategy,713287918.0,0.000870115447452552,0.0008170654310782595,5.3050016374292454e-05,731368899.0,-18080981.0
2025-03-31,ETF - Thematic,Hedge Fund - Quant,39593939.0,0.0001182022442363521,0.00012479339681238723,-6.591152576035131e-06,42796260.0,-3202321.0
2025-03-31,ETF - Thematic,Market Maker - Quant,1226675681.0,0.001248102814709477,0.00149530785611222,-0.0002472050414027429,1679343746.0,-452668065.0
2025-03-31,Energy,Asset Manager - Active,69831496265.0,0.03346049974790294,0.026192784042095067,0.0072677157058078715,43911793208.0,25919703057.0
2025-03-31,Energy,Asset Manager - Growth,1585939975.0,0.013840598809736902,0.011004549698034447,0.002836049111702455,1432138161.0,153801814.0
2025-03-31,Energy,Asset Manager - Index,322254138264.0,0.040495397703893675,0.03637949028744799,0.0041159074164456855,301074990576.0,21179147688.0
2025-03-31,Energy,Asset Manager - Value,13169443798.0,0.05604003914178482,0.048050654396186346,0.007989384745598474,11908602660.0,1260841138.0
2025-03-31,Energy,Family Office - Macro,252191770.0,0.03759587010779135,0.004488555102318253,0.03310731500547309,29845889.0,222345881.0
2025-03-31,Energy,Hedge Fund - Activist,5906573242.0,0.1473952349081303,0.14791372768623207,-0.000518492778101759,4388011066.0,1518562176.0
2025-03-31,Energy,Hedge Fund - Event Driven,381614734.0,0.045988907646341615,0.029062782842266186,0.01692612480407543,264312353.0,117302381.0
2025-03-31,Energy,Hedge Fund - Global Macro,1573606465.0,0.030466847477717416,0.0282188565758241,0.0022479909018933153,1357068608.0,216537857.0
2025-03-31,Energy,Hedge Fund - Long/Short,2351888683.0,0.02470754695110818,0.023534208034178456,0.0011733389169297226,2296906288.0,54982395.0
2025-03-31,Energy,Hedge Fund - Long/Short Growth,1461314309.0,0.02219933725339575,0.02785442763581486,-0.005655090382419112,2093304562.0,-631990253.0
2025-03-31,Energy,Hedge Fund - Multi-strategy,19927583302.0,0.02430897485279953,0.02491637552749667,-0.0006074006746971394,22303063431.0,-2375480129.0
2025-03-31,Energy,Hedge Fund - Opportunistic,306656048.0,0.036581724343739234,0.05482678489517714,-0.018245060551437903,354394959.0,-47738911.0
2025-03-31,Energy,Hedge Fund - Quant,10195610398.0,0.030437588702732683,0.029616594839090068,0.0008209938636426148,10156623070.0,38987328.0
2025-03-31,Energy,Market Maker - Quant,17576265512.0,0.017883281455229494,0.01492411716758818,0.002959164287641314,16760911626.0,815353886.0
2025-03-31,Energy,Pension Fund,4283800394.0,0.029933033907808316,0.026525307338410402,0.003407726569397914,3966016474.0,317783920.0
2025-03-31,Financials,Asset Manager - Active,240058418639.0,0.11502652937394049,0.10031157391330792,0.014714955460632576,168170786388.0,71887632251.0
2025-03-31,Financials,Asset Manager - Growth,5775163292.0,0.05040021655629902,0.04421485712658526,0.006185359429713759,5754145868.0,21017424.0
2025-03-31,Financials,Asset Manager - Index,945273158476.0,0.11878579030051706,0.1113822864659749,0.007403503834542163,921794686597.0,23478471879.0
2025-03-31,Financials,Asset Manager - Value,42457287965.0,0.18066883582235777,0.18099791087973596,-0.00032907505737819753,44857499446.0,-2400211481.0
2025-03-31,Financials,Family Office - Macro,377595498.0,0.056290620808501356,0.026059885062495847,0.03023073574600551,173280804.0,204314694.0
2025-03-31,Financials,Foundation / Endowment,9145695432.0,0.2187631605793102,0.2120443537408289,0.006718806838481306,8909229279.0,236466153.0
2025-03-31,Financials,Hedge Fund - Activist,128820734.0,0.003214649437334069,0.0037750417051580104,-0.0005603922678239412,111990449.0,16830285.0
2025-03-31,Financials,Hedge Fund - Event Driven,1084243700.0,0.13066367449383579,0.10480822986750012,0.02585544462633567,953181600.0,131062100.0
2025-03-31,Financials,Hedge Fund - Global Macro,3878437220.0,0.07509104586300892,0.05493651289945649,0.020154532963552435,2641943230.0,1236493990.0
2025-03-31,Financials,Hedge Fund - Long/Short,15226534885.0,0.1599609404531601,0.15217070976123442,0.007790230691925665,14851651672.0,374883213.0
2025-03-31,Financials,Hedge Fund - Long/Short Growth,4513529270.0,0.06856660326303772,0.0905995090571157,-0.022032905794077975,6808697278.0,-2295168008.0
2025-03-31,Financials,Hedge Fund - Multi-strategy,56533735677.0,0.06896356362334621,0.0657383824267441,0.003225181196602117,58843522867.0,-2309787190.0
2025-03-31,Financials,Hedge Fund - Opportunistic,89362500.0,0.010660263715612083,,,,
2025-03-31,Financials,Hedge Fund - Quant,27964149320.0,0.08348311108385703,0.08455763235713215,-0.0010745212732751197,28997931876.0,-1033782556.0
2025-03-31,Financials,Hedge Fund - Value,353588.0,0.1011389386115006,0.17026891046974169,-0.06912997185824109,584793.0,-231205.0
2025-03-31,Financials,Market Maker - Quant,54082149967.0,0.05502683769219743,0.055016923137645814,9.914554551619659e-06,61788163165.0,-7706013198.0
2025-03-31,Financials,Pension Fund,15662019352.0,0.1094382821815871,0.10209477436170623,0.007343507819880871,15265027917.0,396991435.0
2025-03-31,Health Care,Asset Manager - Active,177869195720.0,0.08522790569979145,0.0662784012908467,0.01894950440894476,111114704224.0,66754491496.0
2025-03-31,Health Care,Asset Manager - Growth,5161080713.0,0.045041078918074365,0.05405713893916959,-0.009016060021095222,7035025846.0,-1873945133.0
2025-03-31,Health Care,Asset Manager - Index,673735991796.0,0.08466363560816423,0.07569664080320294,0.008966994804961284,626461922264.0,47274069532.0
2025-03-31,Health Care,Asset Manager - Value,25926214482.0,0.11032402709294652,0.08821342529494719,0.022110601797999327,21862316847.0,4063897635.0
2025-03-31,Health Care,Family Office - Macro,362777508.0,0.05408160650443207,0.05674935279640306,-0.0026677462919709877,377345236.0,-14567728.0
2025-03-31,Health Care,Foundation / Endowment,175979660.0,0.004209397405097451,0.0020378523095645556,0.002171545095532896,85622150.0,90357510.0
2025-03-31,Health Care,Hedge Fund - Activist,1007204866.0,0.025134234647095213,0.04246819817469174,-0.017333963527596526,1259862262.0,-252657396.0
2025-03-31,Health Care,Hedge Fund - Event Driven,171060556.0,0.02061473892623823,0.09140924423318043,-0.0707945053069422,831324122.0,-660263566.0
2025-03-31,Health Care,Hedge Fund - Global Macro,2094937237.0,0.040560416276041254,0.04153359451469664,-0.0009731782386553853,1997385583.0,97551654.0
2025-03-31,Health Care,Hedge Fund - Long/Short,11715095854.0,0.12307184559441914,0.10751760745174274,0.015554238142676396,10493570392.0,1221525462.0
2025-03-31,Health Care,Hedge Fund - Long/Short Growth,2492688391.0,0.03786730200246975,0.03599577070379431,0.0018715312986754412,2705139449.0,-212451058.0
2025-03-31,Health Care,Hedge Fund - Multi-strategy,42198320210.0,0.05147628236045661,0.04411774514974858,0.007358537210708026,39490529729.0,2707790481.0
2025-03-31,Health Care,Hedge Fund - Opportunistic,91656250.0,0.010933890571370206,0.013656236028838283,-0.0027223454574680766,88272570.0,3383680.0
2025-03-31,Health Care,Hedge Fund - Quant,24159659708.0,0.07212533204822513,0.0700092822787453,0.002116049769479836,24008765875.0,150893833.0
2025-03-31,Health Care,Hedge Fund - Value,107000.0,0.0306058645413039,0.025559276593043696,0.005046587948260205,87784.0,19216.0
2025-03-31,Health Care,Market Maker - Quant,36482384037.0,0.03711964532203993,0.033200036647161896,0.0039196086748780334,37286150596.0,-803766559.0
2025-03-31,Health Care,Pension Fund,12806348704.0,0.08948429775788687,0.07909448267094837,0.010389815086938495,11826065473.0,980283231.0
2025-03-31,Industrials,Asset Manager - Active,54510260500.0,0.026119167643161963,0.021482434770428372,0.004636732872733591,36014966249.0,18495294251.0
2025-03-31,Industrials,Asset Manager - Growth,463443714.0,0.0040445027034320446,0.002903397750753065,0.0011411049526789795,377849783.0,85593931.0
2025-03-31,Industrials,Asset Manager - Index,257279375543.0,0.03233047894977831,0.030279633560562014,0.0020508453892162937,250592856493.0,6686519050.0
2025-03-31,Industrials,Asset Manager - Value,13191603592.0,0.056134335889785864,0.051760545373923696,0.004373790515862168,12828041076.0,363562516.0
2025-03-31,Industrials,Family Office - Macro,108150194.0,0.01612265398572061,0.014050757393086661,0.002071896592633949,93428138.0,14722056.0
2025-03-31,Industrials,Foundation / Endowment,4177929500.0,0.09993521749036276,0.10163003133044254,-0.0016948138400797869,4270074797.0,-92145297.0
2025-03-31,Industrials,Hedge Fund - Activist,3259809267.0,0.08134671881296635,0.0003686710027326809,0.08097804781023367,10937000.0,3248872267.0
2025-03-31,Industrials,Hedge Fund - Event Driven,42350000.0,0.0051036557692831835,0.0016777832794167558,0.0034258724898664277,14858800.0,27491200.0
2025-03-31,Industrials,Hedge Fund - Global Macro,854344762.0,0.016541106138147944,0.016612567469715258,-7.146133156731363e-05,798912378.0,55432384.0
2025-03-31,Industrials,Hedge Fund - Long/Short,1815771353.0,0.01907541640087254,0.019887528024390762,-0.0008121116235182205,1940995342.0,-125223989.0
2025-03-31,Industrials,Hedge Fund - Long/Short Growth,423861593.0,0.006439029847184345,0.013363202673787588,-0.006924172826603243,1004265946.0,-580404353.0
2025-03-31,Industrials,Hedge Fund - Multi-strategy,16216782653.0,0.01978229651487785,0.02098147444108382,-0.0011991779262059687,18780867820.0,-2564085167.0
2025-03-31,Industrials,Hedge Fund - Opportunistic,233152000.0,0.027813252827778863,0.013997737189358914,0.01381551563841995,90480000.0,142672000.0
2025-03-31,Industrials,Hedge Fund - Quant,7963101318.0,0.023772740743704567,0.0269531559098584,-0.0031804151661538327,9243231594.0,-1280130276.0
2025-03-31,Industrials,Market Maker - Quant,19820574330.0,0.02016679305997541,0.021834295201217636,-0.0016675021412422275,24521563867.0,-4700989537.0
2025-03-31,Industrials,Pension Fund,3522890878.0,0.024616182456208675,0.022355985903695346,0.0022601965525133293,3342626996.0,180263882.0
2025-03-31,Information Technology,Asset Manager - Active,419686240840.0,0.2010970995456609,0.24262375042634568,-0.04152665088068477,406754926813.0,12931314027.0
2025-03-31,Information Technology,Asset Manager - Growth,15958085284.0,0.13926722301542993,0.15044341777728007,-0.011176194761850139,19578789281.0,-3620703997.0
2025-03-31,Information Technology,Asset Manager - Index,1731001284707.0,0.21752268513223827,0.23951024510823202,-0.021987559975993748,1982175786935.0,-251174502228.0
2025-03-31,Information Technology,Asset Manager - Value,5731200857.0,0.024388024679105034,0.027494527257896324,-0.0031065025787912898,6814088269.0,-1082887412.0
2025-03-31,Information Technology,Family Office - Macro,359422935.0,0.05358151845328312,0.04808032696471418,0.005501191488568938,319702013.0,39720922.0
2025-03-31,Information Technology,Foundation / Endowment,10682565951.0,0.2555247884552214,0.28548088830260293,-0.029956099847381512,11994729611.0,-1312163660.0
2025-03-31,Information Technology,Hedge Fund - Activist,1044801077.0,0.02607242708541064,0.03882166000547278,-0.012749232920062144,1151684001.0,-106882924.0
2025-03-31,Information Technology,Hedge Fund - Contrarian Value,97542000.0,0.48960722800853307,0.05572926203314387,0.4338779659753892,5271500.0,92270500.0
2025-03-31,Information Technology,Hedge Fund - Event Driven,832761250.0,0.1003571843683111,0.08896470649622419,0.011392477872086915,809092200.0,23669050.0
2025-03-31,Information Technology,Hedge Fund - Global Macro,4413631912.0,0.08545303624288955,0.07536163757647599,0.010091398666413565,3624204699.0,789427213.0
2025-03-31,Information Technology,Hedge Fund - Long/Short,14582586495.0,0.15319600077084455,0.1831503735680359,-0.029954372797191348,17875224188.0,-3292637693.0
2025-03-31,Information Technology,Hedge Fund - Long/Short Growth,14188975499.0,0.21554969416402958,0.2503312948510384,-0.03478160068700881,18812795164.0,-4623819665.0
2025-03-31,Information Technology,Hedge Fund - Multi-strategy,116504101727.0,0.1421193546758579,0.1767026590424706,-0.034583304366612694,158169498156.0,-41665396429.0
2025-03-31,Information Technology,Hedge Fund - Opportunistic,800981900.0,0.09555102291712997,0.19842807858801634,-0.10287705567088637,1282619634.0,-481637734.0
2025-03-31,Information Technology,Hedge Fund - Quant,41671361875.0,0.12440410371926272,0.13557357736622042,-0.011169473646957695,46493181645.0,-4821819770.0
2025-03-31,Information Technology,Market Maker - Quant,190361640424.0,0.19368680972970864,0.22400430731284562,-0.030317497583136982,251573768589.0,-61212128165.0
2025-03-31,Information Technology,Pension Fund,31527058287.0,0.2202951626877833,0.25796566591240877,-0.03767050322462548,38570564619.0,-7043506332.0
2025-03-31,Materials,Asset Manager - Active,11536735724.0,0.005527948897437603,0.0042899685099193775,0.0012379803875182255,7192065180.0,4344670544.0
2025-03-31,Materials,Asset Manager - Growth,664938067.0,0.005802956709423354,0.009212755900926241,-0.003409799191502887,1198953129.0,-534015062.0
2025-03-31,Materials,Asset Manager - Index,49876455500.0,0.006267621301664722,0.005656091069227908,0.0006115302324368136,46809549884.0,3066905616.0
2025-03-31,Materials,Asset Manager - Value,7177354.0,3.054185167300152e-05,3.1940604787671104e-05,-1.3987531146695813e-06,7915979.0,-738625.0
2025-03-31,Materials,Conglomerate / Long-only Value,692738413.0,0.6260342416807284,0.0021955208151078843,0.6238387208656205,586589315.0,106149098.0
2025-03-31,Materials,Family Office - Macro,1823244.0,0.0002718028609688965,4.346151454959013e-06,0.0002674567095139375,28899.0,1794345.0
2025-03-31,Materials,Hedge Fund - Activist,2608615961.0,0.06509655372130795,0.06784155005194077,-0.0027449963306328262,2012588534.0,596027427.0
2025-03-31,Materials,Hedge Fund - Event Driven,63563744.0,0.007660152745757718,0.005804369713356871,0.0018557830324008465,52788015.0,10775729.0
2025-03-31,Materials,Hedge Fund - Global Macro,563647967.0,0.010912878806528352,0.010380415758332625,0.0005324630481957273,499202947.0,64445020.0
2025-03-31,Materials,Hedge Fund - Long/Short,289657208.0,0.0030429667518353837,0.0037007294098687785,-0.0006577626580333948,361186093.0,-71528885.0
2025-03-31,Materials,Hedge Fund - Multi-strategy,5343175171.0,0.006517955985807166,0.007389251676055616,-0.0008712956902484506,6614242455.0,-1271067284.0
2025-03-31,Materials,Hedge Fund - Quant,3614583868.0,0.010790841628010648,0.009352904476637605,0.0014379371513730428,3207456019.0,407127849.0
2025-03-31,Materials,Market Maker - Quant,6669754231.0,0.006786259121355764,0.005632976958720052,0.0011532821626357125,6326258896.0,343495335.0
2025-03-31,Materials,Pension Fund,496259079.0,0.0034676078417590073,0.0032003252304317114,0.00026728261132729584,478506900.0,17752179.0
2025-03-31,Real Estate,Asset Manager - Active,19977789502.0,0.009572569060508143,0.008308430292700569,0.0012641387678075742,13928953574.0,6048835928.0
2025-03-31,Real Estate,Asset Manager - Growth,29550681.0,0.0002578906684507495,0.0002259368258268155,3.195384262393399e-05,29403543.0,147138.0
2025-03-31,Real Estate,Asset Manager - Index,126676394186.0,0.015918526259714884,0.014887710423143963,0.001030815836570921,123210007615.0,3466386571.0
2025-03-31,Real Estate,Asset Manager - Value,805300881.0,0.0034268032564144743,0.0031187208252376327,0.0003080824311768415,772926146.0,32374735.0
2025-03-31,Real Estate,Hedge Fund - Activist,1518863401.0,0.03790238749464011,0.03213504128083427,0.005767346213805841,1504096816.0,14766585.0
2025-03-31,Real Estate,Hedge Fund - Event Driven,44391293.0,0.005349654749123735,0.003214703202596079,0.002134951546527656,29236215.0,15155078.0
2025-03-31,Real Estate,Hedge Fund - Global Macro,464075350.0,0.008985037378210268,0.009247704116572691,-0.00026266673836242323,444729889.0,19345461.0
2025-03-31,Real Estate,Hedge Fund - Long/Short,1099557653.0,0.011551300252142,0.010768730869915408,0.0007825693822265927,1051013300.0,48544353.0
2025-03-31,Real Estate,Hedge Fund - Multi-strategy,4841505509.0,0.005905986385020376,0.005092457867461038,0.0008135285175593383,4558343998.0,283161511.0
2025-03-31,Real Estate,Hedge Fund - Quant,2615381025.0,0.007807859346557333,0.005169793856100896,0.002638065490456437,1772913052.0,842467973.0
2025-03-31,Real Estate,Market Maker - Quant,1815335591.0,0.0018470452262674246,0.0014977296681746724,0.00034931555809275213,1682063624.0,133271967.0
2025-03-31,Real Estate,Pension Fund,1646892344.0,0.011507652047585557,0.012119988317912583,-0.0006123362703270262,1812158959.0,-165266615.0
2025-03-31,Unclassified,Asset Manager - Active,595026058175.0,0.2851130268497372,0.2741093780132637,0.011003648836473534,459540089528.0,135485968647.0
2025-03-31,Unclassified,Asset Manager - Growth,40226090200.0,0.35105564202862677,0.36497614403011513,-0.013920502001488366,47498196479.0,-7272106279.0
2025-03-31,Unclassified,Asset Manager - Index,2172457492757.0,0.27299736362711075,0.27102862538594763,0.001968738241163115,2243020454359.0,-70562961602.0
2025-03-31,Unclassified,Asset Manager - Value,86676087853.0,0.3688334473682607,0.40916630480442767,-0.04033285743616699,101405464858.0,-14729377005.0
2025-03-31,Unclassified,Family Office - Macro,3739292340.0,0.5574406694940884,0.5182360415389584,0.03920462795513002,3445923024.0,293369316.0
2025-03-31,Unclassified,Foundation / Endowment,15698825993.0,0.3755127007178592,0.35500389013464567,0.02050881058321352,14915799437.0,783026556.0
2025-03-31,Unclassified,Hedge Fund - Activist,15177753133.0,0.3787523487406449,0.44296793276049173,-0.06421558401984684,13141093942.0,2036659191.0
2025-03-31,Unclassified,Hedge Fund - Contrarian Value,21919000.0,0.11002133266407328,0.32384372152737756,-0.2138223888633043,25076881.0,-3157881.0
2025-03-31,Unclassified,Hedge Fund - Event Driven,4437694111.0,0.5347925183451985,0.4954762741338022,0.03931624421139629,4506123883.0,-68429772.0
2025-03-31,Unclassified,Hedge Fund - Global Macro,12722937376.0,0.2463308337406597,0.2229244202788905,0.023406413461769193,10720623350.0,2002314026.0
2025-03-31,Unclassified,Hedge Fund - Long/Short,29174904004.0,0.3064942298006304,0.3062999989257174,0.00019423087491299285,29894457996.0,-719553992.0
2025-03-31,Unclassified,Hedge Fund - Long/Short Growth,18358111350.0,0.2788844964317956,0.24783332700078833,0.031051169431007247,18625068905.0,-266957555.0
2025-03-31,Unclassified,Hedge Fund - Multi-strategy,209003553002.0,0.2549562602285777,0.25108805130635903,0.0038682089222186744,224753103792.0,-15749550790.0
2025-03-31,Unclassified,Hedge Fund - Opportunistic,884017356.0,0.10545651860834389,0.18986315110844476,-0.08440663250010087,1227256783.0,-343239427.0
2025-03-31,Unclassified,Hedge Fund - Quant,133657635556.0,0.3990164373906736,0.38148812312285807,0.017528314267815537,130826352364.0,2831283192.0
2025-03-31,Unclassified,Hedge Fund - Value,2251595.0,0.6440374913259548,0.5913715604424017,0.05266593088355309,2031081.0,220514.0
2025-03-31,Unclassified,Market Maker - Quant,146498140022.0,0.14905711733202714,0.14500881509509053,0.004048302236936613,162855859915.0,-16357719893.0
2025-03-31,Unclassified,Pension Fund,32255096059.0,0.22538232299197583,0.22439471428279012,0.000987608709185711,33551096022.0,-1295999963.0
2025-03-31,Utilities,Asset Manager - Active,11075452867.0,0.005306920339467316,0.004591787384746145,0.0007151329547211713,7698059808.0,3377393059.0
2025-03-31,Utilities,Asset Manager - Growth,7003999.0,6.112434376515319e-05,5.2031161301818924e-05,9.093182463334266e-06,6771364.0,232635.0
2025-03-31,Utilities,Asset Manager - Index,68648204995.0,0.008626534256182431,0.007922959523982772,0.0007035747321996588,65570049090.0,3078155905.0
2025-03-31,Utilities,Asset Manager - Value,1183051073.0,0.005034246658747959,0.004314472261547089,0.0007197743972008697,1069274425.0,113776648.0
2025-03-31,Utilities,Family Office - Macro,32354160.0,0.004823245408867619,4.6237733652622875e-06,0.004818621635502357,30745.0,32323415.0
2025-03-31,Utilities,Hedge Fund - Activist,131703131.0,0.003286578043906233,0.003747210870378255,-0.0004606328264720222,111164819.0,20538312.0
2025-03-31,Utilities,Hedge Fund - Event Driven,152500.0,1.8377981223510874e-05,0.00019788268141248904,-0.00017950470018897818,1799650.0,-1647150.0
2025-03-31,Utilities,Hedge Fund - Global Macro,152031020.0,0.0029434969932090396,0.0027840494568129766,0.00015944753639606304,133887286.0,18143734.0
2025-03-31,Utilities,Hedge Fund - Long/Short,439808869.0,0.0046203710060249,0.0020081674288919813,0.0026122035771329187,195994375.0,243814494.0
2025-03-31,Utilities,Hedge Fund - Long/Short Growth,5533263.0,8.405773534975789e-05,0.0014520283182201759,-0.001367970582870418,102390192.0,-96856929.0
2025-03-31,Utilities,Hedge Fund - Multi-strategy,2330637418.0,0.0028430645867363906,0.0025948326786882268,0.0002482319080481638,2322678022.0,7959396.0
2025-03-31,Utilities,Hedge Fund - Quant,2502215070.0,0.0074700179953305695,0.007393122784720886,7.689521060968377e-05,2535374571.0,-33159501.0
2025-03-31,Utilities,Market Maker - Quant,1764309632.0,0.0017951279639970637,0.0013932990755105086,0.00040182888848655507,1564780175.0,199529457.0
2025-03-31,Utilities,Pension Fund,1767852809.0,0.012352862694052774,0.011387036907039742,0.0009658257870130329,1702569376.0,65283433.0
2025-06-30,Communication Services,Asset Manager - Active,252520847483.0,0.10860384455866237,0.09774049244743874,0.010863352111223634,203982752341.0,48538095142.0
2025-06-30,Communication Services,Asset Manager - Growth,20409908784.0,0.1524368534394557,0.13622788652493859,0.01620896691451712,15609819627.0,4800089157.0
2025-06-30,Communication Services,Asset Manager - Index,697843371448.0,0.07888606192247648,0.07307269734036667,0.005813364582109806,581497662629.0,116345708819.0
2025-06-30,Communication Services,Asset Manager - Value,26610452450.0,0.11111953950388637,0.10470734272187034,0.00641219678201603,24606290187.0,2004162263.0
2025-06-30,Communication Services,Conglomerate / Long-only Value,2031549549.0,0.007888845647378642,0.012531345039850832,-0.00464249939247219,3348068054.0,-1316518505.0
2025-06-30,Communication Services,Family Office - Macro,270343948.0,0.03391970900202475,0.03630555264614517,-0.0023858436441204223,243536366.0,26807582.0
2025-06-30,Communication Services,Hedge Fund - Activist,2136212519.0,0.07653130409834415,0.04836408837929253,0.02816721571905162,1938095424.0,198117095.0
2025-06-30,Communication Services,Hedge Fund - Contrarian Value,73809000.0,0.12762281316099,0.15065903565700164,-0.023036222496011644,14251025.0,59557975.0
2025-06-30,Communication Services,Hedge Fund - Event Driven,411088010.0,0.0426831647203162,0.04577692564693334,-0.003093760926617145,379855713.0,31232297.0
2025-06-30,Communication Services,Hedge Fund - Global Macro,4548082643.0,0.0643196426459662,0.04118605123180096,0.023133591414165232,2127251155.0,2420831488.0
2025-06-30,Communication Services,Hedge Fund - Long/Short,6841128502.0,0.06567573845497002,0.06898661417976364,-0.003310875724793619,6566772391.0,274356111.0
2025-06-30,Communication Services,Hedge Fund - Long/Short Growth,17852701718.0,0.19626292046592234,0.21315062058852274,-0.016887700122600408,14031051841.0,3821649877.0
2025-06-30,Communication Services,Hedge Fund - Multi-strategy,56225309430.0,0.06243611473580858,0.059204148416771005,0.003231966319037577,48533334151.0,7691975279.0
2025-06-30,Communication Services,Hedge Fund - Opportunistic,620940000.0,0.09628529827540024,0.08183698209274938,0.014448316182650855,686020300.0,-65080300.0
2025-06-30,Communication Services,Hedge Fund - Quant,22783094024.0,0.055951274080617286,0.050410077769619116,0.00554119631099817,16885749988.0,5897344036.0
2025-06-30,Communication Services,Hedge Fund - Value,541336.0,0.1310727590663727,0.09719421451907889,0.033878544547293804,339797.0,201539.0
2025-06-30,Communication Services,Market Maker - Quant,87906026966.0,0.07173393456873862,0.06547306292345054,0.006260871645288088,64349036876.0,23556990090.0
2025-06-30,Communication Services,Pension Fund,13132464425.0,0.08366149765727571,0.07782229852060389,0.005839199136671816,11137367301.0,1995097124.0
2025-06-30,Consumer Discretionary,Asset Manager - Active,175008257592.0,0.07526732859267572,0.07919163535756998,-0.0039243067648942614,165271601750.0,9736655842.0
2025-06-30,Consumer Discretionary,Asset Manager - Growth,32941584582.0,0.2460330202419276,0.25069966017570466,-0.004666639933777056,28726691544.0,4214893038.0
2025-06-30,Consumer Discretionary,Asset Manager - Index,687005895983.0,0.0776609650087645,0.07726554482287387,0.00039542018589062977,614863490080.0,72142405903.0
2025-06-30,Consumer Discretionary,Asset Manager - Value,16499832444.0,0.06889975984112078,0.059873358079106334,0.009026401762014441,14070276115.0,2429556329.0
2025-06-30,Consumer Discretionary,Conglomerate / Long-only Value,5379140042.0,0.02088809772218451,0.37396575831927165,-0.3530776605970871,413811943.0,4965328099.0
2025-06-30,Consumer Discretionary,Family Office - Macro,469813302.0,0.058946873444048295,0.05869478074260925,0.0002520927014390481,393722518.0,76090784.0
2025-06-30,Consumer Discretionary,Foundation / Endowment,374919161.0,0.007846721098971745,0.0073534793752015794,0.0004932417237701655,307422340.0,67496821.0
2025-06-30,Consumer Discretionary,Hedge Fund - Activist,4887725461.0,0.17510617519464614,0.08645884379717231,0.08864733139747383,3464667590.0,1423057871.0
2025-06-30,Consumer Discretionary,Hedge Fund - Contrarian Value,175744390.0,0.3038788419984305,0.3341146944409587,-0.03023585244252819,66564000.0,109180390.0
2025-06-30,Consumer Discretionary,Hedge Fund - Event Driven,957296600.0,0.09939586528928111,0.08144250583739758,0.017953359451883533,675807750.0,281488850.0
2025-06-30,Consumer Discretionary,Hedge Fund - Global Macro,2906438092.0,0.0411032679315506,0.055885977193443084,-0.014782709261892485,2886499336.0,19938756.0
2025-06-30,Consumer Discretionary,Hedge Fund - Long/Short,11470925801.0,0.11012240488138741,0.08950983840531045,0.02061256647607697,8520359240.0,2950566561.0
2025-06-30,Consumer Discretionary,Hedge Fund - Long/Short Growth,11155429769.0,0.12263674485240338,0.13921446918866817,-0.016577724336264796,9164061680.0,1991368089.0
2025-06-30,Consumer Discretionary,Hedge Fund - Multi-strategy,77589118968.0,0.08615983056825216,0.08814599760911063,-0.0019861670408584664,72258773590.0,5330345378.0
2025-06-30,Consumer Discretionary,Hedge Fund - Opportunistic,1831652204.0,0.28402289882908854,0.3069345954957055,-0.022911696666616965,2572961000.0,-741308796.0
2025-06-30,Consumer Discretionary,Hedge Fund - Quant,28264385073.0,0.06941236138838888,0.07216629353265497,-0.002753932144266086,24173380484.0,4091004589.0
2025-06-30,Consumer Discretionary,Hedge Fund - Value,268445.0,0.06499812834833156,0.07408335435698794,-0.009085226008656383,259000.0,9445.0
2025-06-30,Consumer Discretionary,Market Maker - Quant,126623441635.0,0.10332849738080818,0.10844257144835309,-0.00511407406754491,106580855049.0,20042586586.0
2025-06-30,Consumer Discretionary,Pension Fund,10525494605.0,0.06705357149580671,0.06683837658149605,0.00021519491431065685,9565427441.0,960067164.0
2025-06-30,Consumer Staples,Asset Manager - Active,60825000656.0,0.026159538835578606,0.0281162206069344,-0.0019566817713557935,58678076212.0,2146924444.0
2025-06-30,Consumer Staples,Asset Manager - Growth,719057795.0,0.005370475138862001,0.0033012195461184736,0.0020692555927435278,378273810.0,340783985.0
2025-06-30,Consumer Staples,Asset Manager - Index,358850886213.0,0.04056545406742992,0.04402803754068589,-0.0034625834732559743,350366167555.0,8484718658.0
2025-06-30,Consumer Staples,Asset Manager - Value,6273229817.0,0.02619566163998423,0.030508110561648757,-0.004312448921664526,7169424818.0,-896195001.0
2025-06-30,Consumer Staples,Conglomerate / Long-only Value,42474303002.0,0.1649348008901403,0.14673772349876063,0.018197077391379657,39204720866.0,3269582136.0
2025-06-30,Consumer Staples,Family Office - Macro,158623.0,1.9902224706092448e-05,0.0008668049474974638,-0.0008469027227913714,5814497.0,-5655874.0
2025-06-30,Consumer Staples,Foundation / Endowment,1741169825.0,0.03644111964371018,0.0387012559769474,-0.0022601363332372185,1617959345.0,123210480.0
2025-06-30,Consumer Staples,Hedge Fund - Activist,528160000.0,0.018921700539187528,0.003157190790546787,0.01576450974864074,137782320.0,390377680.0
2025-06-30,Consumer Staples,Hedge Fund - Contrarian Value,52520000.0,0.09081209808038579,0.06625674488643493,0.024555353193950857,13200000.0,39320000.0
2025-06-30,Consumer Staples,Hedge Fund - Global Macro,1490035504.0,0.021072297640542706,0.0215663724659831,-0.0004940748254403937,1113898744.0,376136760.0
2025-06-30,Consumer Staples,Hedge Fund - Long/Short,3420098218.0,0.03283339524904556,0.03578292943388872,-0.0029495341848431583,3406144161.0,13954057.0
2025-06-30,Consumer Staples,Hedge Fund - Long/Short Growth,738737311.0,0.008121277350857173,0.011006343977903907,-0.0028850666270467343,724513879.0,14223432.0
2025-06-30,Consumer Staples,Hedge Fund - Multi-strategy,18463348914.0,0.020502862196551737,0.02085059656821062,-0.0003477343716588831,17092534857.0,1370814057.0
2025-06-30,Consumer Staples,Hedge Fund - Quant,10096546687.0,0.02479534387897435,0.026569909097540756,-0.0017745652185664068,8900062489.0,1196484198.0
2025-06-30,Consumer Staples,Hedge Fund - Value,305037.0,0.07385808667321059,0.05294013664517391,0.020917950028036675,185082.0,119955.0
2025-06-30,Consumer Staples,Market Maker - Quant,21544315209.0,0.017580802487279213,0.022104016247131143,-0.0045232137598519295,21724539728.0,-180224519.0
2025-06-30,Consumer Staples,Pension Fund,6014578029.0,0.0383163882572395,0.05003297420350232,-0.01171658594626282,7160359196.0,-1145781167.0
2025-06-30,ETF - Broad Equity,Asset Manager - Active,48960475497.0,0.021056858961921363,0.02224756025596941,-0.0011907012940480452,46430281455.0,2530194042.0
2025-06-30,ETF - Broad Equity,Asset Manager - Index,60140898000.0,0.006798486304823866,0.006519168141323444,0.00027931816350042216,51878214086.0,8262683914.0
2025-06-30,ETF - Broad Equity,Asset Manager - Value,3401071.0,1.4202142712534838e-05,2.952970114071157e-05,-1.532755842817673e-05,6939498.0,-3538427.0
2025-06-30,ETF - Broad Equity,Family Office - Macro,1066440835.0,0.13380496607631212,0.07003666375280121,0.06376830232351091,469803469.0,596637366.0
2025-06-30,ETF - Broad Equity,Hedge Fund - Activist,399014285.0,0.014294965184088205,0.05237360659270589,-0.038078641408617685,2098768956.0,-1699754671.0
2025-06-30,ETF - Broad Equity,Hedge Fund - Global Macro,20548655418.0,0.2906020574131544,0.3056813110666655,-0.015079253653511093,15788377438.0,4760277980.0
2025-06-30,ETF - Broad Equity,Hedge Fund - Long/Short,3700000.0,3.552048937720554e-05,7.63074293671593e-06,2.788974644048961e-05,744750.0,2955250.0
2025-06-30,ETF - Broad Equity,Hedge Fund - Long/Short Growth,3458855.0,3.802477599699724e-05,0.0070380455476426775,-0.0070000207716456805,463292960.0,-459834105.0
2025-06-30,ETF - Broad Equity,Hedge Fund - Multi-strategy,149690851563.0,0.1662261226809999,0.20533923372720717,-0.039113111046207266,168329380817.0,-18638529254.0
2025-06-30,ETF - Broad Equity,Hedge Fund - Opportunistic,36760000.0,0.005700144240351262,0.023942454259652624,-0.018242310019301364,200704000.0,-163944000.0
2025-06-30,ETF - Broad Equity,Hedge Fund - Quant,28640984080.0,0.07033722235051056,0.07576714019408225,-0.005429917843571691,25379547964.0,3261436116.0
2025-06-30,ETF - Broad Equity,Market Maker - Quant,276278503794.0,0.22545148265628195,0.24217200175849882,-0.016720519102216863,238014450152.0,38264053642.0
2025-06-30,ETF - Broad Equity,Pension Fund,14702804452.0,0.09366548428448386,0.07882894612775031,0.014836538156733553,11281431462.0,3421372990.0
2025-06-30,ETF - Commodity,Asset Manager - Active,1709796962.0,0.0007353473003864446,0.0007706365754692227,-3.528927508277815e-05,1608305481.0,101491481.0
2025-06-30,ETF - Commodity,Asset Manager - Index,263500150.0,2.9786754449426983e-05,2.976417717515853e-05,2.2577274268454327e-08,236857268.0,26642882.0
2025-06-30,ETF - Commodity,Hedge Fund - Global Macro,550721825.0,0.007788387714513729,0.009459348581206232,-0.0016709608666925025,488573427.0,62148398.0
2025-06-30,ETF - Commodity,Hedge Fund - Long/Short,6562000.0,6.299606791708723e-05,0.0002315695142822566,-0.00016857344636516937,19743900.0,-13181900.0
2025-06-30,ETF - Commodity,Hedge Fund - Multi-strategy,8645532799.0,0.009600542589500523,0.009430735424993014,0.0001698071645075093,7730962203.0,914570596.0
2025-06-30,ETF - Commodity,Hedge Fund - Quant,782458258.0,0.001921579940103062,0.002409473790364185,-0.0004878938502611231,807095998.0,-24637740.0
2025-06-30,ETF - Commodity,Market Maker - Quant,23017680035.0,0.018783112040696336,0.02037007530748579,-0.0015869632667894554,20020366676.0,2997313359.0
2025-06-30,ETF - Fixed Income,Asset Manager - Active,6314028688.0,0.002715529418681564,0.0029592745472957066,-0.0002437451286141424,6175955860.0,138072828.0
2025-06-30,ETF - Fixed Income,Asset Manager - Index,6428997720.0,0.000726750920033882,0.0007598084526460446,-3.3057532612162563e-05,6046401123.0,382596597.0
2025-06-30,ETF - Fixed Income,Asset Manager - Value,140431.0,5.864097230736964e-07,1.0409419460086516e-06,-4.545322229349551e-07,244622.0,-104191.0
2025-06-30,ETF - Fixed Income,Family Office - Macro,27413672.0,0.003439558324852731,0.035330540063222685,-0.031890981738369954,236996016.0,-209582344.0
2025-06-30,ETF - Fixed Income,Hedge Fund - Global Macro,333056522.0,0.004710133512837396,0.008273985899652763,-0.0035638523868153672,427349686.0,-94293164.0
2025-06-30,ETF - Fixed Income,Hedge Fund - Multi-strategy,10379692154.0,0.011526262048523797,0.01266734892088663,-0.0011410868723628325,10384216215.0,-4524061.0
2025-06-30,ETF - Fixed Income,Hedge Fund - Quant,1203770808.0,0.0029562495040271588,0.004849397623173542,-0.0018931481191463836,1624391778.0,-420620970.0
2025-06-30,ETF - Fixed Income,Market Maker - Quant,21373234811.0,0.017441195790222224,0.02370547264553014,-0.006264276855307917,23298502702.0,-1925267891.0
2025-06-30,ETF - International Equity,Asset Manager - Active,5268025142.0,0.0022656655454611906,0.0023307204598005116,-6.505491433932099e-05,4864174125.0,403851017.0
2025-06-30,ETF - International Equity,Asset Manager - Index,5252662386.0,0.000593774860080813,0.0005858826934014333,7.892166679379729e-06,4662335307.0,590327079.0
2025-06-30,ETF - International Equity,Asset Manager - Value,59802.0,2.497203200094936e-07,3.162332117210755e-07,-6.651289171158193e-08,74315.0,-14513.0
2025-06-30,ETF - International Equity,Family Office - Macro,89390000.0,0.011215648843343046,0.0031094421177688507,0.008106206725574196,20858028.0,68531972.0
2025-06-30,ETF - International Equity,Hedge Fund - Global Macro,493523129.0,0.00697947548153185,0.009344227255853406,-0.0023647517743215565,482627434.0,10895695.0
2025-06-30,ETF - International Equity,Hedge Fund - Multi-strategy,4558697351.0,0.005062263840579145,0.004244556769435498,0.0008177070711436474,3479527998.0,1079169353.0
2025-06-30,ETF - International Equity,Hedge Fund - Quant,655816505.0,0.001610570055989491,0.0010774345836665963,0.0005331354723228947,360905831.0,294910674.0
2025-06-30,ETF - International Equity,Market Maker - Quant,11983980376.0,0.009779284695661736,0.010343077247074827,-0.000563792551413091,10165509745.0,1818470631.0
2025-06-30,ETF - Sector,Asset Manager - Active,409387284.0,0.00017606876184281036,0.0001908788695971152,-1.481010775430483e-05,398360968.0,11026316.0
2025-06-30,ETF - Sector,Asset Manager - Index,904992427.0,0.00010230273949233036,0.00013106369226317688,-2.8760952770846515e-05,1042978205.0,-137985778.0
2025-06-30,ETF - Sector,Family Office - Macro,216673600.0,0.027185759158999595,0.01544822810630194,0.011737531052697654,103626169.0,113047431.0
2025-06-30,ETF - Sector,Hedge Fund - Global Macro,1598184955.0,0.022601762821080635,0.031073928342864255,-0.00847216552178362,1604962068.0,-6777113.0
2025-06-30,ETF - Sector,Hedge Fund - Long/Short,1518730.0,1.4580008873471181e-05,7.55779268151792e-05,-6.099791794170801e-05,7132120.0,-5613390.0
2025-06-30,ETF - Sector,Hedge Fund - Multi-strategy,12213684584.0,0.013562842423890963,0.02237352790245315,-0.008810685478562189,18340976686.0,-6127292102.0
2025-06-30,ETF - Sector,Hedge Fund - Quant,2320002388.0,0.0056975180518473115,0.007324038506307976,-0.0016265204544606646,2453316650.0,-133314262.0
2025-06-30,ETF - Sector,Market Maker - Quant,17263877844.0,0.01408783818819589,0.022772702704967885,-0.008684864516771995,22381746335.0,-5117868491.0
2025-06-30,ETF - Thematic,Asset Manager - Active,3591432.0,1.5445985017029698e-06,9.137223169131863e-07,6.308761847897834e-07,1906923.0,1684509.0
2025-06-30,ETF - Thematic,Hedge Fund - Global Macro,16144703.0,0.0002283207252584786,0.00024409904611824508,-1.5778320859766474e-05,12607666.0,3537037.0
2025-06-30,ETF - Thematic,Hedge Fund - Multi-strategy,866522123.0,0.0009622405859784779,0.000870115447452552,9.212513852592595e-05,713287918.0,153234205.0
2025-06-30,ETF - Thematic,Hedge Fund - Quant,59703853.0,0.0001466221681459486,0.0001182022442363521,2.8419923909596493e-05,39593939.0,20109914.0
2025-06-30,ETF - Thematic,Market Maker - Quant,1917245020.0,0.0015645290040251047,0.001248102814709477,0.0003164261893156277,1226675681.0,690569339.0
2025-06-30,Energy,Asset Manager - Active,67661035840.0,0.02909957214340545,0.03346049974790294,-0.004360927604497487,69831496265.0,-2170460425.0
2025-06-30,Energy,Asset Manager - Growth,975676073.0,0.007287097268209168,0.013840598809736902,-0.006553501541527734,1585939975.0,-610263902.0
2025-06-30,Energy,Asset Manager - Index,310494307730.0,0.03509909843428297,0.040495397703893675,-0.005396299269610702,322254138264.0,-11759830534.0
2025-06-30,Energy,Asset Manager - Value,12174698573.0,0.050838928859715145,0.05604003914178482,-0.005201110282069675,13169443798.0,-994745225.0
2025-06-30,Energy,Conglomerate / Long-only Value,28608647083.0,0.11109214694232213,0.11315636386902814,-0.002064216926706011,30232605181.0,-1623958098.0
2025-06-30,Energy,Family Office - Macro,237517470.0,0.02980101283901182,0.03759587010779135,-0.007794857268779529,252191770.0,-14674300.0
2025-06-30,Energy,Hedge Fund - Activist,2503226120.0,0.08967982244871309,0.1473952349081303,-0.05771541245941722,5906573242.0,-3403347122.0
2025-06-30,Energy,Hedge Fund - Event Driven,620950660.0,0.06447315090500708,0.045988907646341615,0.01848424325866546,381614734.0,239335926.0
2025-06-30,Energy,Hedge Fund - Global Macro,1843499027.0,0.026071029913522697,0.030466847477717416,-0.0043958175641947185,1573606465.0,269892562.0
2025-06-30,Energy,Hedge Fund - Long/Short,2416984522.0,0.02320337109150573,0.02470754695110818,-0.0015041758596024482,2351888683.0,65095839.0
2025-06-30,Energy,Hedge Fund - Long/Short Growth,2262346691.0,0.024871012561331115,0.02219933725339575,0.0026716753079353665,1461314309.0,801032382.0
2025-06-30,Energy,Hedge Fund - Multi-strategy,19813466050.0,0.022002117056412047,0.02430897485279953,-0.0023068577963874827,19927583302.0,-114117252.0
2025-06-30,Energy,Hedge Fund - Opportunistic,407823071.0,0.06323858349409722,0.036581724343739234,0.026656859150357988,306656048.0,101167023.0
2025-06-30,Energy,Hedge Fund - Quant,10283039747.0,0.02525333805233821,0.030437588702732683,-0.005184250650394472,10195610398.0,87429349.0
2025-06-30,Energy,Market Maker - Quant,18870815688.0,0.01539914730016509,0.017883281455229494,-0.0024841341550644047,17576265512.0,1294550176.0
2025-06-30,Energy,Pension Fund,3898546900.0,0.024836029383809237,0.029933033907808316,-0.005097004523999079,4283800394.0,-385253494.0
2025-06-30,Financials,Asset Manager - Active,251471573478.0,0.10815257413059945,0.11502652937394049,-0.006873955243341043,240058418639.0,11413154839.0
2025-06-30,Financials,Asset Manager - Growth,7023717466.0,0.05245850931015054,0.05040021655629902,0.002058292753851519,5775163292.0,1248554174.0
2025-06-30,Financials,Asset Manager - Index,1016234272428.0,0.11487781216027741,0.11878579030051706,-0.003907978140239646,945273158476.0,70961113952.0
2025-06-30,Financials,Asset Manager - Value,44380532895.0,0.18532358243422054,0.18066883582235777,0.00465474661186277,42457287965.0,1923244930.0
2025-06-30,Financials,Conglomerate / Long-only Value,105069140556.0,0.40800099242325466,0.3840743913730849,0.02392660105016975,102615257662.0,2453882894.0
2025-06-30,Financials,Family Office - Macro,462790061.0,0.05806567638846971,0.056290620808501356,0.0017750555799683557,377595498.0,85194563.0
2025-06-30,Financials,Foundation / Endowment,11718561977.0,0.24525897067857236,0.2187631605793102,0.026495810099262163,9145695432.0,2572866545.0
2025-06-30,Financials,Hedge Fund - Activist,130767896.0,0.004684851121348869,0.003214649437334069,0.0014702016840147996,128820734.0,1947162.0
2025-06-30,Financials,Hedge Fund - Event Driven,1129056993.0,0.11722970370953872,0.13066367449383579,-0.013433970784297061,1084243700.0,44813293.0
2025-06-30,Financials,Hedge Fund - Global Macro,5174044924.0,0.07317209177323546,0.07509104586300892,-0.001918954089773467,3878437220.0,1295607704.0
2025-06-30,Financials,Hedge Fund - Long/Short,14981382573.0,0.14382325420002667,0.1599609404531601,-0.016137686253133415,15226534885.0,-245152312.0
2025-06-30,Financials,Hedge Fund - Long/Short Growth,6296126504.0,0.06921620014812918,0.06856660326303772,0.0006495968850914607,4513529270.0,1782597234.0
2025-06-30,Financials,Hedge Fund - Multi-strategy,62116710131.0,0.0689782960746274,0.06896356362334621,1.4732451281182501e-05,56533735677.0,5582974454.0
2025-06-30,Financials,Hedge Fund - Opportunistic,117120000.0,0.01816106891811588,0.010660263715612083,0.007500805202503798,89362500.0,27757500.0
2025-06-30,Financials,Hedge Fund - Quant,34344972958.0,0.08434521638018795,0.08348311108385703,0.00086210529633092,27964149320.0,6380823638.0
2025-06-30,Financials,Hedge Fund - Value,305040.0,0.07385881305807544,0.1011389386115006,-0.027280125553425155,353588.0,-48548.0
2025-06-30,Financials,Market Maker - Quant,72793545836.0,0.05940170013650779,0.05502683769219743,0.0043748624443103595,54082149967.0,18711395869.0
2025-06-30,Financials,Pension Fund,17428647236.0,0.11103070091919162,0.1094382821815871,0.0015924187376045174,15662019352.0,1766627884.0
2025-06-30,Health Care,Asset Manager - Active,152815942336.0,0.06572288590414993,0.08522790569979145,-0.019505019795641523,177869195720.0,-25053253384.0
2025-06-30,Health Care,Asset Manager - Growth,5307015986.0,0.0396368659272461,0.045041078918074365,-0.005404212990828265,5161080713.0,145935273.0
2025-06-30,Health Care,Asset Manager - Index,621420652376.0,0.0702470354651663,0.08466363560816423,-0.014416600142997935,673735991796.0,-52315339420.0
2025-06-30,Health Care,Asset Manager - Value,27091110408.0,0.11312666399950307,0.11032402709294652,0.0028026369065565493,25926214482.0,1164895926.0
2025-06-30,Health Care,Conglomerate / Long-only Value,6386510047.0,0.0247998834244608,0.020204296476588755,0.004595586947872047,5398092493.0,988417554.0
2025-06-30,Health Care,Family Office - Macro,102011058.0,0.012799196830360224,0.05408160650443207,-0.041282409674071846,362777508.0,-260766450.0
2025-06-30,Health Care,Foundation / Endowment,170939020.0,0.0035776000652886163,0.004209397405097451,-0.0006317973398088351,175979660.0,-5040640.0
2025-06-30,Health Care,Hedge Fund - Activist,744254396.0,0.02666343306211354,0.025134234647095213,0.0015291984150183277,1007204866.0,-262950470.0
2025-06-30,Health Care,Hedge Fund - Contrarian Value,228303900.0,0.39475925664384215,0.18682088882887019,0.20793836781497196,14466500.0,213837400.0
2025-06-30,Health Care,Hedge Fund - Event Driven,318187235.0,0.033037300609684433,0.02061473892623823,0.012422561683446205,171060556.0,147126679.0
2025-06-30,Health Care,Hedge Fund - Global Macro,3313366666.0,0.04685811068982733,0.040560416276041254,0.006297694413786074,2094937237.0,1218429429.0
2025-06-30,Health Care,Hedge Fund - Long/Short,11061699794.0,0.10619378108827397,0.12307184559441914,-0.016878064506145166,11715095854.0,-653396060.0
2025-06-30,Health Care,Hedge Fund - Long/Short Growth,2733997763.0,0.03005608865198644,0.03786730200246975,-0.007811213350483313,2492688391.0,241309372.0
2025-06-30,Health Care,Hedge Fund - Multi-strategy,46922193552.0,0.05210535059688492,0.05147628236045661,0.0006290682364283109,42198320210.0,4723873342.0
2025-06-30,Health Care,Hedge Fund - Opportunistic,764326500.0,0.11851934974762893,0.010933890571370206,0.10758545917625872,91656250.0,672670250.0
2025-06-30,Health Care,Hedge Fund - Quant,26320063376.0,0.06463744907599005,0.07212533204822513,-0.007487882972235085,24159659708.0,2160403668.0
2025-06-30,Health Care,Hedge Fund - Value,239599.0,0.05801369574449848,0.0306058645413039,0.02740783120319458,107000.0,132599.0
2025-06-30,Health Care,Market Maker - Quant,49383647854.0,0.0402985265765067,0.03711964532203993,0.0031788812544667686,36482384037.0,12901263817.0
2025-06-30,Health Care,Pension Fund,10881804861.0,0.0693234767232566,0.08948429775788687,-0.020160821034630266,12806348704.0,-1924543843.0
2025-06-30,Industrials,Asset Manager - Active,63288787710.0,0.027219161234700622,0.026119167643161963,0.0010999935915386588,54510260500.0,8778527210.0
2025-06-30,Industrials,Asset Manager - Growth,769836209.0,0.005749727282255902,0.0040445027034320446,0.0017052245788238577,463443714.0,306392495.0
2025-06-30,Industrials,Asset Manager - Index,292781542946.0,0.03309680061683784,0.03233047894977831,0.000766321667059533,257279375543.0,35502167403.0
2025-06-30,Industrials,Asset Manager - Value,13095764641.0,0.05468510312229576,0.056134335889785864,-0.001449232767490101,13191603592.0,-95838951.0
2025-06-30,Industrials,Conglomerate / Long-only Value,334980855.0,0.001300786515998447,0.0007310766736693874,0.0005697098423290596,195325757.0,139655098.0
2025-06-30,Industrials,Family Office - Macro,173481363.0,0.02176648448677173,0.01612265398572061,0.00564383050105112,108150194.0,65331169.0
2025-06-30,Industrials,Foundation / Endowment,4739856314.0,0.09920093293166803,0.09993521749036276,-0.0007342845586947311,4177929500.0,561926814.0
2025-06-30,Industrials,Hedge Fund - Activist,2827098321.0,0.10128277004090021,0.08134671881296635,0.019936051227933863,3259809267.0,-432710946.0
2025-06-30,Industrials,Hedge Fund - Event Driven,46576000.0,0.0048359743696087054,0.0051036557692831835,-0.00026768139967447806,42350000.0,4226000.0
2025-06-30,Industrials,Hedge Fund - Global Macro,1419944825.0,0.02008106511906868,0.016541106138147944,0.0035399589809207363,854344762.0,565600063.0
2025-06-30,Industrials,Hedge Fund - Long/Short,1914200103.0,0.01837657416877223,0.01907541640087254,-0.0006988422321003128,1815771353.0,98428750.0
2025-06-30,Industrials,Hedge Fund - Long/Short Growth,569529511.0,0.006261098565697138,0.006439029847184345,-0.0001779312814872069,423861593.0,145667918.0
2025-06-30,Industrials,Hedge Fund - Multi-strategy,20427204837.0,0.022683651150424554,0.01978229651487785,0.002901354635546704,16216782653.0,4210422184.0
2025-06-30,Industrials,Hedge Fund - Opportunistic,369045700.0,0.05722561809797062,0.027813252827778863,0.029412365270191754,233152000.0,135893700.0
2025-06-30,Industrials,Hedge Fund - Quant,10360580249.0,0.025443763895078464,0.023772740743704567,0.0016710231513738967,7963101318.0,2397478931.0
2025-06-30,Industrials,Market Maker - Quant,24917831955.0,0.02033369256633723,0.02016679305997541,0.00016689950636182213,19820574330.0,5097257625.0
2025-06-30,Industrials,Pension Fund,3983295212.0,0.02537592581728814,0.024616182456208675,0.0007597433610794652,3522890878.0,460404334.0
2025-06-30,Information Technology,Asset Manager - Active,541553677595.0,0.2329107161168498,0.2010970995456609,0.03181361657118889,419686240840.0,121867436755.0
2025-06-30,Information Technology,Asset Manager - Growth,18848642143.0,0.1407761166545564,0.13926722301542993,0.0015088936391264574,15958085284.0,2890556859.0
2025-06-30,Information Technology,Asset Manager - Index,2176256957578.0,0.24600984710723284,0.21752268513223827,0.028487161974994568,1731001284707.0,445255672871.0
2025-06-30,Information Technology,Asset Manager - Value,5798974793.0,0.0242152744228445,0.024388024679105034,-0.00017275025626053292,5731200857.0,67773936.0
2025-06-30,Information Technology,Conglomerate / Long-only Value,61285717344.0,0.2379826594697997,0.29146635169223983,-0.05348369222244012,77872660741.0,-16586943397.0
2025-06-30,Information Technology,Family Office - Macro,563274493.0,0.07067332940933091,0.05358151845328312,0.01709181095604779,359422935.0,203851558.0
2025-06-30,Information Technology,Foundation / Endowment,13027768274.0,0.2726594818879116,0.2555247884552214,0.017134693432690196,10682565951.0,2345202323.0
2025-06-30,Information Technology,Hedge Fund - Activist,733392081.0,0.026274283047738493,0.02607242708541064,0.0002018559623278536,1044801077.0,-311408996.0
2025-06-30,Information Technology,Hedge Fund - Contrarian Value,20034750.0,0.03464199699192706,0.48960722800853307,-0.454965231016606,97542000.0,-77507250.0
2025-06-30,Information Technology,Hedge Fund - Event Driven,1214474700.0,0.12609860275116416,0.1003571843683111,0.025741418382853057,832761250.0,381713450.0
2025-06-30,Information Technology,Hedge Fund - Global Macro,9101326354.0,0.1287122738621692,0.08545303624288955,0.04325923761927966,4413631912.0,4687694442.0
2025-06-30,Information Technology,Hedge Fund - Long/Short,18417390901.0,0.17680938860940876,0.15319600077084455,0.023613387838564204,14582586495.0,3834804406.0
2025-06-30,Information Technology,Hedge Fund - Long/Short Growth,22128104716.0,0.24326438230686115,0.21554969416402958,0.027714688142831567,14188975499.0,7939129217.0
2025-06-30,Information Technology,Hedge Fund - Multi-strategy,154034578714.0,0.17104967011062375,0.1421193546758579,0.028930315434765846,116504101727.0,37530476987.0
2025-06-30,Information Technology,Hedge Fund - Opportunistic,1182853800.0,0.18341777136146908,0.09555102291712997,0.08786674844433912,800981900.0,381871900.0
2025-06-30,Information Technology,Hedge Fund - Quant,57393999978.0,0.14094957515292833,0.12440410371926272,0.01654547143366561,41671361875.0,15722638103.0
2025-06-30,Information Technology,Hedge Fund - Value,24100.0,0.005835291747638402,0.005174594762225926,0.0006606969854124761,18805.0,5295.0
2025-06-30,Information Technology,Market Maker - Quant,256526387264.0,0.20933316763670834,0.19368680972970864,0.015646357906999697,190361640424.0,66164746840.0
2025-06-30,Information Technology,Pension Fund,41097344577.0,0.2618141794089755,0.2202951626877833,0.04151901672119221,31527058287.0,9570286290.0
2025-06-30,Materials,Asset Manager - Active,9029545520.0,0.003883415440206236,0.005527948897437603,-0.001644533457231367,11536735724.0,-2507190204.0
2025-06-30,Materials,Asset Manager - Growth,747931133.0,0.005586123373236485,0.005802956709423354,-0.00021683333618686875,664938067.0,82993066.0
2025-06-30,Materials,Asset Manager - Index,50667288530.0,0.005727564413384122,0.006267621301664722,-0.0005400568882805998,49876455500.0,790833030.0
2025-06-30,Materials,Asset Manager - Value,7724593.0,3.225624286651106e-05,3.054185167300152e-05,1.7143911935095358e-06,7177354.0,547239.0
2025-06-30,Materials,Conglomerate / Long-only Value,1343907618.0,0.0052186173691687295,0.6260342416807284,-0.6208156243115597,692738413.0,651169205.0
2025-06-30,Materials,Family Office - Macro,6223745.0,0.0007808853161484737,0.0002718028609688965,0.0005090824551795771,1823244.0,4400501.0
2025-06-30,Materials,Hedge Fund - Event Driven,63772845.0,0.006621518462234384,0.007660152745757718,-0.0010386342835233334,63563744.0,209101.0
2025-06-30,Materials,Hedge Fund - Global Macro,688976645.0,0.009743607378379978,0.010912878806528352,-0.001169271428148374,563647967.0,125328678.0
2025-06-30,Materials,Hedge Fund - Long/Short,310113647.0,0.002977132028105397,0.0030429667518353837,-6.583472372998682e-05,289657208.0,20456439.0
2025-06-30,Materials,Hedge Fund - Multi-strategy,5240574871.0,0.005819463463063973,0.006517955985807166,-0.0006984925227431927,5343175171.0,-102600300.0
2025-06-30,Materials,Hedge Fund - Quant,3630809095.0,0.008916628908906925,0.010790841628010648,-0.0018742127191037228,3614583868.0,16225227.0
2025-06-30,Materials,Market Maker - Quant,6865514363.0,0.005602464075491218,0.006786259121355764,-0.0011837950458645462,6669754231.0,195760132.0
2025-06-30,Materials,Pension Fund,515187638.0,0.0032820472970437465,0.0034676078417590073,-0.00018556054471526072,496259079.0,18928559.0
2025-06-30,Real Estate,Asset Manager - Active,20709521033.0,0.008906724437093042,0.009572569060508143,-0.0006658446234151013,19977789502.0,731731531.0
2025-06-30,Real Estate,Asset Manager - Growth,28595306.0,0.0002135716781446635,0.0002578906684507495,-4.4318990306086e-05,29550681.0,-955375.0
2025-06-30,Real Estate,Asset Manager - Index,123624673432.0,0.01397486032326579,0.015918526259714884,-0.0019436659364490943,126676394186.0,-3051720754.0
2025-06-30,Real Estate,Asset Manager - Value,644115473.0,0.0026896880044250415,0.0034268032564144743,-0.0007371152519894328,805300881.0,-161185408.0
2025-06-30,Real Estate,Family Office - Macro,11898946.0,0.0014929455189831228,0.002023677241187376,-0.000530731722204253,13456100.0,-1557154.0
2025-06-30,Real Estate,Hedge Fund - Activist,1272514320.0,0.04558871344832598,0.03790238749464011,0.007686325953685874,1518863401.0,-246349081.0
2025-06-30,Real Estate,Hedge Fund - Event Driven,60089796.0,0.0062391084105766,0.005349654749123735,0.0008894536614528648,44391293.0,15698503.0
2025-06-30,Real Estate,Hedge Fund - Global Macro,568576120.0,0.008040885737139406,0.008985037378210268,-0.000944151641070862,464075350.0,104500770.0
2025-06-30,Real Estate,Hedge Fund - Long/Short,1520540733.0,0.014597392149766169,0.011551300252142,0.0030460918976241685,1099557653.0,420983080.0
2025-06-30,Real Estate,Hedge Fund - Multi-strategy,4173511218.0,0.00463452896746881,0.005905986385020376,-0.0012714574175515664,4841505509.0,-667994291.0
2025-06-30,Real Estate,Hedge Fund - Quant,2687722520.0,0.006600574057709353,0.007807859346557333,-0.00120728528884798,2615381025.0,72341495.0
2025-06-30,Real Estate,Market Maker - Quant,2163401897.0,0.00176540034263301,0.0018470452262674246,-8.164488363441463e-05,1815335591.0,348066306.0
2025-06-30,Real Estate,Pension Fund,1486192868.0,0.0094679198907818,0.011507652047585557,-0.0020397321568037564,1646892344.0,-160699476.0
2025-06-30,Unclassified,Asset Manager - Active,657364088395.0,0.2827183101359724,0.2851130268497372,-0.002394716713764844,595026058175.0,62338030220.0
2025-06-30,Unclassified,Asset Manager - Growth,46111814884.0,0.34439840185910064,0.35105564202862677,-0.006657240169526124,40226090200.0,5885724684.0
2025-06-30,Unclassified,Asset Manager - Index,2369642121023.0,0.2678706178798435,0.27299736362711075,-0.005126745747267236,2172457492757.0,197184628266.0
2025-06-30,Unclassified,Asset Manager - Value,85900998239.0,0.3587041364733291,0.3688334473682607,-0.010129310894931576,86676087853.0,-775089614.0
2025-06-30,Unclassified,Conglomerate / Long-only Value,4607880829.0,0.017893169595292083,0.016109661465365997,0.0017835081299260869,4304106442.0,303774387.0
2025-06-30,Unclassified,Family Office - Macro,4188034906.0,0.5254673772162345,0.5574406694940884,-0.03197329227785395,3739292340.0,448742566.0
2025-06-30,Unclassified,Foundation / Endowment,16007145693.0,0.33501517369387745,0.3755127007178592,-0.04049752702398174,15698825993.0,308319700.0
2025-06-30,Unclassified,Hedge Fund - Activist,11625497249.0,0.41649155097835205,0.3787523487406449,0.03773920223770716,15177753133.0,-3552255884.0
2025-06-30,Unclassified,Hedge Fund - Contrarian Value,27925000.0,0.04828499312442447,0.11002133266407328,-0.06173633953964881,21919000.0,6006000.0
2025-06-30,Unclassified,Hedge Fund - Event Driven,4809658288.0,0.4993856107725886,0.5347925183451985,-0.03540690757260989,4437694111.0,371964177.0
2025-06-30,Unclassified,Hedge Fund - Global Macro,15905781653.0,0.2249418650077343,0.2463308337406597,-0.021388968732925395,12722937376.0,3182844277.0
2025-06-30,Unclassified,Hedge Fund - Long/Short,31364720380.0,0.3011054640748141,0.3064942298006304,-0.0053887657258163135,29174904004.0,2189816376.0
2025-06-30,Unclassified,Hedge Fund - Long/Short Growth,27216652086.0,0.2992051123734177,0.2788844964317956,0.0203206159416221,18358111350.0,8858540736.0
2025-06-30,Unclassified,Hedge Fund - Multi-strategy,246343812249.0,0.27355564036839936,0.2549562602285777,0.018599380139821653,209003553002.0,37340259247.0
2025-06-30,Unclassified,Hedge Fund - Opportunistic,1118438339.0,0.1734292670358782,0.10545651860834389,0.0679727484275343,884017356.0,234420983.0
2025-06-30,Unclassified,Hedge Fund - Quant,164654163954.0,0.40436168354484553,0.3990164373906736,0.005345246154171923,133657635556.0,30996528398.0
2025-06-30,Unclassified,Hedge Fund - Value,2446485.0,0.5923632253618728,0.6440374913259548,-0.05167426596408198,2251595.0,194890.0
2025-06-30,Unclassified,Market Maker - Quant,203986300385.0,0.1664588928629007,0.14905711733202714,0.017401775530873548,146498140022.0,57488160363.0
2025-06-30,Unclassified,Pension Fund,31806133982.0,0.20262372068996412,0.22538232299197583,-0.02275860230201171,32255096059.0,-448962077.0
2025-06-30,Utilities,Asset Manager - Active,10242110594.0,0.004404913883311312,0.005306920339467316,-0.0009020064561560039,11075452867.0,-833342273.0
2025-06-30,Utilities,Asset Manager - Growth,7128061.0,5.323782685478268e-05,6.112434376515319e-05,-7.88651691037051e-06,7003999.0,124062.0
2025-06-30,Utilities,Asset Manager - Index,68405873581.0,0.0077327810221580195,0.008626534256182431,-0.0008937532340244116,68648204995.0,-242331414.0
2025-06-30,Utilities,Asset Manager - Value,994870847.0,0.0041543671830533415,0.005034246658747959,-0.0008798794756946175,1183051073.0,-188180226.0
2025-06-30,Utilities,Family Office - Macro,84647990.0,0.010620674920402882,0.004823245408867619,0.005797429511535264,32354160.0,52293830.0
2025-06-30,Utilities,Hedge Fund - Activist,125061928.0,0.004480430836241729,0.003286578043906233,0.0011938527923354963,131703131.0,-6641203.0
2025-06-30,Utilities,Hedge Fund - Global Macro,210273951.0,0.00297372463248694,0.0029434969932090396,3.022763927790044e-05,152031020.0,58242931.0
2025-06-30,Utilities,Hedge Fund - Long/Short,434265625.0,0.0041690074377562225,0.0046203710060249,-0.00045136356826867754,439808869.0,-5543244.0
2025-06-30,Utilities,Hedge Fund - Long/Short Growth,6107082.0,6.713794739741733e-05,8.405773534975789e-05,-1.691978795234056e-05,5533263.0,573819.0
2025-06-30,Utilities,Hedge Fund - Multi-strategy,2820626258.0,0.0031322005420099373,0.0028430645867363906,0.0002891359552735467,2330637418.0,489988840.0
2025-06-30,Utilities,Hedge Fund - Quant,2713154086.0,0.006663029513411128,0.0074700179953305695,-0.0008069884819194417,2502215070.0,210939016.0
2025-06-30,Utilities,Market Maker - Quant,2029744209.0,0.0016563316908406907,0.0017951279639970637,-0.000138796273156373,1764309632.0,265434577.0
2025-06-30,Utilities,Pension Fund,1498929260.0,0.009549058174883426,0.012352862694052774,-0.002803804519169348,1767852809.0,-268923549.0
2025-09-30,Communication Services,Asset Manager - Active,274316897830.0,0.10996618056138083,0.10860384455866237,0.0013623360027184561,252520847483.0,21796050347.0
2025-09-30,Communication Services,Asset Manager - Growth,18748107716.0,0.1388764362035665,0.1524368534394557,-0.013560417235889216,20409908784.0,-1661801068.0
2025-09-30,Communication Services,Asset Manager - Index,780388139804.0,0.08159466842650671,0.07888606192247648,0.0027086065040302365,697843371448.0,82544768356.0
2025-09-30,Communication Services,Asset Manager - Value,25823597244.0,0.10424914287117029,0.11111953950388637,-0.006870396632716075,26610452450.0,-786855206.0
2025-09-30,Communication Services,Conglomerate / Long-only Value,6474459969.0,0.024218572319145832,0.007888845647378642,0.01632972667176719,2031549549.0,4442910420.0
2025-09-30,Communication Services,Family Office - Macro,360584553.0,0.051330216344141116,0.03391970900202475,0.01741050734211637,270343948.0,90240605.0
2025-09-30,Communication Services,Hedge Fund - Activist,2783731532.0,0.05371854566730163,0.07653130409834415,-0.022812758431042517,2136212519.0,647519013.0
2025-09-30,Communication Services,Hedge Fund - Event Driven,382153600.0,0.0319569604583495,0.0426831647203162,-0.010726204261966701,411088010.0,-28934410.0
2025-09-30,Communication Services,Hedge Fund - Global Macro,1372453072.0,0.05371801001871941,0.0643196426459662,-0.010601632627246782,4548082643.0,-3175629571.0
2025-09-30,Communication Services,Hedge Fund - Long/Short,5621006977.0,0.0748345888608907,0.06567573845497002,0.009158850405920682,6841128502.0,-1220121525.0
2025-09-30,Communication Services,Hedge Fund - Long/Short Growth,17235044099.0,0.18243332223806769,0.19626292046592234,-0.01382959822785465,17852701718.0,-617657619.0
2025-09-30,Communication Services,Hedge Fund - Multi-strategy,64355148315.0,0.06102684090574943,0.06243611473580858,-0.001409273830059149,56225309430.0,8129838885.0
2025-09-30,Communication Services,Hedge Fund - Opportunistic,666398725.0,0.09025403816158067,0.09628529827540024,-0.0060312601138195615,620940000.0,45458725.0
2025-09-30,Communication Services,Hedge Fund - Quant,26419011013.0,0.05295080423756262,0.055951274080617286,-0.0030004698430546664,22783094024.0,3635916989.0
2025-09-30,Communication Services,Hedge Fund - Value,464618.0,0.09698121651397135,0.1310727590663727,-0.03409154255240135,541336.0,-76718.0
2025-09-30,Communication Services,Market Maker - Quant,99302881520.0,0.06481643554406431,0.07173393456873862,-0.006917499024674312,87906026966.0,11396854554.0
2025-09-30,Communication Services,Pension Fund,14885028355.0,0.08911276500963361,0.08366149765727571,0.0054512673523579025,13132464425.0,1752563930.0
2025-09-30,Consumer Discretionary,Asset Manager - Active,180823689735.0,0.07248729725536979,0.07526732859267572,-0.0027800313373059354,175008257592.0,5815432143.0
2025-09-30,Consumer Discretionary,Asset Manager - Growth,32567998686.0,0.2412471519957271,0.2460330202419276,-0.004785868246200503,32941584582.0,-373585896.0
2025-09-30,Consumer Discretionary,Asset Manager - Index,752829272840.0,0.07871320919174367,0.0776609650087645,0.0010522441829791673,687005895983.0,65823376857.0
2025-09-30,Consumer Discretionary,Asset Manager - Value,16669317599.0,0.06729357089654989,0.06889975984112078,-0.0016061889445708882,16499832444.0,169485155.0
2025-09-30,Consumer Discretionary,Conglomerate / Long-only Value,5465949476.0,0.020446105669219138,0.02088809772218451,-0.00044199205296537383,5379140042.0,86809434.0
2025-09-30,Consumer Discretionary,Family Office - Macro,892193659.0,0.12700625458390302,0.058946873444048295,0.06805938113985473,469813302.0,422380357.0
2025-09-30,Consumer Discretionary,Foundation / Endowment,399559810.0,0.010921782346274776,0.007846721098971745,0.003075061247303031,374919161.0,24640649.0
2025-09-30,Consumer Discretionary,Hedge Fund - Activist,4436101003.0,0.08560484068778298,0.17510617519464614,-0.08950133450686315,4887725461.0,-451624458.0
2025-09-30,Consumer Discretionary,Hedge Fund - Contrarian Value,17793000.0,0.012882294226422019,0.3038788419984305,-0.2909965477720085,175744390.0,-157951390.0
2025-09-30,Consumer Discretionary,Hedge Fund - Event Driven,1027279200.0,0.08590451790611132,0.09939586528928111,-0.013491347383169788,957296600.0,69982600.0
2025-09-30,Consumer Discretionary,Hedge Fund - Global Macro,1171867490.0,0.0458670615795245,0.0411032679315506,0.004763793647973899,2906438092.0,-1734570602.0
2025-09-30,Consumer Discretionary,Hedge Fund - Long/Short,5971261603.0,0.07949766098312533,0.11012240488138741,-0.030624743898262086,11470925801.0,-5499664198.0
2025-09-30,Consumer Discretionary,Hedge Fund - Long/Short Growth,11810489084.0,0.12501428766147266,0.12263674485240338,0.00237754280906928,11155429769.0,655059315.0
2025-09-30,Consumer Discretionary,Hedge Fund - Multi-strategy,92530081251.0,0.08774462798005356,0.08615983056825216,0.0015847974118013974,77589118968.0,14940962283.0
2025-09-30,Consumer Discretionary,Hedge Fund - Opportunistic,2157390000.0,0.2921871727611912,0.28402289882908854,0.008164273932102672,1831652204.0,325737796.0
2025-09-30,Consumer Discretionary,Hedge Fund - Quant,34730407995.0,0.06960907938336551,0.06941236138838888,0.0001967179949766279,28264385073.0,6466022922.0
2025-09-30,Consumer Discretionary,Hedge Fund - Value,529337.0,0.11049022251797402,0.06499812834833156,0.045492094169642464,268445.0,260892.0
2025-09-30,Consumer Discretionary,Market Maker - Quant,167054793224.0,0.10903909404833942,0.10332849738080818,0.005710596667531237,126623441635.0,40431351589.0
2025-09-30,Consumer Discretionary,Pension Fund,11542071951.0,0.06909936084523813,0.06705357149580671,0.0020457893494314205,10525494605.0,1016577346.0
2025-09-30,Consumer Staples,Asset Manager - Active,55373083059.0,0.022197562374301556,0.026159538835578606,-0.00396197646127705,60825000656.0,-5451917597.0
2025-09-30,Consumer Staples,Asset Manager - Growth,651533974.0,0.004826231945395078,0.005370475138862001,-0.0005442431934669237,719057795.0,-67523821.0
2025-09-30,Consumer Staples,Asset Manager - Index,351210716274.0,0.03672137040602686,0.04056545406742992,-0.0038440836614030555,358850886213.0,-7640169939.0
2025-09-30,Consumer Staples,Asset Manager - Value,5905250029.0,0.02383932990227531,0.02619566163998423,-0.0023563317377089214,6273229817.0,-367979788.0
2025-09-30,Consumer Staples,Conglomerate / Long-only Value,40182608662.0,0.1503083528992598,0.1649348008901403,-0.014626447990880476,42474303002.0,-2291694340.0
2025-09-30,Consumer Staples,Family Office - Macro,8694608.0,0.001237701687314099,1.9902224706092448e-05,0.0012177994626080065,158623.0,8535985.0
2025-09-30,Consumer Staples,Foundation / Endowment,1598658118.0,0.04369857922122162,0.03644111964371018,0.007257459577511435,1741169825.0,-142511707.0
2025-09-30,Consumer Staples,Hedge Fund - Activist,179061000.0,0.003455396612482204,0.018921700539187528,-0.015466303926705324,528160000.0,-349099000.0
2025-09-30,Consumer Staples,Hedge Fund - Global Macro,530691138.0,0.02077132723116496,0.021072297640542706,-0.0003009704093777446,1490035504.0,-959344366.0
2025-09-30,Consumer Staples,Hedge Fund - Long/Short,2766229704.0,0.03682786081580475,0.03283339524904556,0.003994465566759184,3420098218.0,-653868514.0
2025-09-30,Consumer Staples,Hedge Fund - Long/Short Growth,748462655.0,0.0079224937249042,0.008121277350857173,-0.00019878362595297273,738737311.0,9725344.0
2025-09-30,Consumer Staples,Hedge Fund - Multi-strategy,17441678708.0,0.016539633261853873,0.020502862196551737,-0.0039632289346978634,18463348914.0,-1021670206.0
2025-09-30,Consumer Staples,Hedge Fund - Quant,13622787359.0,0.027303730115461295,0.02479534387897435,0.002508386236486946,10096546687.0,3526240672.0
2025-09-30,Consumer Staples,Hedge Fund - Value,275622.0,0.05753147070930057,0.07385808667321059,-0.016326615963910017,305037.0,-29415.0
2025-09-30,Consumer Staples,Market Maker - Quant,21724828943.0,0.014180111929644057,0.017580802487279213,-0.0034006905576351564,21544315209.0,180513734.0
2025-09-30,Consumer Staples,Pension Fund,5209706345.0,0.031189146988439324,0.0383163882572395,-0.007127241268800176,6014578029.0,-804871684.0
2025-09-30,ETF - Broad Equity,Asset Manager - Active,55266087793.0,0.022154670883353517,0.021056858961921363,0.0010978119214321534,48960475497.0,6305612296.0
2025-09-30,ETF - Broad Equity,Asset Manager - Index,65820223549.0,0.006881933543464747,0.006798486304823866,8.344723864088088e-05,60140898000.0,5679325549.0
2025-09-30,ETF - Broad Equity,Asset Manager - Value,2778836.0,1.1218083539730695e-05,1.4202142712534838e-05,-2.9840591728041422e-06,3401071.0,-622235.0
2025-09-30,ETF - Broad Equity,Family Office - Macro,568937236.0,0.08098980160727426,0.13380496607631212,-0.05281516446903786,1066440835.0,-497503599.0
2025-09-30,ETF - Broad Equity,Hedge Fund - Activist,3689988831.0,0.0712068786990722,0.014294965184088205,0.056911913514984,399014285.0,3290974546.0
2025-09-30,ETF - Broad Equity,Hedge Fund - Event Driven,582907500.0,0.04874467211188213,0.02223170349035569,0.026512968621526443,184478085.0,398429415.0
2025-09-30,ETF - Broad Equity,Hedge Fund - Global Macro,4702545842.0,0.18405831850113946,0.2906020574131544,-0.10654373891201496,20548655418.0,-15846109576.0
2025-09-30,ETF - Broad Equity,Hedge Fund - Long/Short,377524206.0,0.005026122340115396,3.552048937720554e-05,0.004990601850738191,3700000.0,373824206.0
2025-09-30,ETF - Broad Equity,Hedge Fund - Long/Short Growth,8621600.0,9.125982631509392e-05,3.802477599699724e-05,5.323505031809668e-05,3458855.0,5162745.0
2025-09-30,ETF - Broad Equity,Hedge Fund - Multi-strategy,158447796921.0,0.15025322367737537,0.1662261226809999,-0.01597289900362453,149690851563.0,8756945358.0
2025-09-30,ETF - Broad Equity,Hedge Fund - Opportunistic,45665400.0,0.006184715846003226,0.005700144240351262,0.00048457160565196396,36760000.0,8905400.0
2025-09-30,ETF - Broad Equity,Hedge Fund - Quant,37845193570.0,0.07585194748855884,0.07033722235051056,0.005514725138048279,28640984080.0,9204209490.0
2025-09-30,ETF - Broad Equity,Market Maker - Quant,313172935902.0,0.20441253167410975,0.22545148265628195,-0.021038950982172205,276278503794.0,36894432108.0
2025-09-30,ETF - Broad Equity,Pension Fund,15896926740.0,0.09517073553179542,0.09366548428448386,0.0015052512473115592,14702804452.0,1194122288.0
2025-09-30,ETF - Commodity,Asset Manager - Active,1735469862.0,0.0006957026479710197,0.0007353473003864446,-3.964465241542488e-05,1709796962.0,25672900.0
2025-09-30,ETF - Commodity,Asset Manager - Index,327061679.0,3.419643109866338e-05,2.9786754449426983e-05,4.409676649236399e-06,263500150.0,63561529.0
2025-09-30,ETF - Commodity,Hedge Fund - Long/Short,6355500.0,8.461317188388021e-05,6.299606791708723e-05,2.1617103966792986e-05,6562000.0,-206500.0
2025-09-30,ETF - Commodity,Hedge Fund - Multi-strategy,15103019876.0,0.014321924745750211,0.009600542589500523,0.004721382156249688,8645532799.0,6457487077.0
2025-09-30,ETF - Commodity,Hedge Fund - Quant,882667155.0,0.0017691023978275724,0.001921579940103062,-0.00015247754227548974,782458258.0,100208897.0
2025-09-30,ETF - Commodity,Market Maker - Quant,34426382060.0,0.0224706004463517,0.018783112040696336,0.0036874884056553626,23017680035.0,11408702025.0
2025-09-30,ETF - Fixed Income,Asset Manager - Active,6241800566.0,0.002502168016256343,0.002715529418681564,-0.0002133614024252212,6314028688.0,-72228122.0
2025-09-30,ETF - Fixed Income,Asset Manager - Index,6618187246.0,0.0006919746295190143,0.000726750920033882,-3.477629051486773e-05,6428997720.0,189189526.0
2025-09-30,ETF - Fixed Income,Asset Manager - Value,150958.0,6.094132417280712e-07,5.864097230736964e-07,2.3003518654374758e-08,140431.0,10527.0
2025-09-30,ETF - Fixed Income,Family Office - Macro,117306086.0,0.016698848363768993,0.003439558324852731,0.013259290038916263,27413672.0,89892414.0
2025-09-30,ETF - Fixed Income,Hedge Fund - Activist,308522000.0,0.00595364637568334,0.0039754092350200165,0.0019782371406633237,170462800.0,138059200.0
2025-09-30,ETF - Fixed Income,Hedge Fund - Global Macro,236823087.0,0.009269289580583968,0.004710133512837396,0.004559156067746572,333056522.0,-96233435.0
2025-09-30,ETF - Fixed Income,Hedge Fund - Multi-strategy,15229559600.0,0.01444192011219715,0.011526262048523797,0.002915658063673353,10379692154.0,4849867446.0
2025-09-30,ETF - Fixed Income,Hedge Fund - Quant,1947792626.0,0.003903900338432174,0.0029562495040271588,0.0009476508344050151,1203770808.0,744021818.0
2025-09-30,ETF - Fixed Income,Market Maker - Quant,19401084806.0,0.012663370322841608,0.017441195790222224,-0.004777825467380616,21373234811.0,-1972150005.0
2025-09-30,ETF - International Equity,Asset Manager - Active,5687581136.0,0.0022799965263039642,0.0022656655454611906,1.4330980842773653e-05,5268025142.0,419555994.0
2025-09-30,ETF - International Equity,Asset Manager - Growth,2681196.0,1.9860934814529716e-05,,,,
2025-09-30,ETF - International Equity,Asset Manager - Index,5791753569.0,0.000605565599945282,0.000593774860080813,1.1790739864468974e-05,5252662386.0,539091183.0
2025-09-30,ETF - International Equity,Asset Manager - Value,43697.0,1.7640357201202668e-07,2.497203200094936e-07,-7.33167479974669e-08,59802.0,-16105.0
2025-09-30,ETF - International Equity,Family Office - Macro,101460.0,1.4443113846522865e-05,0.011215648843343046,-0.011201205729496523,89390000.0,-89288540.0
2025-09-30,ETF - International Equity,Hedge Fund - Global Macro,134128496.0,0.005249808564619371,0.00697947548153185,-0.0017296669169124786,493523129.0,-359394633.0
2025-09-30,ETF - International Equity,Hedge Fund - Multi-strategy,5940165009.0,0.00563295267666485,0.005062263840579145,0.0005706888360857048,4558697351.0,1381467658.0
2025-09-30,ETF - International Equity,Hedge Fund - Quant,611215211.0,0.0012250396870933592,0.001610570055989491,-0.00038553036889613177,655816505.0,-44601294.0
2025-09-30,ETF - International Equity,Market Maker - Quant,11039849755.0,0.007205870555901182,0.009779284695661736,-0.0025734141397605534,11983980376.0,-944130621.0
2025-09-30,ETF - Sector,Asset Manager - Active,479903197.0,0.00019238013418331428,0.00017606876184281036,1.6311372340503915e-05,409387284.0,70515913.0
2025-09-30,ETF - Sector,Asset Manager - Index,805412801.0,8.421115992429668e-05,0.00010230273949233036,-1.809157956803369e-05,904992427.0,-99579626.0
2025-09-30,ETF - Sector,Hedge Fund - Activist,3325335000.0,0.06417003867044477,0.0446023283393935,0.019567710331051265,1787350312.0,1537984688.0
2025-09-30,ETF - Sector,Hedge Fund - Multi-strategy,14862390214.0,0.014093739923174711,0.013562842423890963,0.0005308974992837487,12213684584.0,2648705630.0
2025-09-30,ETF - Sector,Hedge Fund - Quant,2237336526.0,0.004484224195352336,0.0056975180518473115,-0.0012132938564949755,2320002388.0,-82665862.0
2025-09-30,ETF - Sector,Market Maker - Quant,19891758090.0,0.012983639914204625,0.01408783818819589,-0.0011041982739912644,17263877844.0,2627880246.0
2025-09-30,ETF - Thematic,Asset Manager - Active,3407888.0,1.3661295753395585e-06,1.5445985017029698e-06,-1.7846892636341123e-07,3591432.0,-183544.0
2025-09-30,ETF - Thematic,Hedge Fund - Multi-strategy,1123467110.0,0.001065363850133986,0.0009622405859784779,0.00010312326415550801,866522123.0,256944987.0
2025-09-30,ETF - Thematic,Hedge Fund - Quant,123029216.0,0.00024658364117836277,0.0001466221681459486,9.996147303241418e-05,59703853.0,63325363.0
2025-09-30,ETF - Thematic,Market Maker - Quant,2489448923.0,0.0016248995314941774,0.0015645290040251047,6.037052746907267e-05,1917245020.0,572203903.0
2025-09-30,Energy,Asset Manager - Active,72177763102.0,0.028934101371727746,0.02909957214340545,-0.00016547077167770527,67661035840.0,4516727262.0
2025-09-30,Energy,Asset Manager - Growth,606947030.0,0.0044959545660602255,0.007287097268209168,-0.002791142702148942,975676073.0,-368729043.0
2025-09-30,Energy,Asset Manager - Index,342801196730.0,0.03584210030462418,0.03509909843428297,0.0007430018703412089,310494307730.0,32306889000.0
2025-09-30,Energy,Asset Manager - Value,13175411205.0,0.0531887680913857,0.050838928859715145,0.002349839231670557,12174698573.0,1000712632.0
2025-09-30,Energy,Conglomerate / Long-only Value,31473924164.0,0.11773236875088408,0.11109214694232213,0.006640221808561955,28608647083.0,2865277081.0
2025-09-30,Energy,Family Office - Macro,223666715.0,0.031839580410238356,0.02980101283901182,0.0020385675712265364,237517470.0,-13850755.0
2025-09-30,Energy,Hedge Fund - Activist,7917083414.0,0.15277845655656255,0.08967982244871309,0.06309863410784947,2503226120.0,5413857294.0
2025-09-30,Energy,Hedge Fund - Contrarian Value,61500000.0,0.04452656072191053,0.06346240667245531,-0.01893584595054478,6567500.0,54932500.0
2025-09-30,Energy,Hedge Fund - Event Driven,803268859.0,0.06717202497761768,0.06447315090500708,0.002698874072610602,620950660.0,182318199.0
2025-09-30,Energy,Hedge Fund - Global Macro,637525960.0,0.024952857482090803,0.026071029913522697,-0.0011181724314318943,1843499027.0,-1205973067.0
2025-09-30,Energy,Hedge Fund - Long/Short,3328164830.0,0.04430911538331759,0.02320337109150573,0.02110574429181186,2416984522.0,911180308.0
2025-09-30,Energy,Hedge Fund - Long/Short Growth,2449834034.0,0.025931547328065078,0.024871012561331115,0.001060534766733963,2262346691.0,187487343.0
2025-09-30,Energy,Hedge Fund - Multi-strategy,24931850668.0,0.02364242992269357,0.022002117056412047,0.0016403128662815236,19813466050.0,5118384618.0
2025-09-30,Energy,Hedge Fund - Opportunistic,387912653.0,0.05253714041427976,0.06323858349409722,-0.010701443079817463,407823071.0,-19910418.0
2025-09-30,Energy,Hedge Fund - Quant,14317339647.0,0.02869579972081262,0.02525333805233821,0.0034424616684744086,10283039747.0,4034299900.0
2025-09-30,Energy,Market Maker - Quant,24488527006.0,0.015984017864917613,0.01539914730016509,0.0005848705647525237,18870815688.0,5617711318.0
2025-09-30,Energy,Pension Fund,4125163499.0,0.02469627311050594,0.024836029383809237,-0.00013975627330329796,3898546900.0,226616599.0
2025-09-30,Financials,Asset Manager - Active,251461839209.0,0.10080420941436324,0.10815257413059945,-0.007348364716236205,251471573478.0,-9734269.0
2025-09-30,Financials,Asset Manager - Growth,7501599854.0,0.055568032215839364,0.05245850931015054,0.003109522905688826,7023717466.0,477882388.0
2025-09-30,Financials,Asset Manager - Index,1062284106736.0,0.1110687298318517,0.11487781216027741,-0.0038090823284257086,1016234272428.0,46049834308.0
2025-09-30,Financials,Asset Manager - Value,42818331528.0,0.17285641186201298,0.18532358243422054,-0.012467170572207559,44380532895.0,-1562201367.0
2025-09-30,Financials,Conglomerate / Long-only Value,108049449974.0,0.4041732330987633,0.40800099242325466,-0.0038277593244913644,105069140556.0,2980309418.0
2025-09-30,Financials,Family Office - Macro,428100781.0,0.060941339619242585,0.05806567638846971,0.0028756632307728736,462790061.0,-34689280.0
2025-09-30,Financials,Foundation / Endowment,10942248714.0,0.29910130058654566,0.24525897067857236,0.0538423299079733,11718561977.0,-776313263.0
2025-09-30,Financials,Hedge Fund - Activist,120895380.0,0.0023329562915249485,0.004684851121348869,-0.0023518948298239203,130767896.0,-9872516.0
2025-09-30,Financials,Hedge Fund - Event Driven,656734635.0,0.054918343729651084,0.11722970370953872,-0.06231135997988764,1129056993.0,-472322358.0
2025-09-30,Financials,Hedge Fund - Global Macro,2563045512.0,0.10031796882600429,0.07317209177323546,0.02714587705276883,5174044924.0,-2610999412.0
2025-09-30,Financials,Hedge Fund - Long/Short,7766991019.0,0.10340488492033685,0.14382325420002667,-0.04041836927968982,14981382573.0,-7214391554.0
2025-09-30,Financials,Hedge Fund - Long/Short Growth,5845528661.0,0.06187504991216984,0.06921620014812918,-0.00734115023595934,6296126504.0,-450597843.0
2025-09-30,Financials,Hedge Fund - Multi-strategy,72185775712.0,0.06845248539358192,0.0689782960746274,-0.0005258106810454716,62116710131.0,10069065581.0
2025-09-30,Financials,Hedge Fund - Opportunistic,246446800.0,0.03337764323003385,0.01816106891811588,0.01521657431191797,117120000.0,129326800.0
2025-09-30,Financials,Hedge Fund - Quant,44008508885.0,0.08820488918415631,0.08434521638018795,0.0038596728039683587,34344972958.0,9663535927.0
2025-09-30,Financials,Hedge Fund - Value,312659.0,0.06526232340124956,0.07385881305807544,-0.008596489656825884,305040.0,7619.0
2025-09-30,Financials,Market Maker - Quant,86276125663.0,0.056313682467523954,0.05940170013650779,-0.003088017668983839,72793545836.0,13482579827.0
2025-09-30,Financials,Pension Fund,17880300675.0,0.10704467565341552,0.11103070091919162,-0.0039860252657761,17428647236.0,451653439.0
2025-09-30,Health Care,Asset Manager - Active,152477640746.0,0.061124137471979936,0.06572288590414993,-0.004598748432169994,152815942336.0,-338301590.0
2025-09-30,Health Care,Asset Manager - Growth,4803804546.0,0.03558413817932278,0.0396368659272461,-0.0040527277479233195,5307015986.0,-503211440.0
2025-09-30,Health Care,Asset Manager - Index,656141471520.0,0.06860386912466528,0.0702470354651663,-0.0016431663405010177,621420652376.0,34720819144.0
2025-09-30,Health Care,Asset Manager - Value,29696126502.0,0.11988243563342589,0.11312666399950307,0.006755771633922825,27091110408.0,2605016094.0
2025-09-30,Health Care,Conglomerate / Long-only Value,6013337581.0,0.022493683146114135,0.0247998834244608,-0.0023062002783466665,6386510047.0,-373172466.0
2025-09-30,Health Care,Family Office - Macro,93118898.0,0.013255734723800023,0.012799196830360224,0.0004565378934397995,102011058.0,-8892160.0
2025-09-30,Health Care,Foundation / Endowment,190556665.0,0.005208778179572156,0.0035776000652886163,0.0016311781142835393,170939020.0,19617645.0
2025-09-30,Health Care,Hedge Fund - Activist,261255349.0,0.005041526898249513,0.02666343306211354,-0.021621906163864026,744254396.0,-482999047.0
2025-09-30,Health Care,Hedge Fund - Contrarian Value,176800000.0,0.1280048119615249,0.39475925664384215,-0.26675444468231724,228303900.0,-51503900.0
2025-09-30,Health Care,Hedge Fund - Event Driven,492714855.0,0.04120246188568263,0.033037300609684433,0.008165161275998194,318187235.0,174527620.0
2025-09-30,Health Care,Hedge Fund - Global Macro,1429075550.0,0.05593422192610091,0.04685811068982733,0.009076111236273582,3313366666.0,-1884291116.0
2025-09-30,Health Care,Hedge Fund - Long/Short,8130521412.0,0.10824470234271488,0.10619378108827397,0.00205092125444091,11061699794.0,-2931178382.0
2025-09-30,Health Care,Hedge Fund - Long/Short Growth,773105651.0,0.008183340381539112,0.03005608865198644,-0.02187274827044733,2733997763.0,-1960892112.0
2025-09-30,Health Care,Hedge Fund - Multi-strategy,54573526818.0,0.05175110346240115,0.05210535059688492,-0.0003542471344837664,46922193552.0,7651333266.0
2025-09-30,Health Care,Hedge Fund - Opportunistic,70268550.0,0.009516855533087853,0.11851934974762893,-0.10900249421454107,764326500.0,-694057950.0
2025-09-30,Health Care,Hedge Fund - Quant,28810083953.0,0.057743157558486434,0.06463744907599005,-0.006894291517503613,26320063376.0,2490020577.0
2025-09-30,Health Care,Hedge Fund - Value,426195.0,0.08896105956327999,0.05801369574449848,0.030947363818781506,239599.0,186596.0
2025-09-30,Health Care,Market Maker - Quant,65734248422.0,0.04290570032475805,0.0402985265765067,0.002607173748251354,49383647854.0,16350600568.0
2025-09-30,Health Care,Pension Fund,11486099796.0,0.06876427021748516,0.0693234767232566,-0.0005592065057714452,10881804861.0,604294935.0
2025-09-30,Industrials,Asset Manager - Active,64518391278.0,0.02586366760826812,0.027219161234700622,-0.0013554936264325024,63288787710.0,1229603568.0
2025-09-30,Industrials,Asset Manager - Growth,710080335.0,0.005259913578311479,0.005749727282255902,-0.0004898137039444231,769836209.0,-59755874.0
2025-09-30,Industrials,Asset Manager - Index,308897834085.0,0.032297282678029844,0.03309680061683784,-0.0007995179388079962,292781542946.0,16116291139.0
2025-09-30,Industrials,Asset Manager - Value,13467575520.0,0.05436822729408719,0.05468510312229576,-0.00031687582820857235,13095764641.0,371810879.0
2025-09-30,Industrials,Conglomerate / Long-only Value,328947963.0,0.0012304732856942323,0.001300786515998447,-7.031323030421473e-05,334980855.0,-6032892.0
2025-09-30,Industrials,Family Office - Macro,45848068.0,0.006526600293387757,0.02176648448677173,-0.015239884193383972,173481363.0,-127633295.0
2025-09-30,Industrials,Foundation / Endowment,4658273584.0,0.12733175089318752,0.09920093293166803,0.02813081796151949,4739856314.0,-81582730.0
2025-09-30,Industrials,Hedge Fund - Activist,2965602648.0,0.057228169974854685,0.10128277004090021,-0.04405460006604552,2827098321.0,138504327.0
2025-09-30,Industrials,Hedge Fund - Event Driven,248923750.0,0.02081583540203226,0.0048359743696087054,0.015979861032423555,46576000.0,202347750.0
2025-09-30,Industrials,Hedge Fund - Global Macro,532284414.0,0.02083368828224692,0.02008106511906868,0.0007526231631782392,1419944825.0,-887660411.0
2025-09-30,Industrials,Hedge Fund - Long/Short,2235564657.0,0.029762916620292457,0.01837657416877223,0.011386342451520228,1914200103.0,321364554.0
2025-09-30,Industrials,Hedge Fund - Long/Short Growth,562344861.0,0.0059524327670090965,0.006261098565697138,-0.00030866579868804155,569529511.0,-7184650.0
2025-09-30,Industrials,Hedge Fund - Multi-strategy,21648520793.0,0.020528906682222438,0.022683651150424554,-0.002154744468202116,20427204837.0,1221315956.0
2025-09-30,Industrials,Hedge Fund - Opportunistic,347313635.0,0.04703859249929883,0.05722561809797062,-0.010187025598671788,369045700.0,-21732065.0
2025-09-30,Industrials,Hedge Fund - Quant,11184688267.0,0.022417123736867287,0.025443763895078464,-0.0030266401582111774,10360580249.0,824108018.0
2025-09-30,Industrials,Hedge Fund - Value,353658.0,0.07382017715606817,,,,
2025-09-30,Industrials,Market Maker - Quant,30345899957.0,0.01980721041003599,0.02033369256633723,-0.000526482156301241,24917831955.0,5428068002.0
2025-09-30,Industrials,Pension Fund,4607877942.0,0.027586158013638538,0.02537592581728814,0.0022102321963503972,3983295212.0,624582730.0
2025-09-30,Information Technology,Asset Manager - Active,621017794288.0,0.24894913670548294,0.2329107161168498,0.01603842058863314,541553677595.0,79464116693.0
2025-09-30,Information Technology,Asset Manager - Growth,20791406793.0,0.15401215540309002,0.1407761166545564,0.01323603874853363,18848642143.0,1942764650.0
2025-09-30,Information Technology,Asset Manager - Index,2459909238622.0,0.25719955038664966,0.24600984710723284,0.011189703279416818,2176256957578.0,283652281044.0
2025-09-30,Information Technology,Asset Manager - Value,7143423887.0,0.028837803283127815,0.0242152744228445,0.004622528860283314,5798974793.0,1344449094.0
2025-09-30,Information Technology,Conglomerate / Long-only Value,63169416849.0,0.23629354380764966,0.2379826594697997,-0.001689115662150048,61285717344.0,1883699505.0
2025-09-30,Information Technology,Family Office - Macro,541238635.0,0.07704682853776498,0.07067332940933091,0.006373499128434074,563274493.0,-22035858.0
2025-09-30,Information Technology,Foundation / Endowment,4760585666.0,0.13012840426780548,0.2726594818879116,-0.14253107762010614,13027768274.0,-8267182608.0
2025-09-30,Information Technology,Hedge Fund - Activist,1656579640.0,0.03196753998002351,0.026274283047738493,0.005693256932285017,733392081.0,923187559.0
2025-09-30,Information Technology,Hedge Fund - Contrarian Value,1098680000.0,0.7954543371373767,0.03464199699192706,0.7608123401454496,20034750.0,1078645250.0
2025-09-30,Information Technology,Hedge Fund - Event Driven,1671910432.0,0.1398107346504809,0.12609860275116416,0.013712131899316748,1214474700.0,457435732.0
2025-09-30,Information Technology,Hedge Fund - Global Macro,3671458119.0,0.14370139718682542,0.1287122738621692,0.014989123324656212,9101326354.0,-5429868235.0
2025-09-30,Information Technology,Hedge Fund - Long/Short,17808162045.0,0.23708678719999632,0.17680938860940876,0.06027739859058756,18417390901.0,-609228856.0
2025-09-30,Information Technology,Hedge Fund - Long/Short Growth,24281070746.0,0.257015669832104,0.24326438230686115,0.01375128752524285,22128104716.0,2152966030.0
2025-09-30,Information Technology,Hedge Fund - Multi-strategy,186831524897.0,0.1771690073692247,0.17104967011062375,0.006119337258600949,154034578714.0,32796946183.0
2025-09-30,Information Technology,Hedge Fund - Opportunistic,1396537735.0,0.18914077308412833,0.18341777136146908,0.005723001722659243,1182853800.0,213683935.0
2025-09-30,Information Technology,Hedge Fund - Quant,75581937450.0,0.15148653262763426,0.14094957515292833,0.010536957474705927,57393999978.0,18187937472.0
2025-09-30,Information Technology,Hedge Fund - Value,25000.0,0.005218330785396355,0.005835291747638402,-0.0006169609622420471,24100.0,900.0
2025-09-30,Information Technology,Market Maker - Quant,330701990651.0,0.21585400074223646,0.20933316763670834,0.006520833105528118,256526387264.0,74175603387.0
2025-09-30,Information Technology,Pension Fund,45451487506.0,0.27210614779245246,0.2618141794089755,0.010291968383476957,41097344577.0,4354142929.0
2025-09-30,Materials,Asset Manager - Active,10669737534.0,0.004277207468763049,0.003883415440206236,0.0003937920285568132,9029545520.0,1640192014.0
2025-09-30,Materials,Asset Manager - Growth,851552237.0,0.0063078653967199565,0.005586123373236485,0.0007217420234834713,747931133.0,103621104.0
2025-09-30,Materials,Asset Manager - Index,58512176040.0,0.006117829525313244,0.005727564413384122,0.0003902651119291221,50667288530.0,7844887510.0
2025-09-30,Materials,Asset Manager - Value,8521841.0,3.4402434778555545e-05,3.225624286651106e-05,2.1461919120444864e-06,7724593.0,797248.0
2025-09-30,Materials,Conglomerate / Long-only Value,1371061658.0,0.005128637149240051,0.0052186173691687295,-8.998021992867849e-05,1343907618.0,27154040.0
2025-09-30,Materials,Family Office - Macro,2614125.0,0.0003721279813132425,0.0007808853161484737,-0.00040875733483523115,6223745.0,-3609620.0
2025-09-30,Materials,Hedge Fund - Activist,3988144172.0,0.0769604763852511,0.06509655372130795,0.01186392266394315,2608615961.0,1379528211.0
2025-09-30,Materials,Hedge Fund - Event Driven,30086692.0,0.0025159496772149733,0.006621518462234384,-0.004105568785019411,63772845.0,-33686153.0
2025-09-30,Materials,Hedge Fund - Global Macro,174666140.0,0.006836457763017085,0.009743607378379978,-0.002907149615362893,688976645.0,-514310505.0
2025-09-30,Materials,Hedge Fund - Long/Short,351884393.0,0.004684769825845937,0.002977132028105397,0.00170763779774054,310113647.0,41770746.0
2025-09-30,Materials,Hedge Fund - Multi-strategy,8608413446.0,0.00816320514480903,0.005819463463063973,0.002343741681745058,5240574871.0,3367838575.0
2025-09-30,Materials,Hedge Fund - Quant,5084578291.0,0.010190862541554659,0.008916628908906925,0.0012742336326477342,3630809095.0,1453769196.0
2025-09-30,Materials,Market Maker - Quant,10025556679.0,0.006543826708058723,0.005602464075491218,0.0009413626325675047,6865514363.0,3160042316.0
2025-09-30,Materials,Pension Fund,593575020.0,0.003553578133096446,0.0032820472970437465,0.0002715308360526996,515187638.0,78387382.0
2025-09-30,Real Estate,Asset Manager - Active,21575030856.0,0.008648842843792153,0.008906724437093042,-0.00025788159330088906,20709521033.0,865509823.0
2025-09-30,Real Estate,Asset Manager - Growth,34316084.0,0.0002541960779495144,0.0002135716781446635,4.062439980485091e-05,28595306.0,5720778.0
2025-09-30,Real Estate,Asset Manager - Index,128090701446.0,0.01339271803340067,0.01397486032326579,-0.0005821422898651188,123624673432.0,4466028014.0
2025-09-30,Real Estate,Asset Manager - Value,637929876.0,0.002575305142677741,0.0026896880044250415,-0.00011438286174730037,644115473.0,-6185597.0
2025-09-30,Real Estate,Family Office - Macro,20343641.0,0.0028959740096174873,0.0014929455189831228,0.0014030284906343645,11898946.0,8444695.0
2025-09-30,Real Estate,Hedge Fund - Activist,1666560099.0,0.032160136046278126,0.04558871344832598,-0.013428577402047857,1272514320.0,394045779.0
2025-09-30,Real Estate,Hedge Fund - Event Driven,115192596.0,0.009632789630835947,0.0062391084105766,0.003393681220259347,60089796.0,55102800.0
2025-09-30,Real Estate,Hedge Fund - Global Macro,46788274.0,0.0018312997528053833,0.008040885737139406,-0.006209585984334022,568576120.0,-521787846.0
2025-09-30,Real Estate,Hedge Fund - Long/Short,568004489.0,0.0075620582894457625,0.014597392149766169,-0.0070353338603204064,1520540733.0,-952536244.0
2025-09-30,Real Estate,Hedge Fund - Multi-strategy,3497469652.0,0.0033165881769173394,0.00463452896746881,-0.0013179407905514703,4173511218.0,-676041566.0
2025-09-30,Real Estate,Hedge Fund - Quant,3241238457.0,0.006496313693931027,0.006600574057709353,-0.00010426036377832529,2687722520.0,553515937.0
2025-09-30,Real Estate,Hedge Fund - Value,44064.0,0.0091976211091082,4.030773381875001e-05,0.009157313375289449,82735.0,-38671.0
2025-09-30,Real Estate,Market Maker - Quant,2523289521.0,0.0016469877821618866,0.00176540034263301,-0.00011841256047112332,2163401897.0,359887624.0
2025-09-30,Real Estate,Pension Fund,1411919295.0,0.00845279090823086,0.0094679198907818,-0.0010151289825509405,1486192868.0,-74273573.0
2025-09-30,Unclassified,Asset Manager - Active,710269889110.0,0.2847278730951016,0.2827183101359724,0.0020095629591292408,657364088395.0,52905800715.0
2025-09-30,Unclassified,Asset Manager - Growth,47691562134.0,0.35327480972911635,0.34439840185910064,0.008876407870015701,46111814884.0,1579747250.0
2025-09-30,Unclassified,Asset Manager - Index,2510512512069.0,0.26249045257698894,0.2678706178798435,-0.005380165302854567,2369642121023.0,140870391046.0
2025-09-30,Unclassified,Asset Manager - Value,91288767653.0,0.3685302125675712,0.3587041364733291,0.009826076094242076,85900998239.0,5387769414.0
2025-09-30,Unclassified,Conglomerate / Long-only Value,4805345659.0,0.01797502987402979,0.017893169595292083,8.18602787377061e-05,4607880829.0,197464830.0
2025-09-30,Unclassified,Family Office - Macro,3628030795.0,0.5164602977614415,0.5254673772162345,-0.009007079454792954,4188034906.0,-560004111.0
2025-09-30,Unclassified,Foundation / Endowment,14033872487.0,0.38360940450539277,0.33501517369387745,0.048594230811515315,16007145693.0,-1973273206.0
2025-09-30,Unclassified,Hedge Fund - Activist,18386223066.0,0.3548047475363064,0.41649155097835205,-0.061686803442045635,11625497249.0,6760725817.0
2025-09-30,Unclassified,Hedge Fund - Contrarian Value,26425076.0,0.019131995952765865,0.04828499312442447,-0.029152997171658604,27925000.0,-1499924.0
2025-09-30,Unclassified,Hedge Fund - Event Driven,5947211736.0,0.49732570957014155,0.4993856107725886,-0.0020599012024470342,4809658288.0,1137553448.0
2025-09-30,Unclassified,Hedge Fund - Global Macro,8314477204.0,0.32542982988411145,0.2249418650077343,0.10048796487637715,15905781653.0,-7591304449.0
2025-09-30,Unclassified,Hedge Fund - Long/Short,19804465253.0,0.26366432578403304,0.3011054640748141,-0.03744113829078105,31364720380.0,-11560255127.0
2025-09-30,Unclassified,Hedge Fund - Long/Short Growth,30749062881.0,0.3254795093569594,0.2992051123734177,0.026274396983541726,27216652086.0,3532410795.0
2025-09-30,Unclassified,Hedge Fund - Multi-strategy,294043313354.0,0.2788360367941448,0.27355564036839936,0.005280396425745459,246343812249.0,47699501105.0
2025-09-30,Unclassified,Hedge Fund - Opportunistic,2065655520.0,0.2797630684703963,0.1734292670358782,0.1063338014345181,1118438339.0,947217181.0
2025-09-30,Unclassified,Hedge Fund - Quant,195489213382.0,0.39181296617242106,0.40436168354484553,-0.012548717372424467,164654163954.0,30835049428.0
2025-09-30,Unclassified,Hedge Fund - Value,2359651.0,0.4925375782436518,0.5923632253618728,-0.099825647118221,2446485.0,-86834.0
2025-09-30,Unclassified,Market Maker - Quant,290985761933.0,0.1899306404192523,0.1664588928629007,0.02347174755635162,203986300385.0,86999461548.0
2025-09-30,Unclassified,Pension Fund,32696816610.0,0.19574727475418469,0.20262372068996412,-0.006876445935779435,31806133982.0,890682628.0
2025-09-30,Utilities,Asset Manager - Active,10460923220.0,0.0041934994918255315,0.004404913883311312,-0.00021141439148578047,10242110594.0,218812626.0
2025-09-30,Utilities,Asset Manager - Growth,36888844.0,0.0002732537740871446,5.323782685478268e-05,0.0002200159472323619,7128061.0,29760783.0
2025-09-30,Utilities,Asset Manager - Index,73265044820.0,0.007660338150247234,0.0077327810221580195,-7.244287191078558e-05,68405873581.0,4859171239.0
2025-09-30,Utilities,Asset Manager - Value,1073177114.0,0.004332386120583976,0.0041543671830533415,0.00017801893753063413,994870847.0,78306267.0
2025-09-30,Utilities,Family Office - Macro,94021699.0,0.013384250962946037,0.010620674920402882,0.002763576042543155,84647990.0,9373709.0
2025-09-30,Utilities,Hedge Fund - Activist,135596250.0,0.0026166436181820165,0.004480430836241729,-0.0018637872180597126,125061928.0,10534322.0
2025-09-30,Utilities,Hedge Fund - Global Macro,31386278.0,0.0012284634210460732,0.00297372463248694,-0.0017452612114408669,210273951.0,-178887673.0
2025-09-30,Utilities,Hedge Fund - Long/Short,376282682.0,0.005009593462197063,0.0041690074377562225,0.0008405860244408408,434265625.0,-57982943.0
2025-09-30,Utilities,Hedge Fund - Long/Short Growth,9550001.0,0.0001010869713938217,6.713794739741733e-05,3.3949023996404374e-05,6107082.0,3442919.0
2025-09-30,Utilities,Hedge Fund - Multi-strategy,3184716487.0,0.0030200099210518964,0.0031322005420099373,-0.00011219062095804092,2820626258.0,364090229.0
2025-09-30,Utilities,Hedge Fund - Quant,2797999339.0,0.005607943279304261,0.006663029513411128,-0.001055086234106867,2713154086.0,84845253.0
2025-09-30,Utilities,Market Maker - Quant,2477927474.0,0.0016173793141041884,0.0016563316908406907,-3.895237673650232e-05,2029744209.0,448183265.0
2025-09-30,Utilities,Pension Fund,1248897652.0,0.007476823041883898,0.009549058174883426,-0.0020722351329995285,1498929260.0,-250031608.0
2025-12-31,Communication Services,Asset Manager - Active,267682108780.0,0.1056839490732015,0.10996618056138083,-0.004282231488179328,274316897830.0,-6634789050.0
2025-12-31,Communication Services,Asset Manager - Growth,14961407912.0,0.12432482884100347,0.1388764362035665,-0.014551607362563015,18748107716.0,-3786699804.0
2025-12-31,Communication Services,Asset Manager - Index,842872366703.0,0.0853231697116388,0.08159466842650671,0.00372850128513208,780388139804.0,62484226899.0
2025-12-31,Communication Services,Asset Manager - Value,28215630055.0,0.10672496711492634,0.10424914287117029,0.0024758242437560446,25823597244.0,2392032811.0
2025-12-31,Communication Services,Conglomerate / Long-only Value,6104659417.0,0.022266769355299205,0.024218572319145832,-0.0019518029638466265,6474459969.0,-369800552.0
2025-12-31,Communication Services,Family Office - Macro,373687908.0,0.043273835314737684,0.051330216344141116,-0.008056381029403432,360584553.0,13103355.0
2025-12-31,Communication Services,Hedge Fund - Activist,3968399992.0,0.07654258925450347,0.05371854566730163,0.022824043587201838,2783731532.0,1184668460.0
2025-12-31,Communication Services,Hedge Fund - Event Driven,303883500.0,0.028840702873074178,0.0319569604583495,-0.0031162575852753185,382153600.0,-78270100.0
2025-12-31,Communication Services,Hedge Fund - Global Macro,3949710952.0,0.04848893523599587,0.05371801001871941,-0.005229074782723539,1372453072.0,2577257880.0
2025-12-31,Communication Services,Hedge Fund - Long/Short,9074849741.0,0.07691624277550833,0.0748345888608907,0.0020816539146176344,5621006977.0,3453842764.0
2025-12-31,Communication Services,Hedge Fund - Long/Short Growth,15581225171.0,0.18707626070212785,0.18243332223806769,0.0046429384640601645,17235044099.0,-1653818928.0
2025-12-31,Communication Services,Hedge Fund - Multi-strategy,73730837992.0,0.06872170877361984,0.06102684090574943,0.0076948678678704086,64355148315.0,9375689677.0
2025-12-31,Communication Services,Hedge Fund - Opportunistic,956792948.0,0.13816463464264184,0.09025403816158067,0.04791059648106116,666398725.0,290394223.0
2025-12-31,Communication Services,Hedge Fund - Quant,28623866943.0,0.05168604397139371,0.05295080423756262,-0.00126476026616891,26419011013.0,2204855930.0
2025-12-31,Communication Services,Hedge Fund - Value,341157.0,0.06463032741698067,0.09698121651397135,-0.03235088909699067,464618.0,-123461.0
2025-12-31,Communication Services,Market Maker - Quant,68699242665.0,0.07914369762406413,0.06481643554406431,0.01432726207999982,99302881520.0,-30603638855.0
2025-12-31,Communication Services,Pension Fund,16261463194.0,0.09297762643846215,0.08911276500963361,0.0038648614288285393,14885028355.0,1376434839.0
2025-12-31,Consumer Discretionary,Asset Manager - Active,180959000866.0,0.07144467711728017,0.07248729725536979,-0.0010426201380896172,180823689735.0,135311131.0
2025-12-31,Consumer Discretionary,Asset Manager - Growth,27451100104.0,0.22811043866999492,0.2412471519957271,-0.013136713325732186,32567998686.0,-5116898582.0
2025-12-31,Consumer Discretionary,Asset Manager - Index,766033561194.0,0.07754485035763134,0.07871320919174367,-0.001168358834112329,752829272840.0,13204288354.0
2025-12-31,Consumer Discretionary,Asset Manager - Value,17379839911.0,0.0657388418882911,0.06729357089654989,-0.0015547290082587872,16669317599.0,710522312.0
2025-12-31,Consumer Discretionary,Conglomerate / Long-only Value,3365753242.0,0.01227659825505783,0.020446105669219138,-0.008169507414161307,5465949476.0,-2100196234.0
2025-12-31,Consumer Discretionary,Family Office - Macro,874484226.0,0.10126708831386605,0.12700625458390302,-0.025739166270036973,892193659.0,-17709433.0
2025-12-31,Consumer Discretionary,Foundation / Endowment,320516869.0,0.00906436711437845,0.010921782346274776,-0.0018574152318963262,399559810.0,-79042941.0
2025-12-31,Consumer Discretionary,Hedge Fund - Activist,4697104313.0,0.09059785476269996,0.08560484068778298,0.004993014074916979,4436101003.0,261003310.0
2025-12-31,Consumer Discretionary,Hedge Fund - Event Driven,1046961850.0,0.09936411695697218,0.08590451790611132,0.01345959905086086,1027279200.0,19682650.0
2025-12-31,Consumer Discretionary,Hedge Fund - Global Macro,3736817847.0,0.04587533639142526,0.0458670615795245,8.274811900764456e-06,1171867490.0,2564950357.0
2025-12-31,Consumer Discretionary,Hedge Fund - Long/Short,10314590528.0,0.08742398737438299,0.07949766098312533,0.007926326391257663,5971261603.0,4343328925.0
2025-12-31,Consumer Discretionary,Hedge Fund - Long/Short Growth,8536412012.0,0.10249258460046984,0.12501428766147266,-0.022521703061002818,11810489084.0,-3274077072.0
2025-12-31,Consumer Discretionary,Hedge Fund - Multi-strategy,96761872735.0,0.09018805997032396,0.08774462798005356,0.0024434319902704033,92530081251.0,4231791484.0
2025-12-31,Consumer Discretionary,Hedge Fund - Opportunistic,1576739427.0,0.22768732494682165,0.2921871727611912,-0.06449984781436957,2157390000.0,-580650573.0
2025-12-31,Consumer Discretionary,Hedge Fund - Quant,40852182260.0,0.07376668193792442,0.06960907938336551,0.004157602554558909,34730407995.0,6121774265.0
2025-12-31,Consumer Discretionary,Hedge Fund - Value,1040984.0,0.1972087242994815,0.11049022251797402,0.08671850178150747,529337.0,511647.0
2025-12-31,Consumer Discretionary,Market Maker - Quant,89156403964.0,0.10271099364201017,0.10903909404833942,-0.006328100406329251,167054793224.0,-77898389260.0
2025-12-31,Consumer Discretionary,Pension Fund,11878773793.0,0.0679188692368139,0.06909936084523813,-0.0011804916084242334,11542071951.0,336701842.0
2025-12-31,Consumer Staples,Asset Manager - Active,52936144000.0,0.02089979331127287,0.022197562374301556,-0.0012977690630286871,55373083059.0,-2436939059.0
2025-12-31,Consumer Staples,Asset Manager - Growth,756638422.0,0.006287439181056462,0.004826231945395078,0.0014612072356613845,651533974.0,105104448.0
2025-12-31,Consumer Staples,Asset Manager - Index,352080675833.0,0.035640792654996194,0.03672137040602686,-0.0010805777510306674,351210716274.0,869959559.0
2025-12-31,Consumer Staples,Asset Manager - Value,6011607557.0,0.022738766335468515,0.02383932990227531,-0.0011005635668067948,5905250029.0,106357528.0
2025-12-31,Consumer Staples,Conglomerate / Long-only Value,40778124337.0,0.14873836971562082,0.1503083528992598,-0.00156998318363899,40182608662.0,595515675.0
2025-12-31,Consumer Staples,Family Office - Macro,3464026.0,0.00040114140019208096,0.001237701687314099,-0.0008365602871220181,8694608.0,-5230582.0
2025-12-31,Consumer Staples,Foundation / Endowment,1741821122.0,0.04925951681309657,0.04369857922122162,0.005560937591874954,1598658118.0,143163004.0
2025-12-31,Consumer Staples,Hedge Fund - Activist,182988000.0,0.0035294767036435073,0.003455396612482204,7.408009116130314e-05,179061000.0,3927000.0
2025-12-31,Consumer Staples,Hedge Fund - Global Macro,1158801272.0,0.014226114394762332,0.02077132723116496,-0.006545212836402629,530691138.0,628110134.0
2025-12-31,Consumer Staples,Hedge Fund - Long/Short,2946370374.0,0.024972726321766798,0.03682786081580475,-0.01185513449403795,2766229704.0,180140670.0
2025-12-31,Consumer Staples,Hedge Fund - Long/Short Growth,424030072.0,0.005091124698117877,0.0079224937249042,-0.0028313690267863234,748462655.0,-324432583.0
2025-12-31,Consumer Staples,Hedge Fund - Multi-strategy,23625707284.0,0.02202062284600647,0.016539633261853873,0.005480989584152596,17441678708.0,6184028576.0
2025-12-31,Consumer Staples,Hedge Fund - Quant,15502783525.0,0.027993336908244026,0.027303730115461295,0.0006896067927827307,13622787359.0,1879996166.0
2025-12-31,Consumer Staples,Hedge Fund - Value,273881.0,0.051885257237254644,0.05753147070930057,-0.005646213472045927,275622.0,-1741.0
2025-12-31,Consumer Staples,Market Maker - Quant,15383713249.0,0.017722523604098674,0.014180111929644057,0.0035424116744546177,21724828943.0,-6341115694.0
2025-12-31,Consumer Staples,Pension Fund,5208714258.0,0.02978169201180529,0.031189146988439324,-0.001407454976634033,5209706345.0,-992087.0
2025-12-31,ETF - Broad Equity,Asset Manager - Active,57454819055.0,0.022683817751933007,0.022154670883353517,0.0005291468685794908,55266087793.0,2188731262.0
2025-12-31,ETF - Broad Equity,Asset Manager - Index,69747433266.0,0.007060466472266112,0.006881933543464747,0.00017853292880136516,65820223549.0,3927209717.0
2025-12-31,ETF - Broad Equity,Asset Manager - Value,8028795.0,3.0368731113826087e-05,1.1218083539730695e-05,1.9150647574095392e-05,2778836.0,5249959.0
2025-12-31,ETF - Broad Equity,Family Office - Macro,284537253.0,0.03295000443854301,0.08098980160727426,-0.048039797168731246,568937236.0,-284399983.0
2025-12-31,ETF - Broad Equity,Hedge Fund - Activist,2642391216.0,0.050966501840471724,0.0712068786990722,-0.02024037685860048,3689988831.0,-1047597615.0
2025-12-31,ETF - Broad Equity,Hedge Fund - Global Macro,23223904686.0,0.2851100812013028,0.18405831850113946,0.10105176270016336,4702545842.0,18521358844.0
2025-12-31,ETF - Broad Equity,Hedge Fund - Long/Short Growth,3337771.0,4.007500763946196e-05,9.125982631509392e-05,-5.118481867563196e-05,8621600.0,-5283829.0
2025-12-31,ETF - Broad Equity,Hedge Fund - Multi-strategy,145696240147.0,0.13579792197506146,0.15025322367737537,-0.014455301702313905,158447796921.0,-12751556774.0
2025-12-31,ETF - Broad Equity,Hedge Fund - Opportunistic,223927875.0,0.03233605881016398,0.006184715846003226,0.026151342964160752,45665400.0,178262475.0
2025-12-31,ETF - Broad Equity,Hedge Fund - Quant,41833701318.0,0.07553900841259577,0.07585194748855884,-0.00031293907596306736,37845193570.0,3988507748.0
2025-12-31,ETF - Broad Equity,Market Maker - Quant,147140980714.0,0.16951105767676758,0.20441253167410975,-0.03490147399734217,313172935902.0,-166031955188.0
2025-12-31,ETF - Broad Equity,Pension Fund,19809054342.0,0.11326157017587704,0.09517073553179542,0.01809083464408162,15896926740.0,3912127602.0
2025-12-31,ETF - Commodity,Asset Manager - Active,1893568181.0,0.0007476023112620923,0.0006957026479710197,5.1899663291072565e-05,1735469862.0,158098319.0
2025-12-31,ETF - Commodity,Asset Manager - Index,353338182.0,3.5768088810783184e-05,3.419643109866338e-05,1.5716577121198023e-06,327061679.0,26276503.0
2025-12-31,ETF - Commodity,Hedge Fund - Global Macro,636845240.0,0.007818280368611704,0.007788387714513729,2.989265409797468e-05,550721825.0,86123415.0
2025-12-31,ETF - Commodity,Hedge Fund - Multi-strategy,18931127709.0,0.017644983844009244,0.014321924745750211,0.0033230590982590326,15103019876.0,3828107833.0
2025-12-31,ETF - Commodity,Hedge Fund - Quant,1325137273.0,0.002392797014351701,0.0017691023978275724,0.0006236946165241288,882667155.0,442470118.0
2025-12-31,ETF - Commodity,Market Maker - Quant,24863986180.0,0.028644097483790352,0.0224706004463517,0.006173497037438653,34426382060.0,-9562395880.0
2025-12-31,ETF - Fixed Income,Asset Manager - Active,5701906219.0,0.0022511775972454923,0.002502168016256343,-0.00025099041901085074,6241800566.0,-539894347.0
2025-12-31,ETF - Fixed Income,Asset Manager - Index,7260587391.0,0.0007349823705713768,0.0006919746295190143,4.300774105236245e-05,6618187246.0,642400145.0
2025-12-31,ETF - Fixed Income,Asset Manager - Value,154507.0,5.844191486024898e-07,6.094132417280712e-07,-2.4994093125581355e-08,150958.0,3549.0
2025-12-31,ETF - Fixed Income,Family Office - Macro,25856354.0,0.002994219456615543,0.016698848363768993,-0.01370462890715345,117306086.0,-91449732.0
2025-12-31,ETF - Fixed Income,Hedge Fund - Activist,306394000.0,0.00590973443688192,0.00595364637568334,-4.391193880142006e-05,308522000.0,-2128000.0
2025-12-31,ETF - Fixed Income,Hedge Fund - Global Macro,355492859.0,0.004364235871027864,0.009269289580583968,-0.004905053709556104,236823087.0,118669772.0
2025-12-31,ETF - Fixed Income,Hedge Fund - Long/Short,197423927.0,0.0016733177002612185,,,,
2025-12-31,ETF - Fixed Income,Hedge Fund - Multi-strategy,12070330820.0,0.011250296104098131,0.01444192011219715,-0.0031916240080990185,15229559600.0,-3159228780.0
2025-12-31,ETF - Fixed Income,Hedge Fund - Quant,409834217.0,0.0007400366066201257,0.003903900338432174,-0.0031638637318120483,1947792626.0,-1537958409.0
2025-12-31,ETF - Fixed Income,Market Maker - Quant,11765794225.0,0.013554566605503058,0.012663370322841608,0.0008911962826614502,19401084806.0,-7635290581.0
2025-12-31,ETF - International Equity,Asset Manager - Active,5862820440.0,0.002314708366689985,0.0022799965263039642,3.471184038602096e-05,5687581136.0,175239304.0
2025-12-31,ETF - International Equity,Asset Manager - Index,6155022025.0,0.0006230670378626858,0.000605565599945282,1.750143791740379e-05,5791753569.0,363268456.0
2025-12-31,ETF - International Equity,Family Office - Macro,49376.0,5.717843277124418e-06,1.4443113846522865e-05,-8.725270569398448e-06,101460.0,-52084.0
2025-12-31,ETF - International Equity,Hedge Fund - Global Macro,792226622.0,0.009725832050301838,0.005249808564619371,0.0044760234856824664,134128496.0,658098126.0
2025-12-31,ETF - International Equity,Hedge Fund - Multi-strategy,4444368460.0,0.004142426741764698,0.00563295267666485,-0.0014905259349001524,5940165009.0,-1495796549.0
2025-12-31,ETF - International Equity,Hedge Fund - Quant,603662116.0,0.0010900311524495395,0.0012250396870933592,-0.00013500853464381971,611215211.0,-7553095.0
2025-12-31,ETF - International Equity,Market Maker - Quant,7475708877.0,0.008612252769247031,0.007205870555901182,0.001406382213345849,11039849755.0,-3564140878.0
2025-12-31,ETF - Sector,Asset Manager - Active,428369152.0,0.0001691250261395169,0.00019238013418331428,-2.3255108043797372e-05,479903197.0,-51534045.0
2025-12-31,ETF - Sector,Asset Manager - Index,801984478.0,8.118412754490708e-05,8.421115992429668e-05,-3.0270323793895985e-06,805412801.0,-3428323.0
2025-12-31,ETF - Sector,Family Office - Macro,180139480.0,0.020860525653408308,0.027185759158999595,-0.006325233505591287,216673600.0,-36534120.0
2025-12-31,ETF - Sector,Hedge Fund - Activist,3432360000.0,0.0662034377036627,0.06417003867044477,0.0020333990332179336,3325335000.0,107025000.0
2025-12-31,ETF - Sector,Hedge Fund - Global Macro,2440268265.0,0.029958144101690457,0.022601762821080635,0.007356381280609822,1598184955.0,842083310.0
2025-12-31,ETF - Sector,Hedge Fund - Multi-strategy,14480210870.0,0.013496453607332065,0.014093739923174711,-0.0005972863158426461,14862390214.0,-382179344.0
2025-12-31,ETF - Sector,Hedge Fund - Quant,1943371051.0,0.003509140179932383,0.004484224195352336,-0.0009750840154199533,2237336526.0,-293965475.0
2025-12-31,ETF - Sector,Market Maker - Quant,10662980444.0,0.012284090294072313,0.012983639914204625,-0.0006995496201323125,19891758090.0,-9228777646.0
2025-12-31,ETF - Thematic,Asset Manager - Active,3132061.0,1.236573399420604e-06,1.3661295753395585e-06,-1.2955617591895446e-07,3407888.0,-275827.0
2025-12-31,ETF - Thematic,Hedge Fund - Global Macro,1545938.0,1.897882869704866e-05,0.0002283207252584786,-0.00020934189656142996,16144703.0,-14598765.0
2025-12-31,ETF - Thematic,Hedge Fund - Multi-strategy,749760269.0,0.0006988230197768735,0.001065363850133986,-0.00036654083035711244,1123467110.0,-373706841.0
2025-12-31,ETF - Thematic,Hedge Fund - Quant,169332501.0,0.00030576326776184977,0.00024658364117836277,5.9179626583487e-05,123029216.0,46303285.0
2025-12-31,ETF - Thematic,Market Maker - Quant,1132705269.0,0.0013049122498200718,0.0016248995314941774,-0.0003199872816741056,2489448923.0,-1356743654.0
2025-12-31,Energy,Asset Manager - Active,73691233624.0,0.02909413937657268,0.028934101371727746,0.00016003800484493472,72177763102.0,1513470522.0
2025-12-31,Energy,Asset Manager - Growth,528812058.0,0.004394270177419436,0.0044959545660602255,-0.00010168438864078914,606947030.0,-78134972.0
2025-12-31,Energy,Asset Manager - Index,344183372272.0,0.034841356110842686,0.03584210030462418,-0.0010007441937814957,342801196730.0,1382175542.0
2025-12-31,Energy,Asset Manager - Value,12813541134.0,0.04846692253500011,0.0531887680913857,-0.004721845556385593,13175411205.0,-361870071.0
2025-12-31,Energy,Conglomerate / Long-only Value,30731522774.0,0.11209335080024217,0.11773236875088408,-0.005639017950641909,31473924164.0,-742401390.0
2025-12-31,Energy,Family Office - Macro,204003414.0,0.023624018738867655,0.031839580410238356,-0.008215561671370702,223666715.0,-19663301.0
2025-12-31,Energy,Hedge Fund - Activist,7165674476.0,0.13821169218164522,0.15277845655656255,-0.01456676437491733,7917083414.0,-751408938.0
2025-12-31,Energy,Hedge Fund - Event Driven,950931359.0,0.09025014118110274,0.06717202497761768,0.023078116203485058,803268859.0,147662500.0
2025-12-31,Energy,Hedge Fund - Global Macro,1852769542.0,0.022745670106257367,0.024952857482090803,-0.0022071873758334366,637525960.0,1215243582.0
2025-12-31,Energy,Hedge Fund - Long/Short,3670529216.0,0.03111052241635703,0.04430911538331759,-0.013198592966960559,3328164830.0,342364386.0
2025-12-31,Energy,Hedge Fund - Long/Short Growth,2571314057.0,0.030872528546065897,0.025931547328065078,0.004940981218000819,2449834034.0,121480023.0
2025-12-31,Energy,Hedge Fund - Multi-strategy,24635674514.0,0.022961974873749468,0.02364242992269357,-0.0006804550489441022,24931850668.0,-296176154.0
2025-12-31,Energy,Hedge Fund - Opportunistic,297287313.0,0.0429294478710327,0.05253714041427976,-0.00960769254324706,387912653.0,-90625340.0
2025-12-31,Energy,Hedge Fund - Quant,14852575103.0,0.026819257209055057,0.02869579972081262,-0.0018765425117575618,14317339647.0,535235456.0
2025-12-31,Energy,Market Maker - Quant,14416461502.0,0.01660821903797401,0.015984017864917613,0.0006242011730563969,24488527006.0,-10072065504.0
2025-12-31,Energy,Pension Fund,3876962792.0,0.022167181015014463,0.02469627311050594,-0.002529092095491476,4125163499.0,-248200707.0
2025-12-31,Financials,Asset Manager - Active,246724657893.0,0.09740970847363209,0.10080420941436324,-0.0033945009407311544,251461839209.0,-4737181316.0
2025-12-31,Financials,Asset Manager - Growth,7712700831.0,0.06409023912427769,0.055568032215839364,0.008522206908438329,7501599854.0,211100977.0
2025-12-31,Financials,Asset Manager - Index,1099723571244.0,0.11132397336998535,0.1110687298318517,0.00025524353813365097,1062284106736.0,37439464508.0
2025-12-31,Financials,Asset Manager - Value,43207860395.0,0.16343273110591197,0.17285641186201298,-0.009423680756101005,42818331528.0,389528867.0
2025-12-31,Financials,Conglomerate / Long-only Value,116091117322.0,0.4234428093415706,0.4041732330987633,0.019269576242807285,108049449974.0,8041667348.0
2025-12-31,Financials,Family Office - Macro,589728234.0,0.06829175344514249,0.060941339619242585,0.007350413825899904,428100781.0,161627453.0
2025-12-31,Financials,Foundation / Endowment,9754809925.0,0.27587059166980227,0.29910130058654566,-0.023230708916743392,10942248714.0,-1187438789.0
2025-12-31,Financials,Hedge Fund - Activist,90182086.0,0.0017394341247676094,0.0023329562915249485,-0.000593522166757339,120895380.0,-30713294.0
2025-12-31,Financials,Hedge Fund - Event Driven,509490700.0,0.04835428674243444,0.054918343729651084,-0.006564056987216647,656734635.0,-147243935.0
2025-12-31,Financials,Hedge Fund - Global Macro,5092734624.0,0.06252135469108368,0.10031796882600429,-0.03779661413492061,2563045512.0,2529689112.0
2025-12-31,Financials,Hedge Fund - Long/Short,15339142233.0,0.13001087859681412,0.10340488492033685,0.02660599367647727,7766991019.0,7572151214.0
2025-12-31,Financials,Hedge Fund - Long/Short Growth,5699937762.0,0.06843640542044607,0.06187504991216984,0.0065613555082762315,5845528661.0,-145590899.0
2025-12-31,Financials,Hedge Fund - Multi-strategy,71022918994.0,0.06619776050677253,0.06845248539358192,-0.0022547248868093894,72185775712.0,-1162856718.0
2025-12-31,Financials,Hedge Fund - Opportunistic,121464000.0,0.017539875494811702,0.03337764323003385,-0.01583776773522215,246446800.0,-124982800.0
2025-12-31,Financials,Hedge Fund - Quant,48375738079.0,0.08735194760648099,0.08820488918415631,-0.0008529415776753202,44008508885.0,4367229194.0
2025-12-31,Financials,Hedge Fund - Value,253744.0,0.048070412742796845,0.06526232340124956,-0.017191910658452714,312659.0,-58915.0
2025-12-31,Financials,Market Maker - Quant,55596643501.0,0.06404908950179376,0.056313682467523954,0.007735407034269809,86276125663.0,-30679482162.0
2025-12-31,Financials,Pension Fund,18088115526.0,0.10342181563173886,0.10704467565341552,-0.003622860021676666,17880300675.0,207814851.0
2025-12-31,Health Care,Asset Manager - Active,187076206800.0,0.07385981977789959,0.061124137471979936,0.012735682305919649,152477640746.0,34598566054.0
2025-12-31,Health Care,Asset Manager - Growth,6360587607.0,0.05285458228394588,0.03558413817932278,0.017270444104623098,4803804546.0,1556783061.0
2025-12-31,Health Care,Asset Manager - Index,751015116974.0,0.07602454750323799,0.06860386912466528,0.007420678378572715,656141471520.0,94873645454.0
2025-12-31,Health Care,Asset Manager - Value,32942355589.0,0.124603696960551,0.11988243563342589,0.004721261327125109,29696126502.0,3246229087.0
2025-12-31,Health Care,Conglomerate / Long-only Value,5271757847.0,0.019228757586254336,0.022493683146114135,-0.0032649255598597993,6013337581.0,-741579734.0
2025-12-31,Health Care,Family Office - Macro,222934688.0,0.025816299558867255,0.013255734723800023,0.012560564835067232,93118898.0,129815790.0
2025-12-31,Health Care,Foundation / Endowment,207686890.0,0.0058734824837052,0.005208778179572156,0.0006647043041330446,190556665.0,17130225.0
2025-12-31,Health Care,Hedge Fund - Activist,213570000.0,0.004119343014826895,0.005041526898249513,-0.0009221838834226181,261255349.0,-47685349.0
2025-12-31,Health Care,Hedge Fund - Event Driven,701935290.0,0.06661864541844212,0.04120246188568263,0.02541618353275949,492714855.0,209220435.0
2025-12-31,Health Care,Hedge Fund - Global Macro,3336889339.0,0.04096558280208452,0.05593422192610091,-0.014968639124016393,1429075550.0,1907813789.0
2025-12-31,Health Care,Hedge Fund - Long/Short,11861075699.0,0.10053162356189432,0.10824470234271488,-0.007713078780820559,8130521412.0,3730554287.0
2025-12-31,Health Care,Hedge Fund - Long/Short Growth,1040851479.0,0.012497002032934638,0.008183340381539112,0.004313661651395526,773105651.0,267745828.0
2025-12-31,Health Care,Hedge Fund - Multi-strategy,57868970091.0,0.05393746521712555,0.05175110346240115,0.002186361754724399,54573526818.0,3295443273.0
2025-12-31,Health Care,Hedge Fund - Opportunistic,66022000.0,0.00953383438647219,0.009516855533087853,1.697885338433798e-05,70268550.0,-4246550.0
2025-12-31,Health Care,Hedge Fund - Quant,34140481552.0,0.061647380985075446,0.057743157558486434,0.0039042234265890124,28810083953.0,5330397599.0
2025-12-31,Health Care,Hedge Fund - Value,553417.0,0.1048418232899316,0.08896105956327999,0.015880763726651606,426195.0,127222.0
2025-12-31,Health Care,Market Maker - Quant,45480044570.0,0.05239444796981504,0.04290570032475805,0.009488747645056986,65734248422.0,-20254203852.0
2025-12-31,Health Care,Pension Fund,12646149525.0,0.07230646789854829,0.06876427021748516,0.0035421976810631334,11486099796.0,1160049729.0
2025-12-31,Industrials,Asset Manager - Active,65068466305.0,0.025689772508855634,0.02586366760826812,-0.0001738950994124855,64518391278.0,550075027.0
2025-12-31,Industrials,Asset Manager - Growth,625341080.0,0.005196397504535084,0.005259913578311479,-6.351607377639516e-05,710080335.0,-84739255.0
2025-12-31,Industrials,Asset Manager - Index,320144285194.0,0.03240790214142125,0.032297282678029844,0.00011061946339140788,308897834085.0,11246451109.0
2025-12-31,Industrials,Asset Manager - Value,14522263996.0,0.05493012718079383,0.05436822729408719,0.0005618998867066363,13467575520.0,1054688476.0
2025-12-31,Industrials,Conglomerate / Long-only Value,326798907.0,0.0011920003051224888,0.0012304732856942323,-3.847298057174349e-05,328947963.0,-2149056.0
2025-12-31,Industrials,Family Office - Macro,44313136.0,0.005131553118233555,0.006526600293387757,-0.0013950471751542019,45848068.0,-1534932.0
2025-12-31,Industrials,Foundation / Endowment,5296003327.0,0.14977345356165217,0.12733175089318752,0.022441702668464653,4658273584.0,637729743.0
2025-12-31,Industrials,Hedge Fund - Activist,2468273945.0,0.0476081239594277,0.057228169974854685,-0.009620046015426986,2965602648.0,-497328703.0
2025-12-31,Industrials,Hedge Fund - Event Driven,418689200.0,0.03973657935809325,0.02081583540203226,0.01892074395606099,248923750.0,169765450.0
2025-12-31,Industrials,Hedge Fund - Global Macro,1363200836.0,0.01673544161933889,0.02083368828224692,-0.00409824666290803,532284414.0,830916422.0
2025-12-31,Industrials,Hedge Fund - Long/Short,3422729184.0,0.02901022897182993,0.029762916620292457,-0.0007526876484625251,2235564657.0,1187164527.0
2025-12-31,Industrials,Hedge Fund - Long/Short Growth,12352754.0,0.00014831356342852588,0.0059524327670090965,-0.005804119203580571,562344861.0,-549992107.0
2025-12-31,Industrials,Hedge Fund - Multi-strategy,20512155496.0,0.01911859968915946,0.020528906682222438,-0.0014103069930629791,21648520793.0,-1136365297.0
2025-12-31,Industrials,Hedge Fund - Opportunistic,275828500.0,0.039830711551741005,0.04703859249929883,-0.007207880947557824,347313635.0,-71485135.0
2025-12-31,Industrials,Hedge Fund - Quant,12252282117.0,0.022123914756529785,0.022417123736867287,-0.0002932089803375018,11184688267.0,1067593850.0
2025-12-31,Industrials,Hedge Fund - Value,376416.0,0.07130995208947843,0.07382017715606817,-0.0025102250665897385,353658.0,22758.0
2025-12-31,Industrials,Market Maker - Quant,20621611059.0,0.02375674733611058,0.01980721041003599,0.0039495369260745886,30345899957.0,-9724288898.0
2025-12-31,Industrials,Pension Fund,4243395569.0,0.024262321498269693,0.027586158013638538,-0.003323836515368845,4607877942.0,-364482373.0
2025-12-31,Information Technology,Asset Manager - Active,618226557321.0,0.24408289480904935,0.24894913670548294,-0.004866241896433587,621017794288.0,-2791236967.0
2025-12-31,Information Technology,Asset Manager - Growth,19425611699.0,0.16142102827588287,0.15401215540309002,0.007408872872792849,20791406793.0,-1365795094.0
2025-12-31,Information Technology,Asset Manager - Index,2521138024470.0,0.255212409406367,0.25719955038664966,-0.001987140980282631,2459909238622.0,61228785848.0
2025-12-31,Information Technology,Asset Manager - Value,7814918425.0,0.029559747922983496,0.028837803283127815,0.000721944639855681,7143423887.0,671494538.0
2025-12-31,Information Technology,Conglomerate / Long-only Value,64145826629.0,0.23397215619849754,0.23629354380764966,-0.0023213876091521257,63169416849.0,976409780.0
2025-12-31,Information Technology,Family Office - Macro,916248712.0,0.10610350247251918,0.07704682853776498,0.029056673934754196,541238635.0,375010077.0
2025-12-31,Information Technology,Foundation / Endowment,3719621529.0,0.10519263828638512,0.13012840426780548,-0.02493576598142036,4760585666.0,-1040964137.0
2025-12-31,Information Technology,Hedge Fund - Activist,1273843022.0,0.024569913165059153,0.03196753998002351,-0.007397626814964357,1656579640.0,-382736618.0
2025-12-31,Information Technology,Hedge Fund - Event Driven,1400351750.0,0.13290332887287218,0.1398107346504809,-0.006907405777608733,1671910432.0,-271558682.0
2025-12-31,Information Technology,Hedge Fund - Global Macro,10982739358.0,0.13483045820713133,0.14370139718682542,-0.008870938979694099,3671458119.0,7311281239.0
2025-12-31,Information Technology,Hedge Fund - Long/Short,22567382306.0,0.19127570216548087,0.23708678719999632,-0.04581108503451545,17808162045.0,4759220261.0
2025-12-31,Information Technology,Hedge Fund - Long/Short Growth,20906140343.0,0.2510099506399297,0.257015669832104,-0.006005719192174297,24281070746.0,-3374930403.0
2025-12-31,Information Technology,Hedge Fund - Multi-strategy,188182625643.0,0.1753978653693934,0.1771690073692247,-0.001771141999831305,186831524897.0,1351100746.0
2025-12-31,Information Technology,Hedge Fund - Opportunistic,1734043700.0,0.25040267569454827,0.18914077308412833,0.061261902610419944,1396537735.0,337505965.0
2025-12-31,Information Technology,Hedge Fund - Quant,77339943114.0,0.13965253920776977,0.15148653262763426,-0.011833993419864491,75581937450.0,1758005664.0
2025-12-31,Information Technology,Market Maker - Quant,174258168116.0,0.2007509141424978,0.21585400074223646,-0.015103086599738663,330701990651.0,-156443822535.0
2025-12-31,Information Technology,Pension Fund,48808084629.0,0.27906835969634136,0.27210614779245246,0.006962211903888904,45451487506.0,3356597123.0
2025-12-31,Materials,Asset Manager - Active,12378081406.0,0.004887007693184261,0.004277207468763049,0.0006098002244212123,10669737534.0,1708343872.0
2025-12-31,Materials,Asset Manager - Growth,850361613.0,0.007066250891026748,0.0063078653967199565,0.0007583854943067911,851552237.0,-1190624.0
2025-12-31,Materials,Asset Manager - Index,67617293930.0,0.0068448344889969195,0.006117829525313244,0.0007270049636836752,58512176040.0,9105117890.0
2025-12-31,Materials,Asset Manager - Value,8323742.0,3.148436130936971e-05,3.4402434778555545e-05,-2.918073469185835e-06,8521841.0,-198099.0
2025-12-31,Materials,Conglomerate / Long-only Value,1502656622.0,0.005480945968764603,0.005128637149240051,0.00035230881952455235,1371061658.0,131594964.0
2025-12-31,Materials,Family Office - Macro,85186149.0,0.009864732853284368,0.0003721279813132425,0.009492604871971125,2614125.0,82572024.0
2025-12-31,Materials,Hedge Fund - Activist,4445358451.0,0.08574217485381166,0.0769604763852511,0.00878169846856057,3988144172.0,457214279.0
2025-12-31,Materials,Hedge Fund - Global Macro,1043173613.0,0.012806602400877871,0.006836457763017085,0.005970144637860786,174666140.0,868507473.0
2025-12-31,Materials,Hedge Fund - Long/Short,388056591.0,0.0032890742894772238,0.004684769825845937,-0.001395695536368713,351884393.0,36172198.0
2025-12-31,Materials,Hedge Fund - Multi-strategy,10686145300.0,0.009960149446543217,0.00816320514480903,0.0017969443017341862,8608413446.0,2077731854.0
2025-12-31,Materials,Hedge Fund - Quant,8203329148.0,0.014812730645362116,0.010190862541554659,0.004621868103807457,5084578291.0,3118750857.0
2025-12-31,Materials,Market Maker - Quant,8133955893.0,0.009370574124407876,0.006543826708058723,0.002826747416349153,10025556679.0,-1891600786.0
2025-12-31,Materials,Pension Fund,685646610.0,0.003920298783254617,0.003553578133096446,0.0003667206501581713,593575020.0,92071590.0
2025-12-31,Real Estate,Asset Manager - Active,19694794058.0,0.007775729284707346,0.008648842843792153,-0.0008731135590848071,21575030856.0,-1880236798.0
2025-12-31,Real Estate,Asset Manager - Growth,40060953.0,0.00033289454804168194,0.0002541960779495144,7.869847009216754e-05,34316084.0,5744869.0
2025-12-31,Real Estate,Asset Manager - Index,124037164091.0,0.012556164397326793,0.01339271803340067,-0.0008365536360738779,128090701446.0,-4053537355.0
2025-12-31,Real Estate,Asset Manager - Value,610398091.0,0.002308816640351603,0.002575305142677741,-0.0002664885023261382,637929876.0,-27531785.0
2025-12-31,Real Estate,Family Office - Macro,6853363.0,0.0007936336591713227,0.0028959740096174873,-0.0021023403504461646,20343641.0,-13490278.0
2025-12-31,Real Estate,Hedge Fund - Activist,1618753145.0,0.03122254745790522,0.032160136046278126,-0.0009375885883729056,1666560099.0,-47806954.0
2025-12-31,Real Estate,Hedge Fund - Event Driven,130645262.0,0.012399163439663321,0.009632789630835947,0.002766373808827374,115192596.0,15452666.0
2025-12-31,Real Estate,Hedge Fund - Global Macro,619152760.0,0.007601077254938349,0.0018312997528053833,0.005769777502132966,46788274.0,572364486.0
2025-12-31,Real Estate,Hedge Fund - Long/Short,1286461860.0,0.010903741171397982,0.0075620582894457625,0.00334168288195222,568004489.0,718457371.0
2025-12-31,Real Estate,Hedge Fund - Long/Short Growth,22626990.0,0.0002716713630467846,0.004069728924895993,-0.0037980575618492083,270129655.0,-247502665.0
2025-12-31,Real Estate,Hedge Fund - Multi-strategy,5093668706.0,0.004747614796416852,0.0033165881769173394,0.001431026619499513,3497469652.0,1596199054.0
2025-12-31,Real Estate,Hedge Fund - Quant,3888737671.0,0.0070218837537488745,0.006496313693931027,0.0005255700598178472,3241238457.0,647499214.0
2025-12-31,Real Estate,Hedge Fund - Value,44697.0,0.008467602143754298,0.0091976211091082,-0.0007300189653539017,44064.0,633.0
2025-12-31,Real Estate,Market Maker - Quant,1574669887.0,0.0018140694505492658,0.0016469877821618866,0.0001670816683873792,2523289521.0,-948619634.0
2025-12-31,Real Estate,Pension Fund,1343685854.0,0.00768274784952651,0.00845279090823086,-0.0007700430587043502,1411919295.0,-68233441.0
2025-12-31,Unclassified,Asset Manager - Active,727112657120.0,0.287072368698,0.2847278730951016,0.0023444956028984,710269889110.0,16842768010.0
2025-12-31,Unclassified,Asset Manager - Growth,41595514184.0,0.3456462929088095,0.35327480972911635,-0.007628516820306852,47691562134.0,-6096047950.0
2025-12-31,Unclassified,Asset Manager - Index,2530780731519.0,0.25618853148904924,0.26249045257698894,-0.006301921087939699,2510512512069.0,20268219450.0
2025-12-31,Unclassified,Asset Manager - Value,99762926991.0,0.37735096050128847,0.3685302125675712,0.008820747933717288,91288767653.0,8474159338.0
2025-12-31,Unclassified,Conglomerate / Long-only Value,5841869604.0,0.02130824247357043,0.01797502987402979,0.0033332125995406414,4805345659.0,1036523945.0
2025-12-31,Unclassified,Family Office - Macro,4823937495.0,0.5586219737332744,0.5164602977614415,0.042161675971832846,3628030795.0,1195906700.0
2025-12-31,Unclassified,Foundation / Endowment,14319633873.0,0.4049659500709802,0.38360940450539277,0.021356545565587415,14033872487.0,285761386.0
2025-12-31,Unclassified,Hedge Fund - Activist,19201370284.0,0.3703564665191746,0.3548047475363064,0.015551718982868168,18386223066.0,815147218.0
2025-12-31,Unclassified,Hedge Fund - Event Driven,5073730163.0,0.4815330351573456,0.49732570957014155,-0.01579267441279597,5947211736.0,-873481573.0
2025-12-31,Unclassified,Hedge Fund - Global Macro,20700542364.0,0.25413182641370785,0.32542982988411145,-0.0712980034704036,8314477204.0,12386065160.0
2025-12-31,Unclassified,Hedge Fund - Long/Short,36687940308.0,0.31095815404129523,0.26366432578403304,0.047293828257262194,19804465253.0,16883475055.0
2025-12-31,Unclassified,Hedge Fund - Long/Short Growth,28489865506.0,0.34206408342579336,0.3254795093569594,0.016584574068833957,30749062881.0,-2259197375.0
2025-12-31,Unclassified,Hedge Fund - Multi-strategy,301230290265.0,0.2807652923140576,0.2788360367941448,0.001929255519912798,294043313354.0,7186976911.0
2025-12-31,Unclassified,Hedge Fund - Opportunistic,1672914887.0,0.24157543660176667,0.2797630684703963,-0.03818763186862961,2065655520.0,-392740633.0
2025-12-31,Unclassified,Hedge Fund - Quant,220559075378.0,0.3982629632459596,0.39181296617242106,0.006449997073538549,195489213382.0,25069861996.0
2025-12-31,Unclassified,Hedge Fund - Value,2394294.0,0.453585900780322,0.4925375782436518,-0.03895167746332978,2359651.0,34643.0
2025-12-31,Unclassified,Market Maker - Quant,170285952818.0,0.19617479664473159,0.1899306404192523,0.006244156225479275,290985761933.0,-120699809115.0
2025-12-31,Unclassified,Pension Fund,30944125448.0,0.17692819533180898,0.19574727475418469,-0.018819079422375706,32696816610.0,-1752691162.0
2025-12-31,Utilities,Asset Manager - Active,9960381626.0,0.003932472249675005,0.0041934994918255315,-0.0002610272421505267,10460923220.0,-500541594.0
2025-12-31,Utilities,Asset Manager - Growth,33134476.0,0.0002753375940062624,0.0002732537740871446,2.0838199191177895e-06,36888844.0,-3754368.0
2025-12-31,Utilities,Asset Manager - Index,74642607080.0,0.007556000271450521,0.007660338150247234,-0.00010433787879671284,73265044820.0,1377562260.0
2025-12-31,Utilities,Asset Manager - Value,1079182895.0,0.004081984302861813,0.004332386120583976,-0.0002504018177221625,1073177114.0,6005781.0
2025-12-31,Utilities,Hedge Fund - Activist,138983143.0,0.0026807100215186473,0.0026166436181820165,6.40664033366308e-05,135596250.0,3386893.0
2025-12-31,Utilities,Hedge Fund - Global Macro,169106410.0,0.0020760480607649704,0.0012284634210460732,0.0008475846397188972,31386278.0,137720132.0
2025-12-31,Utilities,Hedge Fund - Long/Short,226976785.0,0.0019238006135339667,0.005009593462197063,-0.003085792848663097,376282682.0,-149305897.0
2025-12-31,Utilities,Hedge Fund - Multi-strategy,3167150959.0,0.0029519809047891827,0.0030200099210518964,-6.802901626271366e-05,3184716487.0,-17565528.0
2025-12-31,Utilities,Hedge Fund - Quant,2926593874.0,0.005284543138744825,0.005607943279304261,-0.0003234001405594362,2797999339.0,128594535.0
2025-12-31,Utilities,Market Maker - Quant,1382731046.0,0.0015929498427467111,0.0016173793141041884,-2.4429471357477212e-05,2477927474.0,-1095196428.0
2025-12-31,Utilities,Pension Fund,1102347299.0,0.006302854432538817,0.007476823041883898,-0.0011739686093450805,1248897652.0,-146550353.0
2026-03-31,Communication Services,Asset Manager - Active,241844492102.0,0.0993298060159213,0.1056839490732015,-0.006354143057280201,267682108780.0,-25837616678.0
2026-03-31,Communication Services,Asset Manager - Growth,11297255421.0,0.11540406713246164,0.12432482884100347,-0.008920761708541836,14961407912.0,-3664152491.0
2026-03-31,Communication Services,Asset Manager - Index,241849920165.0,0.08350136116035893,0.0853231697116388,-0.0018218085512798632,842872366703.0,-601022446538.0
2026-03-31,Communication Services,Asset Manager - Value,25811611335.0,0.10043106597414818,0.10672496711492634,-0.0062939011407781575,28215630055.0,-2404018720.0
2026-03-31,Communication Services,Conglomerate / Long-only Value,16628526688.0,0.06320333803389444,0.022266769355299205,0.040936568678595235,6104659417.0,10523867271.0
2026-03-31,Communication Services,Family Office - Macro,293722456.0,0.0321977429275839,0.043273835314737684,-0.011076092387153784,373687908.0,-79965452.0
2026-03-31,Communication Services,Hedge Fund - Activist,1685582248.0,0.035895988595624144,0.07654258925450347,-0.040646600658879324,3968399992.0,-2282817744.0
2026-03-31,Communication Services,Hedge Fund - Event Driven,172731850.0,0.0332534162685226,0.028840702873074178,0.004412713395448423,303883500.0,-131151650.0
2026-03-31,Communication Services,Hedge Fund - Global Macro,3126847806.0,0.040992407864469754,0.04848893523599587,-0.007496527371526118,3949710952.0,-822863146.0
2026-03-31,Communication Services,Hedge Fund - Long/Short,8942868303.0,0.07896995010270287,0.07691624277550833,0.002053707327194537,9074849741.0,-131981438.0
2026-03-31,Communication Services,Hedge Fund - Long/Short Growth,11018030306.0,0.1709671805708921,0.18707626070212785,-0.016109080131235742,15581225171.0,-4563194865.0
2026-03-31,Communication Services,Hedge Fund - Multi-strategy,67977280984.0,0.06694422034731687,0.06872170877361984,-0.0017774884263029728,73730837992.0,-5753557008.0
2026-03-31,Communication Services,Hedge Fund - Opportunistic,746777067.0,0.12585823504562,0.13816463464264184,-0.012306399597021844,956792948.0,-210015881.0
2026-03-31,Communication Services,Hedge Fund - Quant,28878870376.0,0.047418557831250825,0.05168604397139371,-0.004267486140142884,28623866943.0,255003433.0
2026-03-31,Communication Services,Hedge Fund - Value,338819.0,0.06623535299430346,0.06463032741698067,0.0016050255773227828,341157.0,-2338.0
2026-03-31,Communication Services,Market Maker - Quant,56400333384.0,0.06313526106604607,0.07914369762406413,-0.016008436558018063,68699242665.0,-12298909281.0
2026-03-31,Communication Services,Pension Fund,13827044871.0,0.08509638320099183,0.09297762643846215,-0.007881243237470317,16261463194.0,-2434418323.0
2026-03-31,Consumer Discretionary,Asset Manager - Active,166943854094.0,0.06856679057926808,0.07144467711728017,-0.0028778865380120894,180959000866.0,-14015146772.0
2026-03-31,Consumer Discretionary,Asset Manager - Growth,21296065473.0,0.21754421564506382,0.22811043866999492,-0.010566223024931098,27451100104.0,-6155034631.0
2026-03-31,Consumer Discretionary,Asset Manager - Index,214889116200.0,0.07419284525297638,0.07754485035763134,-0.0033520051046549565,766033561194.0,-551144444994.0
2026-03-31,Consumer Discretionary,Asset Manager - Value,16584682810.0,0.06452977118839881,0.0657388418882911,-0.0012090706998922895,17379839911.0,-795157101.0
2026-03-31,Consumer Discretionary,Conglomerate / Long-only Value,897048487.0,0.003409590026852448,0.01227659825505783,-0.008867008228205383,3365753242.0,-2468704755.0
2026-03-31,Consumer Discretionary,Family Office - Macro,770338841.0,0.08444424817709863,0.10126708831386605,-0.016822840136767422,874484226.0,-104145385.0
2026-03-31,Consumer Discretionary,Foundation / Endowment,278686661.0,0.008800954008418623,0.00906436711437845,-0.0002634131059598265,320516869.0,-41830208.0
2026-03-31,Consumer Discretionary,Hedge Fund - Activist,4348280834.0,0.09260054762266044,0.09059785476269996,0.002002692859960478,4697104313.0,-348823479.0
2026-03-31,Consumer Discretionary,Hedge Fund - Event Driven,404043800.0,0.07778436155298339,0.09936411695697218,-0.021579755403988793,1046961850.0,-642918050.0
2026-03-31,Consumer Discretionary,Hedge Fund - Global Macro,3981411075.0,0.05219557739565818,0.04587533639142526,0.006320241004232917,3736817847.0,244593228.0
2026-03-31,Consumer Discretionary,Hedge Fund - Long/Short,9052977777.0,0.07994227121635472,0.08742398737438299,-0.00748171615802827,10314590528.0,-1261612751.0
2026-03-31,Consumer Discretionary,Hedge Fund - Long/Short Growth,5966934187.0,0.0925891367396152,0.10249258460046984,-0.009903447860854633,8536412012.0,-2569477825.0
2026-03-31,Consumer Discretionary,Hedge Fund - Multi-strategy,78563645056.0,0.07736970190312806,0.09018805997032396,-0.012818358067195904,96761872735.0,-18198227679.0
2026-03-31,Consumer Discretionary,Hedge Fund - Opportunistic,1464996150.0,0.24690344406040576,0.22768732494682165,0.019216119113584118,1576739427.0,-111743277.0
2026-03-31,Consumer Discretionary,Hedge Fund - Quant,40841221695.0,0.06706051198085454,0.07376668193792442,-0.00670616995706988,40852182260.0,-10960565.0
2026-03-31,Consumer Discretionary,Hedge Fund - Value,1314632.0,0.25699596119936347,0.1972087242994815,0.05978723689988197,1040984.0,273648.0
2026-03-31,Consumer Discretionary,Market Maker - Quant,69489648729.0,0.07778760958774499,0.10271099364201017,-0.024923384054265182,89156403964.0,-19666755235.0
2026-03-31,Consumer Discretionary,Pension Fund,11007772124.0,0.06774561040282169,0.0679188692368139,-0.0001732588339922042,11878773793.0,-871001669.0
2026-03-31,Consumer Staples,Asset Manager - Active,56541910658.0,0.023222761736744334,0.02089979331127287,0.0023229684254714653,52936144000.0,3605766658.0
2026-03-31,Consumer Staples,Asset Manager - Growth,943443726.0,0.00963749504048712,0.006287439181056462,0.003350055859430658,756638422.0,186805304.0
2026-03-31,Consumer Staples,Asset Manager - Index,116540663662.0,0.040236953725969735,0.035640792654996194,0.004596161070973541,352080675833.0,-235540012171.0
2026-03-31,Consumer Staples,Asset Manager - Value,6396206619.0,0.024887165725528397,0.022738766335468515,0.0021483993900598825,6011607557.0,384599062.0
2026-03-31,Consumer Staples,Conglomerate / Long-only Value,41456460557.0,0.15757178849547412,0.14873836971562082,0.008833418779853303,40778124337.0,678336220.0
2026-03-31,Consumer Staples,Family Office - Macro,38235088.0,0.004191315676039247,0.00040114140019208096,0.003790174275847166,3464026.0,34771062.0
2026-03-31,Consumer Staples,Foundation / Endowment,1869992023.0,0.05905454438141444,0.04925951681309657,0.00979502756831787,1741821122.0,128170901.0
2026-03-31,Consumer Staples,Hedge Fund - Activist,197994750.0,0.004216476114663883,0.0035294767036435073,0.0006869994110203755,182988000.0,15006750.0
2026-03-31,Consumer Staples,Hedge Fund - Global Macro,907014511.0,0.011890795804822931,0.014226114394762332,-0.0023353185899394006,1158801272.0,-251786761.0
2026-03-31,Consumer Staples,Hedge Fund - Long/Short,3921688785.0,0.034630451570654135,0.024972726321766798,0.009657725248887337,2946370374.0,975318411.0
2026-03-31,Consumer Staples,Hedge Fund - Long/Short Growth,690797990.0,0.01071913776004269,0.005091124698117877,0.005628013061924814,424030072.0,266767918.0
2026-03-31,Consumer Staples,Hedge Fund - Multi-strategy,20298325343.0,0.019989848737303216,0.02202062284600647,-0.002030774108703254,23625707284.0,-3327381941.0
2026-03-31,Consumer Staples,Hedge Fund - Quant,15289733272.0,0.025105452254298104,0.027993336908244026,-0.002887884653945922,15502783525.0,-213050253.0
2026-03-31,Consumer Staples,Market Maker - Quant,14683074716.0,0.01643642332990009,0.017722523604098674,-0.0012861002741985858,15383713249.0,-700638533.0
2026-03-31,Consumer Staples,Pension Fund,5003001657.0,0.030790190538267845,0.02978169201180529,0.0010084985264625541,5208714258.0,-205712601.0
2026-03-31,ETF - Broad Equity,Asset Manager - Active,59072077485.0,0.024261945957685088,0.022683817751933007,0.0015781282057520801,57454819055.0,1617258430.0
2026-03-31,ETF - Broad Equity,Asset Manager - Index,9567034423.0,0.0033031244998695617,0.007060466472266112,-0.0037573419723965504,69747433266.0,-60180398843.0
2026-03-31,ETF - Broad Equity,Asset Manager - Value,6208443.0,2.4156591405212187e-05,3.0368731113826087e-05,-6.2121397086139005e-06,8028795.0,-1820352.0
2026-03-31,ETF - Broad Equity,Family Office - Macro,823531489.0,0.09027520584123262,0.03295000443854301,0.05732520140268961,284537253.0,538994236.0
2026-03-31,ETF - Broad Equity,Hedge Fund - Activist,964987861.0,0.020550283615333693,0.050966501840471724,-0.03041621822513803,2642391216.0,-1677403355.0
2026-03-31,ETF - Broad Equity,Hedge Fund - Event Driven,15336000.0,0.0029524050827572485,0.04874467211188213,-0.04579226702912488,582907500.0,-567571500.0
2026-03-31,ETF - Broad Equity,Hedge Fund - Global Macro,20076039906.0,0.2631932435441736,0.2851100812013028,-0.021916837657129207,23223904686.0,-3147864780.0
2026-03-31,ETF - Broad Equity,Hedge Fund - Long/Short,283051023.0,0.002499480525205829,0.005026122340115396,-0.002526641814909567,377524206.0,-94473183.0
2026-03-31,ETF - Broad Equity,Hedge Fund - Long/Short Growth,2582823.0,4.007775926911244e-05,4.007500763946196e-05,2.751629650484856e-09,3337771.0,-754948.0
2026-03-31,ETF - Broad Equity,Hedge Fund - Multi-strategy,142359127558.0,0.14019567516885048,0.13579792197506146,0.004397753193789017,145696240147.0,-3337112589.0
2026-03-31,ETF - Broad Equity,Hedge Fund - Opportunistic,295224000.0,0.049755640906830524,0.03233605881016398,0.017419582096666546,223927875.0,71296125.0
2026-03-31,ETF - Broad Equity,Hedge Fund - Quant,36210415632.0,0.059456816190656285,0.07553900841259577,-0.016082192221939483,41833701318.0,-5623285686.0
2026-03-31,ETF - Broad Equity,Market Maker - Quant,201594721107.0,0.22566773249318908,0.16951105767676758,0.056156674816421503,147140980714.0,54453740393.0
2026-03-31,ETF - Broad Equity,Pension Fund,20927116661.0,0.12879266360170016,0.11326157017587704,0.015531093425823123,19809054342.0,1118062319.0
2026-03-31,ETF - Commodity,Asset Manager - Active,1403542761.0,0.0005764598109035358,0.0007476023112620923,-0.00017114250035855645,1893568181.0,-490025420.0
2026-03-31,ETF - Commodity,Asset Manager - Index,406784591.0,0.0001404468813733168,3.5768088810783184e-05,0.00010467879256253362,353338182.0,53446409.0
2026-03-31,ETF - Commodity,Family Office - Macro,20737.0,2.2731819833663223e-06,,,,
2026-03-31,ETF - Commodity,Hedge Fund - Event Driven,40877550.0,0.007869528324899816,,,,
2026-03-31,ETF - Commodity,Hedge Fund - Global Macro,1586535573.0,0.020799193735976232,0.007818280368611704,0.012980913367364528,636845240.0,949690333.0
2026-03-31,ETF - Commodity,Hedge Fund - Multi-strategy,24374802255.0,0.024004374836131884,0.017644983844009244,0.0063593909921226405,18931127709.0,5443674546.0
2026-03-31,ETF - Commodity,Hedge Fund - Quant,1542058078.0,0.002532030138254965,0.002392797014351701,0.00013923312390326384,1325137273.0,216920805.0
2026-03-31,ETF - Commodity,Market Maker - Quant,30011339760.0,0.03359508103948424,0.028644097483790352,0.004950983555693889,24863986180.0,5147353580.0
2026-03-31,ETF - Fixed Income,Asset Manager - Active,5714450933.0,0.0023470259658549255,0.0022511775972454923,9.584836860943328e-05,5701906219.0,12544714.0
2026-03-31,ETF - Fixed Income,Asset Manager - Index,1138818668.0,0.0003931897468808366,0.0007349823705713768,-0.0003417926236905402,7260587391.0,-6121768723.0
2026-03-31,ETF - Fixed Income,Asset Manager - Value,156321.0,6.082334210129938e-07,5.844191486024898e-07,2.3814272410503915e-08,154507.0,1814.0
2026-03-31,ETF - Fixed Income,Family Office - Macro,47694410.0,0.00522824292420729,0.002994219456615543,0.002234023467591747,25856354.0,21838056.0
2026-03-31,ETF - Fixed Income,Hedge Fund - Activist,400800000.0,0.00853539614942964,0.00590973443688192,0.0026256617125477192,306394000.0,94406000.0
2026-03-31,ETF - Fixed Income,Hedge Fund - Global Macro,599350590.0,0.007857377577490762,0.004364235871027864,0.0034931417064628986,355492859.0,243857731.0
2026-03-31,ETF - Fixed Income,Hedge Fund - Multi-strategy,13496880113.0,0.013291766060761672,0.011250296104098131,0.0020414699566635407,12070330820.0,1426549293.0
2026-03-31,ETF - Fixed Income,Hedge Fund - Quant,495593962.0,0.0008137558928705836,0.0007400366066201257,7.371928625045788e-05,409834217.0,85759745.0
2026-03-31,ETF - Fixed Income,Market Maker - Quant,13249811791.0,0.014832010314642444,0.013554566605503058,0.0012774437091393857,11765794225.0,1484017566.0
2026-03-31,ETF - International Equity,Asset Manager - Active,5959281863.0,0.0024475823546824243,0.002314708366689985,0.0001328739879924391,5862820440.0,96461423.0
2026-03-31,ETF - International Equity,Asset Manager - Growth,34063.0,3.479613934749011e-07,1.9860934814529716e-05,-1.9512973421054813e-05,2681196.0,-2647133.0
2026-03-31,ETF - International Equity,Asset Manager - Index,341823615.0,0.0001180183855747459,0.0006230670378626858,-0.0005050486522879399,6155022025.0,-5813198410.0
2026-03-31,ETF - International Equity,Hedge Fund - Global Macro,979277139.0,0.01283814575727356,0.009725832050301838,0.0031123137069717227,792226622.0,187050517.0
2026-03-31,ETF - International Equity,Hedge Fund - Multi-strategy,5113954537.0,0.0050362370253036245,0.004142426741764698,0.0008938102835389268,4444368460.0,669586077.0
2026-03-31,ETF - International Equity,Hedge Fund - Quant,783900586.0,0.0012871499053537776,0.0010900311524495395,0.00019711875290423812,603662116.0,180238470.0
2026-03-31,ETF - International Equity,Market Maker - Quant,8487359885.0,0.009500860189116818,0.008612252769247031,0.0008886074198697861,7475708877.0,1011651008.0
2026-03-31,ETF - Sector,Asset Manager - Active,438475753.0,0.0001800897391113868,0.0001691250261395169,1.0964712971869882e-05,428369152.0,10106601.0
2026-03-31,ETF - Sector,Asset Manager - Index,720538839.0,0.0002487740073858904,8.118412754490708e-05,0.00016758987984098332,801984478.0,-81445639.0
2026-03-31,ETF - Sector,Family Office - Macro,303744754.0,0.03329638338886221,0.020860525653408308,0.012435857735453904,180139480.0,123605274.0
2026-03-31,ETF - Sector,Hedge Fund - Activist,2430886200.0,0.05176790596602208,0.0662034377036627,-0.014435531737640624,3432360000.0,-1001473800.0
2026-03-31,ETF - Sector,Hedge Fund - Global Macro,2751944352.0,0.036077491549490505,0.029958144101690457,0.006119347447800048,2440268265.0,311676087.0
2026-03-31,ETF - Sector,Hedge Fund - Multi-strategy,17606775243.0,0.017339202516065664,0.013496453607332065,0.003842748908733599,14480210870.0,3126564373.0
2026-03-31,ETF - Sector,Hedge Fund - Quant,2082562302.0,0.0034195278301688186,0.003509140179932383,-8.961234976356423e-05,1943371051.0,139191251.0
2026-03-31,ETF - Sector,Market Maker - Quant,12473854984.0,0.013963394250755516,0.012284090294072313,0.0016793039566832032,10662980444.0,1810874540.0
2026-03-31,ETF - Thematic,Asset Manager - Active,4421797.0,1.8161101558870298e-06,1.236573399420604e-06,5.795367564664257e-07,3132061.0,1289736.0
2026-03-31,ETF - Thematic,Hedge Fund - Global Macro,6759000.0,8.860926464802523e-05,1.897882869704866e-05,6.963043595097657e-05,1545938.0,5213062.0
2026-03-31,ETF - Thematic,Hedge Fund - Multi-strategy,483942293.0,0.00047658775151073173,0.0006988230197768735,-0.00022223526826614177,749760269.0,-265817976.0
2026-03-31,ETF - Thematic,Hedge Fund - Quant,150982745.0,0.00024791080579292176,0.00030576326776184977,-5.785246196892801e-05,169332501.0,-18349756.0
2026-03-31,ETF - Thematic,Market Maker - Quant,792700259.0,0.0008873589001387904,0.0013049122498200718,-0.0004175533496812814,1132705269.0,-340005010.0
2026-03-31,Energy,Asset Manager - Active,98815614662.0,0.04058531889814876,0.02909413937657268,0.011491179521576078,73691233624.0,25124381038.0
2026-03-31,Energy,Asset Manager - Growth,1623214578.0,0.016581510920049718,0.004394270177419436,0.012187240742630282,528812058.0,1094402520.0
2026-03-31,Energy,Asset Manager - Index,152657106221.0,0.052706555170902745,0.034841356110842686,0.01786519906006006,344183372272.0,-191526266051.0
2026-03-31,Energy,Asset Manager - Value,14934839576.0,0.05811035348795574,0.04846692253500011,0.009643430952955633,12813541134.0,2121298442.0
2026-03-31,Energy,Conglomerate / Long-only Value,34678557621.0,0.13180966906885777,0.11209335080024217,0.0197163182686156,30731522774.0,3947034847.0
2026-03-31,Energy,Family Office - Macro,187638903.0,0.020568904551199352,0.023624018738867655,-0.003055114187668302,204003414.0,-16364511.0
2026-03-31,Energy,Hedge Fund - Activist,9465853864.0,0.20158386382696925,0.13821169218164522,0.06337217164532402,7165674476.0,2300179388.0
2026-03-31,Energy,Hedge Fund - Event Driven,1154203836.0,0.2222011784001248,0.09025014118110274,0.13195103721902207,950931359.0,203272477.0
2026-03-31,Energy,Hedge Fund - Global Macro,2488164420.0,0.03261938446213644,0.022745670106257367,0.009873714355879075,1852769542.0,635394878.0
2026-03-31,Energy,Hedge Fund - Long/Short,4222794656.0,0.037289365333313944,0.03111052241635703,0.0061788429169569135,3670529216.0,552265440.0
2026-03-31,Energy,Hedge Fund - Long/Short Growth,1936268699.0,0.030045152454829284,0.030872528546065897,-0.0008273760912366132,2571314057.0,-635045358.0
2026-03-31,Energy,Hedge Fund - Multi-strategy,31427545178.0,0.030949936198043676,0.022961974873749468,0.007987961324294208,24635674514.0,6791870664.0
2026-03-31,Energy,Hedge Fund - Opportunistic,283890567.0,0.04784555831669685,0.0429294478710327,0.004916110445664153,297287313.0,-13396746.0
2026-03-31,Energy,Hedge Fund - Quant,22834164455.0,0.03749326527112182,0.026819257209055057,0.01067400806206676,14852575103.0,7981589352.0
2026-03-31,Energy,Market Maker - Quant,20767178782.0,0.023247047939946672,0.01660821903797401,0.006638828901972663,14416461502.0,6350717280.0
2026-03-31,Energy,Pension Fund,4910638125.0,0.03022175363897393,0.022167181015014463,0.008054572623959467,3876962792.0,1033675333.0
2026-03-31,Financials,Asset Manager - Active,202678923344.0,0.08324381491716766,0.09740970847363209,-0.014165893556464429,246724657893.0,-44045734549.0
2026-03-31,Financials,Asset Manager - Growth,6138061706.0,0.06270171460102424,0.06409023912427769,-0.0013885245232534565,7712700831.0,-1574639125.0
2026-03-31,Financials,Asset Manager - Index,313855000230.0,0.10836191183486871,0.11132397336998535,-0.0029620615351166474,1099723571244.0,-785868571014.0
2026-03-31,Financials,Asset Manager - Value,39889455656.0,0.15520691446443532,0.16343273110591197,-0.008225816641476646,43207860395.0,-3318404739.0
2026-03-31,Financials,Conglomerate / Long-only Value,95283346887.0,0.36216230669707095,0.4234428093415706,-0.061280502644499635,116091117322.0,-20807770435.0
2026-03-31,Financials,Family Office - Macro,735368601.0,0.08061082388612133,0.06829175344514249,0.012319070440978838,589728234.0,145640367.0
2026-03-31,Financials,Foundation / Endowment,8169547277.0,0.2579951605738267,0.27587059166980227,-0.017875431095975558,9754809925.0,-1585262648.0
2026-03-31,Financials,Hedge Fund - Activist,90093070.0,0.0019186128811584206,0.0017394341247676094,0.0001791787563908112,90182086.0,-89016.0
2026-03-31,Financials,Hedge Fund - Event Driven,34591800.0,0.006659429195469626,0.04835428674243444,-0.04169485754696481,509490700.0,-474898900.0
2026-03-31,Financials,Hedge Fund - Global Macro,3984782401.0,0.052239774868324075,0.06252135469108368,-0.010281579822759603,5092734624.0,-1107952223.0
2026-03-31,Financials,Hedge Fund - Long/Short,15126286803.0,0.13357259366900942,0.13001087859681412,0.0035617150721952984,15339142233.0,-212855430.0
2026-03-31,Financials,Hedge Fund - Long/Short Growth,3530865122.0,0.05478856366511423,0.06843640542044607,-0.01364784175533184,5699937762.0,-2169072640.0
2026-03-31,Financials,Hedge Fund - Multi-strategy,65248063385.0,0.06425647906554605,0.06619776050677253,-0.001941281441226489,71022918994.0,-5774855609.0
2026-03-31,Financials,Hedge Fund - Quant,53433629558.0,0.08773700703457378,0.08735194760648099,0.0003850594280927905,48375738079.0,5057891479.0
2026-03-31,Financials,Hedge Fund - Value,369128.0,0.07216042600940692,0.048070412742796845,0.024090013266610075,253744.0,115384.0
2026-03-31,Financials,Market Maker - Quant,48206900155.0,0.0539634261689339,0.06404908950179376,-0.01008566333285986,55596643501.0,-7389743346.0
2026-03-31,Financials,Pension Fund,15797417481.0,0.09722273299110228,0.10342181563173886,-0.00619908264063658,18088115526.0,-2290698045.0
2026-03-31,Health Care,Asset Manager - Active,175023215760.0,0.07188512716837585,0.07385981977789959,-0.001974692609523737,187076206800.0,-12052991040.0
2026-03-31,Health Care,Asset Manager - Growth,6067876712.0,0.06198475871595048,0.05285458228394588,0.009130176432004602,6360587607.0,-292710895.0
2026-03-31,Health Care,Asset Manager - Index,233387065455.0,0.08057946692485436,0.07602454750323799,0.004554919421616371,751015116974.0,-517628051519.0
2026-03-31,Health Care,Asset Manager - Value,29415613600.0,0.11445397157851053,0.124603696960551,-0.010149725382040467,32942355589.0,-3526741989.0
2026-03-31,Health Care,Conglomerate / Long-only Value,4626158909.0,0.01758355931406972,0.019228757586254336,-0.0016451982721846156,5271757847.0,-645598938.0
2026-03-31,Health Care,Family Office - Macro,63679615.0,0.006980534962902243,0.025816299558867255,-0.01883576459596501,222934688.0,-159255073.0
2026-03-31,Health Care,Foundation / Endowment,182130280.0,0.005751693360811432,0.0058734824837052,-0.00012178912289376783,207686890.0,-25556610.0
2026-03-31,Health Care,Hedge Fund - Activist,115893326.0,0.0024680525161801248,0.004119343014826895,-0.0016512904986467703,213570000.0,-97676674.0
2026-03-31,Health Care,Hedge Fund - Event Driven,516021693.0,0.09934174942789518,0.06661864541844212,0.032723104009453066,701935290.0,-185913597.0
2026-03-31,Health Care,Hedge Fund - Global Macro,2885379969.0,0.03782680829756352,0.04096558280208452,-0.0031387745045209983,3336889339.0,-451509370.0
2026-03-31,Health Care,Hedge Fund - Long/Short,11789948167.0,0.10411107341803412,0.10053162356189432,0.0035794498561397964,11861075699.0,-71127532.0
2026-03-31,Health Care,Hedge Fund - Long/Short Growth,915319570.0,0.01420304735584572,0.012497002032934638,0.001706045322911083,1040851479.0,-125531909.0
2026-03-31,Health Care,Hedge Fund - Multi-strategy,47052557408.0,0.046337492842164846,0.05393746521712555,-0.007599972374960705,57868970091.0,-10816412683.0
2026-03-31,Health Care,Hedge Fund - Opportunistic,24353100.0,0.004104354993388527,0.00953383438647219,-0.005429479393083664,66022000.0,-41668900.0
2026-03-31,Health Care,Hedge Fund - Quant,36318124571.0,0.05963367222714304,0.061647380985075446,-0.0020137087579324073,34140481552.0,2177643019.0
2026-03-31,Health Care,Hedge Fund - Value,457761.0,0.08948719352227986,0.1048418232899316,-0.015354629767651728,553417.0,-95656.0
2026-03-31,Health Care,Market Maker - Quant,37173182171.0,0.04161213986170459,0.05239444796981504,-0.010782308108110449,45480044570.0,-8306862399.0
2026-03-31,Health Care,Pension Fund,11109658567.0,0.06837265456716791,0.07230646789854829,-0.003933813331380376,12646149525.0,-1536490958.0
2026-03-31,Industrials,Asset Manager - Active,67101759736.0,0.02755987833327513,0.025689772508855634,0.0018701058244194949,65068466305.0,2033293431.0
2026-03-31,Industrials,Asset Manager - Growth,591382457.0,0.006041108059018019,0.005196397504535084,0.0008447105544829346,625341080.0,-33958623.0
2026-03-31,Industrials,Asset Manager - Index,127784102755.0,0.044118875488642115,0.03240790214142125,0.011710973347220863,320144285194.0,-192360182439.0
2026-03-31,Industrials,Asset Manager - Value,12527968582.0,0.048745396901076404,0.05493012718079383,-0.006184730279717422,14522263996.0,-1994295414.0
2026-03-31,Industrials,Conglomerate / Long-only Value,2646532635.0,0.010059201268164593,0.0011920003051224888,0.008867200963042105,326798907.0,2319733728.0
2026-03-31,Industrials,Family Office - Macro,111405799.0,0.012212260940798084,0.005131553118233555,0.007080707822564529,44313136.0,67092663.0
2026-03-31,Industrials,Foundation / Endowment,6505152401.0,0.20543339567642596,0.14977345356165217,0.05565994211477379,5296003327.0,1209149074.0
2026-03-31,Industrials,Hedge Fund - Activist,2154934398.0,0.0458912643786494,0.0476081239594277,-0.0017168595807783016,2468273945.0,-313339547.0
2026-03-31,Industrials,Hedge Fund - Event Driven,24262000.0,0.004670791087497155,0.03973657935809325,-0.035065788270596095,418689200.0,-394427200.0
2026-03-31,Industrials,Hedge Fund - Global Macro,1421619122.0,0.018637168961383527,0.01673544161933889,0.001901727342044638,1363200836.0,58418286.0
2026-03-31,Industrials,Hedge Fund - Long/Short,3003971571.0,0.02652655468405235,0.02901022897182993,-0.0024836742877775812,3422729184.0,-418757613.0
2026-03-31,Industrials,Hedge Fund - Long/Short Growth,10874234.0,0.00016873588801400547,0.00014831356342852588,2.042232458547959e-05,12352754.0,-1478520.0
2026-03-31,Industrials,Hedge Fund - Multi-strategy,21497989441.0,0.021171281365333455,0.01911859968915946,0.002052681676173996,20512155496.0,985833945.0
2026-03-31,Industrials,Hedge Fund - Opportunistic,521484350.0,0.08788847809504623,0.039830711551741005,0.04805776654330522,275828500.0,245655850.0
2026-03-31,Industrials,Hedge Fund - Quant,14689379880.0,0.02411968336281826,0.022123914756529785,0.001995768606288476,12252282117.0,2437097763.0
2026-03-31,Industrials,Hedge Fund - Value,373876.0,0.07308860729799155,0.07130995208947843,0.0017786552085131135,376416.0,-2540.0
2026-03-31,Industrials,Market Maker - Quant,18388363304.0,0.02058417119400731,0.02375674733611058,-0.00317257614210327,20621611059.0,-2233247755.0
2026-03-31,Industrials,Pension Fund,4663237306.0,0.028699164026061173,0.024262321498269693,0.0044368425277914805,4243395569.0,419841737.0
2026-03-31,Information Technology,Asset Manager - Active,556952155627.0,0.22875009100991478,0.24408289480904935,-0.01533280379913457,618226557321.0,-61274401694.0
2026-03-31,Information Technology,Asset Manager - Growth,14945066600.0,0.15266729882016272,0.16142102827588287,-0.008753729455720144,19425611699.0,-4480545099.0
2026-03-31,Information Technology,Asset Manager - Index,679741963713.0,0.23468843474964646,0.255212409406367,-0.020523974656720567,2521138024470.0,-1841396060757.0
2026-03-31,Information Technology,Asset Manager - Value,9641081475.0,0.037512733207977496,0.029559747922983496,0.007952985284994,7814918425.0,1826163050.0
2026-03-31,Information Technology,Conglomerate / Long-only Value,60075987090.0,0.2283427143614149,0.23397215619849754,-0.005629441837082638,64145826629.0,-4069839539.0
2026-03-31,Information Technology,Family Office - Macro,1117380522.0,0.12248682409098986,0.10610350247251918,0.016383321618470684,916248712.0,201131810.0
2026-03-31,Information Technology,Hedge Fund - Activist,2521828394.0,0.05370460170576331,0.024569913165059153,0.029134688540704154,1273843022.0,1247985372.0
2026-03-31,Information Technology,Hedge Fund - Event Driven,435257710.0,0.08379349734697969,0.13290332887287218,-0.04910983152589249,1400351750.0,-965094040.0
2026-03-31,Information Technology,Hedge Fund - Global Macro,10410322599.0,0.1364774419656915,0.13483045820713133,0.0016469837585601776,10982739358.0,-572416759.0
2026-03-31,Information Technology,Hedge Fund - Long/Short,19906709231.0,0.17578608802208642,0.19127570216548087,-0.015489614143394448,22567382306.0,-2660673075.0
2026-03-31,Information Technology,Hedge Fund - Long/Short Growth,15327890000.0,0.2378434315953652,0.2510099506399297,-0.013166519044564506,20906140343.0,-5578250343.0
2026-03-31,Information Technology,Hedge Fund - Multi-strategy,168860073793.0,0.16629388266534934,0.1753978653693934,-0.009103982704044056,188182625643.0,-19322551850.0
2026-03-31,Information Technology,Hedge Fund - Opportunistic,1475708994.0,0.24870893554874984,0.25040267569454827,-0.001693740145798428,1734043700.0,-258334706.0
2026-03-31,Information Technology,Hedge Fund - Quant,84753261660.0,0.1391632493614349,0.13965253920776977,-0.0004892898463348672,77339943114.0,7413318546.0
2026-03-31,Information Technology,Market Maker - Quant,176235560703.0,0.19728036106363517,0.2007509141424978,-0.003470553078862626,174258168116.0,1977392587.0
2026-03-31,Information Technology,Pension Fund,42288221496.0,0.26025623948465426,0.27906835969634136,-0.0188121202116871,48808084629.0,-6519863133.0
2026-03-31,Materials,Asset Manager - Active,13179470973.0,0.0054130415944656915,0.004887007693184261,0.0005260339012814301,12378081406.0,801389567.0
2026-03-31,Materials,Asset Manager - Growth,1007866601.0,0.010295589552322819,0.007066250891026748,0.003229338661296071,850361613.0,157504988.0
2026-03-31,Materials,Asset Manager - Index,21671061681.0,0.007482173849464318,0.0068448344889969195,0.0006373393604673988,67617293930.0,-45946232249.0
2026-03-31,Materials,Asset Manager - Value,8268036.0,3.217031506540125e-05,3.148436130936971e-05,6.859537560315404e-07,8323742.0,-55706.0
2026-03-31,Materials,Conglomerate / Long-only Value,1072800074.0,0.004077603926795284,0.005480945968764603,-0.0014033420419693196,1502656622.0,-429856548.0
2026-03-31,Materials,Family Office - Macro,476635.0,5.224854581867228e-05,0.009864732853284368,-0.009812484307465695,85186149.0,-84709514.0
2026-03-31,Materials,Hedge Fund - Activist,4638146543.0,0.09877349836230688,0.08574217485381166,0.013031323508495216,4445358451.0,192788092.0
2026-03-31,Materials,Hedge Fund - Global Macro,1601094385.0,0.020990057121901495,0.012806602400877871,0.008183454721023624,1043173613.0,557920772.0
2026-03-31,Materials,Hedge Fund - Long/Short,456292890.0,0.004029291893231863,0.0032890742894772238,0.0007402176037546396,388056591.0,68236299.0
2026-03-31,Materials,Hedge Fund - Multi-strategy,9364788298.0,0.009222470246711486,0.009960149446543217,-0.0007376791998317308,10686145300.0,-1321357002.0
2026-03-31,Materials,Hedge Fund - Quant,10299988221.0,0.01691238544858694,0.014812730645362116,0.0020996548032248246,8203329148.0,2096659073.0
2026-03-31,Materials,Market Maker - Quant,7289326929.0,0.00815976663692437,0.009370574124407876,-0.0012108074874835062,8133955893.0,-844628964.0
2026-03-31,Materials,Pension Fund,813832695.0,0.005008605925657006,0.003920298783254617,0.0010883071424023887,685646610.0,128186085.0
2026-03-31,Real Estate,Asset Manager - Active,19108783034.0,0.007848314821935327,0.007775729284707346,7.258553722798173e-05,19694794058.0,-586011024.0
2026-03-31,Real Estate,Asset Manager - Growth,37584395.0,0.0003839332547664946,0.00033289454804168194,5.103870672481267e-05,40060953.0,-2476558.0
2026-03-31,Real Estate,Asset Manager - Index,40416168272.0,0.013954129326549623,0.012556164397326793,0.0013979649292228304,124037164091.0,-83620995819.0
2026-03-31,Real Estate,Asset Manager - Value,597138426.0,0.0023234213423935007,0.002308816640351603,1.4604702041897798e-05,610398091.0,-13259665.0
2026-03-31,Real Estate,Family Office - Macro,17156468.0,0.001880685439349995,0.0007936336591713227,0.0010870517801786722,6853363.0,10303105.0
2026-03-31,Real Estate,Hedge Fund - Activist,1339617569.0,0.028528359880616007,0.03122254745790522,-0.0026941875772892136,1618753145.0,-279135576.0
2026-03-31,Real Estate,Hedge Fund - Event Driven,229017987.0,0.04408932373902148,0.012399163439663321,0.03169016029935816,130645262.0,98372725.0
2026-03-31,Real Estate,Hedge Fund - Global Macro,758084305.0,0.009938347804003444,0.007601077254938349,0.0023372705490650944,619152760.0,138931545.0
2026-03-31,Real Estate,Hedge Fund - Long/Short,1163049794.0,0.01027030490523135,0.010903741171397982,-0.0006334362661666332,1286461860.0,-123412066.0
2026-03-31,Real Estate,Hedge Fund - Long/Short Growth,1122640669.0,0.01742005645679063,0.0002716713630467846,0.017148385093743845,22626990.0,1100013679.0
2026-03-31,Real Estate,Hedge Fund - Multi-strategy,4799797045.0,0.004726853830451236,0.004747614796416852,-2.07609659656164e-05,5093668706.0,-293871661.0
2026-03-31,Real Estate,Hedge Fund - Quant,4459900827.0,0.0073230726317639015,0.0070218837537488745,0.000301188878015027,3888737671.0,571163156.0
2026-03-31,Real Estate,Hedge Fund - Value,89168.0,0.017431354073402173,0.008467602143754298,0.008963751929647875,44697.0,44471.0
2026-03-31,Real Estate,Market Maker - Quant,1772707315.0,0.001984391446132211,0.0018140694505492658,0.00017032199558294505,1574669887.0,198037428.0
2026-03-31,Real Estate,Pension Fund,1297434032.0,0.007984854652250437,0.00768274784952651,0.00030210680272392716,1343685854.0,-46251822.0
2026-03-31,Unclassified,Asset Manager - Active,753690421880.0,0.3095539730953384,0.287072368698,0.022481604397338373,727112657120.0,26577764760.0
2026-03-31,Unclassified,Asset Manager - Growth,33921219200.0,0.3465130699351076,0.3456462929088095,0.0008667770262981156,41595514184.0,-7674294984.0
2026-03-31,Unclassified,Asset Manager - Index,711701838804.0,0.24572293528118624,0.25618853148904924,-0.010465596207862998,2530780731519.0,-1819078892715.0
2026-03-31,Unclassified,Asset Manager - Value,100047197865.0,0.389276229170699,0.37735096050128847,0.011925268669410516,99762926991.0,284270874.0
2026-03-31,Unclassified,Conglomerate / Long-only Value,5730284622.0,0.02178022880740576,0.02130824247357043,0.00047198633383532806,5841869604.0,-111584982.0
2026-03-31,Unclassified,Family Office - Macro,4548638228.0,0.4986199772744811,0.5586219737332744,-0.06000199645879328,4823937495.0,-275299267.0
2026-03-31,Unclassified,Foundation / Endowment,14659997249.0,0.46296425199910285,0.4049659500709802,0.057998301928122664,14319633873.0,340363376.0
2026-03-31,Unclassified,Hedge Fund - Activist,16444508913.0,0.3502005939503034,0.3703564665191746,-0.02015587256887119,19201370284.0,-2756861371.0
2026-03-31,Unclassified,Hedge Fund - Event Driven,2168064932.0,0.417384319573849,0.4815330351573456,-0.06414871558349655,5073730163.0,-2905665231.0
2026-03-31,Unclassified,Hedge Fund - Global Macro,18471587054.0,0.24215915752876502,0.25413182641370785,-0.011972668884942833,20700542364.0,-2228955310.0
2026-03-31,Unclassified,Hedge Fund - Long/Short,35084987361.0,0.30981779082251243,0.31095815404129523,-0.0011403632187828028,36687940308.0,-1602952947.0
2026-03-31,Unclassified,Hedge Fund - Long/Short Growth,23923090925.0,0.3712154797542218,0.34206408342579336,0.029151396328428447,28489865506.0,-4566774581.0
2026-03-31,Unclassified,Hedge Fund - Multi-strategy,294371355396.0,0.28989775104724347,0.2807652923140576,0.009132458733185855,301230290265.0,-6858934869.0
2026-03-31,Unclassified,Hedge Fund - Opportunistic,1121043758.0,0.18893535303326228,0.24157543660176667,-0.05264008356850439,1672914887.0,-551871129.0
2026-03-31,Unclassified,Hedge Fund - Quant,251908307675.0,0.41362866691581546,0.3982629632459596,0.015365703669855846,220559075378.0,31349232297.0
2026-03-31,Unclassified,Hedge Fund - Value,2171996.0,0.42460110490325254,0.453585900780322,-0.02898479587706948,2394294.0,-222298.0
2026-03-31,Unclassified,Market Maker - Quant,174900317543.0,0.1957856726383152,0.19617479664473159,-0.0003891240064163859,170285952818.0,4614364725.0
2026-03-31,Unclassified,Pension Fund,29751315624.0,0.18309981479726403,0.17692819533180898,0.006171619465455053,30944125448.0,-1192809824.0
2026-03-31,Utilities,Asset Manager - Active,10289700716.0,0.004226161891051453,0.003932472249675005,0.00029368964137644823,9960381626.0,329319090.0
2026-03-31,Utilities,Asset Manager - Growth,23973063.0,0.0002448903621918678,0.0002753375940062624,-3.0447231814394573e-05,33134476.0,-9161413.0
2026-03-31,Utilities,Asset Manager - Index,29690007747.0,0.010250803713496034,0.007556000271450521,0.002694803442045513,74642607080.0,-44952599333.0
2026-03-31,Utilities,Asset Manager - Value,1147809540.0,0.0044660418189849775,0.004081984302861813,0.0003840575161231643,1079182895.0,68626645.0
2026-03-31,Utilities,Family Office - Macro,63422300.0,0.006952328191332108,0.013384250962946037,-0.0064319227716139295,94021699.0,-30599399.0
2026-03-31,Utilities,Hedge Fund - Activist,157990724.0,0.003364554434319364,0.0026807100215186473,0.0006838444128007166,138983143.0,19007581.0
2026-03-31,Utilities,Hedge Fund - Global Macro,242491263.0,0.003179016496227384,0.0020760480607649704,0.0011029684354624137,169106410.0,73384853.0
2026-03-31,Utilities,Hedge Fund - Long/Short,289313788.0,0.0025547838376105353,0.0019238006135339667,0.0006309832240765686,226976785.0,62337003.0
2026-03-31,Utilities,Hedge Fund - Multi-strategy,2534759502.0,0.002496238392784245,0.0029519809047891827,-0.0004557425120049379,3167150959.0,-632391457.0
2026-03-31,Utilities,Hedge Fund - Quant,4048332304.0,0.0066472849172410755,0.005284543138744825,0.0013627417784962507,2926593874.0,1121738430.0
2026-03-31,Utilities,Market Maker - Quant,1409034925.0,0.0015772918793825485,0.0015929498427467111,-1.5657963364162615e-05,1382731046.0,26303879.0
2026-03-31,Utilities,Pension Fund,1090178378.0,0.006709332173087422,0.006302854432538817,0.0004064777405486048,1102347299.0,-12168921.0
2026-06-30,Communication Services,Asset Manager - Active,251858058821.0,0.08729763355625753,0.0993298060159213,-0.012032172459663773,241844492102.0,10013566719.0
2026-06-30,Communication Services,Asset Manager - Growth,9913949556.0,0.08994279689845622,0.11540406713246164,-0.02546127023400542,11297255421.0,-1383305865.0
2026-06-30,Communication Services,Asset Manager - Index,269114571410.0,0.07982658696134429,0.08350136116035893,-0.0036747741990146437,241849920165.0,27264651245.0
2026-06-30,Communication Services,Asset Manager - Value,24280299734.0,0.09113168594981552,0.10043106597414818,-0.009299380024332657,25811611335.0,-1531311601.0
2026-06-30,Communication Services,Conglomerate / Long-only Value,37764088383.0,0.12619428439458946,0.06320333803389444,0.06299094636069502,16628526688.0,21135561695.0
2026-06-30,Communication Services,Family Office - Macro,366394990.0,0.04496284187542146,0.0321977429275839,0.012765098947837561,293722456.0,72672534.0
2026-06-30,Communication Services,Hedge Fund - Activist,73642490.0,0.0020769109074029184,0.035895988595624144,-0.033819077688221226,1685582248.0,-1611939758.0
2026-06-30,Communication Services,Hedge Fund - Event Driven,1185317750.0,0.16337348888711797,0.0332534162685226,0.13012007261859537,172731850.0,1012585900.0
2026-06-30,Communication Services,Hedge Fund - Global Macro,3089233915.0,0.032083068576078975,0.040992407864469754,-0.008909339288390779,3126847806.0,-37613891.0
2026-06-30,Communication Services,Hedge Fund - Long/Short,6925346628.0,0.07858102549694854,0.07896995010270287,-0.0003889246057543344,8942868303.0,-2017521675.0
2026-06-30,Communication Services,Hedge Fund - Long/Short Growth,10257332024.0,0.10382125547775169,0.1709671805708921,-0.06714592509314042,11018030306.0,-760698282.0
2026-06-30,Communication Services,Hedge Fund - Multi-strategy,72904946483.0,0.05424651165092629,0.06694422034731687,-0.01269770869639058,67977280984.0,4927665499.0
2026-06-30,Communication Services,Hedge Fund - Opportunistic,1033881250.0,0.1338291193192153,0.12585823504562,0.007970884273595297,746777067.0,287104183.0
2026-06-30,Communication Services,Hedge Fund - Quant,34112937016.0,0.04477555058572111,0.047418557831250825,-0.0026430072455297174,28878870376.0,5234066640.0
2026-06-30,Communication Services,Hedge Fund - Value,484744.0,0.08950464497466973,0.06623535299430346,0.023269291980366272,338819.0,145925.0
2026-06-30,Communication Services,Market Maker - Quant,70049903805.0,0.05455609596700672,0.06313526106604607,-0.008579165099039353,56400333384.0,13649570421.0
2026-06-30,Communication Services,Pension Fund,13153813008.0,0.07415424361291871,0.08509638320099183,-0.010942139588073121,13827044871.0,-673231863.0
2026-06-30,Consumer Discretionary,Asset Manager - Active,184486050571.0,0.06394552437345116,0.06856679057926808,-0.004621266205816918,166943854094.0,17542196477.0
2026-06-30,Consumer Discretionary,Asset Manager - Growth,19932073540.0,0.18083070042335742,0.21754421564506382,-0.036713515221706405,21296065473.0,-1363991933.0
2026-06-30,Consumer Discretionary,Asset Manager - Index,237943442251.0,0.07058039549925779,0.07419284525297638,-0.0036124497537185912,214889116200.0,23054326051.0
2026-06-30,Consumer Discretionary,Asset Manager - Value,17912447239.0,0.06723111058185705,0.06452977118839881,0.0027013393934582353,16584682810.0,1327764429.0
2026-06-30,Consumer Discretionary,Conglomerate / Long-only Value,1213507906.0,0.004055116073549487,0.003409590026852448,0.000645526046697039,897048487.0,316459419.0
2026-06-30,Consumer Discretionary,Family Office - Macro,705300931.0,0.08655231403448105,0.08444424817709863,0.0021080658573824212,770338841.0,-65037910.0
2026-06-30,Consumer Discretionary,Foundation / Endowment,603845361.0,0.017541002490088775,0.008800954008418623,0.008740048481670152,278686661.0,325158700.0
2026-06-30,Consumer Discretionary,Hedge Fund - Activist,348235727.0,0.009821158678280501,0.09260054762266044,-0.08277938894437994,4348280834.0,-4000045107.0
2026-06-30,Consumer Discretionary,Hedge Fund - Event Driven,417095000.0,0.057488606196416506,0.07778436155298339,-0.020295755356566886,404043800.0,13051200.0
2026-06-30,Consumer Discretionary,Hedge Fund - Global Macro,3700416896.0,0.03843047574286692,0.05219557739565818,-0.01376510165279126,3981411075.0,-280994179.0
2026-06-30,Consumer Discretionary,Hedge Fund - Long/Short,5726426610.0,0.0649770328646739,0.07994227121635472,-0.014965238351680815,9052977777.0,-3326551167.0
2026-06-30,Consumer Discretionary,Hedge Fund - Long/Short Growth,8799493169.0,0.08906550224131457,0.0925891367396152,-0.0035236344983006346,5966934187.0,2832558982.0
2026-06-30,Consumer Discretionary,Hedge Fund - Multi-strategy,82452953695.0,0.061350914156587014,0.07736970190312806,-0.016018787746541044,78563645056.0,3889308639.0
2026-06-30,Consumer Discretionary,Hedge Fund - Opportunistic,1383660000.0,0.17910567508330907,0.24690344406040576,-0.06779776897709669,1464996150.0,-81336150.0
2026-06-30,Consumer Discretionary,Hedge Fund - Quant,45250141556.0,0.05939388922453134,0.06706051198085454,-0.0076666227563231965,40841221695.0,4408919861.0
2026-06-30,Consumer Discretionary,Hedge Fund - Value,1545102.0,0.28529245531590314,0.25699596119936347,0.028296494116539672,1314632.0,230470.0
2026-06-30,Consumer Discretionary,Market Maker - Quant,79938564092.0,0.06225755835736896,0.07778760958774499,-0.015530051230376027,69489648729.0,10448915363.0
2026-06-30,Consumer Discretionary,Pension Fund,10735303095.0,0.06051996333542149,0.06774561040282169,-0.007225647067400198,11007772124.0,-272469029.0
2026-06-30,Consumer Staples,Asset Manager - Active,56718115829.0,0.01965931650080901,0.023222761736744334,-0.0035634452359353253,56541910658.0,176205171.0
2026-06-30,Consumer Staples,Asset Manager - Growth,962391031.0,0.008731146002830124,0.00963749504048712,-0.0009063490376569963,943443726.0,18947305.0
2026-06-30,Consumer Staples,Asset Manager - Index,115589150501.0,0.03428683673987458,0.040236953725969735,-0.005950116986095155,116540663662.0,-951513161.0
2026-06-30,Consumer Staples,Asset Manager - Value,6723454715.0,0.025235263579847306,0.024887165725528397,0.00034809785431890936,6396206619.0,327248096.0
2026-06-30,Consumer Staples,Conglomerate / Long-only Value,42365164401.0,0.14156946013424787,0.15757178849547412,-0.016002328361226253,41456460557.0,908703844.0
2026-06-30,Consumer Staples,Family Office - Macro,39825373.0,0.00488724463407286,0.004191315676039247,0.0006959289580336127,38235088.0,1590285.0
2026-06-30,Consumer Staples,Foundation / Endowment,1861106229.0,0.05406296231728231,0.05905454438141444,-0.0049915820641321315,1869992023.0,-8885794.0
2026-06-30,Consumer Staples,Hedge Fund - Activist,172635000.0,0.004868758708450826,0.004216476114663883,0.0006522825937869429,197994750.0,-25359750.0
2026-06-30,Consumer Staples,Hedge Fund - Event Driven,75458250.0,0.010400483387527411,,,,
2026-06-30,Consumer Staples,Hedge Fund - Global Macro,803610828.0,0.008345855967078365,0.011890795804822931,-0.003544939837744567,907014511.0,-103403683.0
2026-06-30,Consumer Staples,Hedge Fund - Long/Short,2976984338.0,0.033779461842757375,0.034630451570654135,-0.0008509897278967601,3921688785.0,-944704447.0
2026-06-30,Consumer Staples,Hedge Fund - Long/Short Growth,1156784612.0,0.011708583718863526,0.01071913776004269,0.0009894459588208355,690797990.0,465986622.0
2026-06-30,Consumer Staples,Hedge Fund - Multi-strategy,23204636950.0,0.017265914994632228,0.019989848737303216,-0.0027239337426709885,20298325343.0,2906311607.0
2026-06-30,Consumer Staples,Hedge Fund - Quant,16890867027.0,0.02217041208294087,0.025105452254298104,-0.002935040171357234,15289733272.0,1601133755.0
2026-06-30,Consumer Staples,Market Maker - Quant,15698905035.0,0.012226583094968534,0.01643642332990009,-0.0042098402349315545,14683074716.0,1015830319.0
2026-06-30,Consumer Staples,Pension Fund,4804500927.0,0.027085236194445663,0.030790190538267845,-0.0037049543438221824,5003001657.0,-198500730.0
2026-06-30,ETF - Broad Equity,Asset Manager - Active,67442645896.0,0.023376593209105345,0.024261945957685088,-0.0008853527485797423,59072077485.0,8370568411.0
2026-06-30,ETF - Broad Equity,Asset Manager - Index,10071660549.0,0.0029875241702724607,0.0033031244998695617,-0.000315600329597101,9567034423.0,504626126.0
2026-06-30,ETF - Broad Equity,Asset Manager - Value,3916417.0,1.4699558407540318e-05,2.4156591405212187e-05,-9.457032997671869e-06,6208443.0,-2292026.0
2026-06-30,ETF - Broad Equity,Family Office - Macro,116923561.0,0.014348492005183245,0.09027520584123262,-0.07592671383604938,823531489.0,-706607928.0
2026-06-30,ETF - Broad Equity,Hedge Fund - Activist,4749300193.0,0.13394269223341695,0.020550283615333693,0.11339240861808327,964987861.0,3784312332.0
2026-06-30,ETF - Broad Equity,Hedge Fund - Event Driven,28800000.0,0.003969531781624799,0.0029524050827572485,0.0010171266988675503,15336000.0,13464000.0
2026-06-30,ETF - Broad Equity,Hedge Fund - Global Macro,29341067276.0,0.304720037204193,0.2631932435441736,0.04152679366001938,20076039906.0,9265027370.0
2026-06-30,ETF - Broad Equity,Hedge Fund - Long/Short,470033390.0,0.005333408966804882,0.002499480525205829,0.002833928441599053,283051023.0,186982367.0
2026-06-30,ETF - Broad Equity,Hedge Fund - Multi-strategy,208879669108.0,0.15542146247306984,0.14019567516885048,0.015225787304219363,142359127558.0,66520541550.0
2026-06-30,ETF - Broad Equity,Hedge Fund - Opportunistic,489607500.0,0.06337646662717086,0.049755640906830524,0.013620825720340339,295224000.0,194383500.0
2026-06-30,ETF - Broad Equity,Hedge Fund - Quant,62167352264.0,0.08159887918098327,0.059456816190656285,0.022142062990326984,36210415632.0,25956936632.0
2026-06-30,ETF - Broad Equity,Market Maker - Quant,257137849984.0,0.2002634758718336,0.22566773249318908,-0.02540425662135548,201594721107.0,55543128877.0
2026-06-30,ETF - Broad Equity,Pension Fund,32462320039.0,0.1830053982786965,0.12879266360170016,0.05421273467699633,20927116661.0,11535203378.0
2026-06-30,ETF - Commodity,Asset Manager - Active,1100535955.0,0.00038146162550771327,0.0005764598109035358,-0.00019499818539582255,1403542761.0,-303006806.0
2026-06-30,ETF - Commodity,Asset Manager - Index,306858280.0,9.102238145220817e-05,0.0001404468813733168,-4.9424499921108626e-05,406784591.0,-99926311.0
2026-06-30,ETF - Commodity,Hedge Fund - Global Macro,2030243382.0,0.02108498075673771,0.020799193735976232,0.0002857870207614785,1586535573.0,443707809.0
2026-06-30,ETF - Commodity,Hedge Fund - Multi-strategy,13130709382.0,0.009770190005443368,0.024004374836131884,-0.014234184830688517,24374802255.0,-11244092873.0
2026-06-30,ETF - Commodity,Hedge Fund - Quant,1446727083.0,0.0018989277193639585,0.002532030138254965,-0.0006331024188910065,1542058078.0,-95330995.0
2026-06-30,ETF - Commodity,Market Maker - Quant,22276877018.0,0.017349623260331536,0.03359508103948424,-0.016245457779152706,30011339760.0,-7734462742.0
2026-06-30,ETF - Fixed Income,Asset Manager - Active,6896556575.0,0.0023904459182393614,0.0023470259658549255,4.341995238443591e-05,5714450933.0,1182105642.0
2026-06-30,ETF - Fixed Income,Asset Manager - Index,504489984.0,0.0001496452361085593,0.0003931897468808366,-0.00024354451077227728,1138818668.0,-634328684.0
2026-06-30,ETF - Fixed Income,Asset Manager - Value,171411.0,6.43359991082383e-07,6.082334210129938e-07,3.512657006938928e-08,156321.0,15090.0
2026-06-30,ETF - Fixed Income,Family Office - Macro,27389308.0,0.0033611298142510516,0.00522824292420729,-0.0018671131099562382,47694410.0,-20305102.0
2026-06-30,ETF - Fixed Income,Hedge Fund - Activist,686799000.0,0.01936952884528235,0.00853539614942964,0.010834132695852712,400800000.0,285999000.0
2026-06-30,ETF - Fixed Income,Hedge Fund - Global Macro,1687376975.0,0.01752416058225934,0.007857377577490762,0.009666783004768576,599350590.0,1088026385.0
2026-06-30,ETF - Fixed Income,Hedge Fund - Multi-strategy,16488234171.0,0.01226842937562427,0.013291766060761672,-0.0010233366851374014,13496880113.0,2991354058.0
2026-06-30,ETF - Fixed Income,Hedge Fund - Quant,658364837.0,0.0008641486380702768,0.0008137558928705836,5.03927451996932e-05,495593962.0,162770875.0
2026-06-30,ETF - Fixed Income,Market Maker - Quant,13166211249.0,0.010254076671138227,0.014832010314642444,-0.004577933643504216,13249811791.0,-83600542.0
2026-06-30,ETF - International Equity,Asset Manager - Active,6694743323.0,0.0023204945360903633,0.0024475823546824243,-0.000127087818592061,5959281863.0,735461460.0
2026-06-30,ETF - International Equity,Asset Manager - Growth,43264.0,3.925060484758845e-07,3.479613934749011e-07,4.4544655000983404e-08,34063.0,9201.0
2026-06-30,ETF - International Equity,Asset Manager - Index,256466396.0,7.607479950153235e-05,0.0001180183855747459,-4.194358607321355e-05,341823615.0,-85357219.0
2026-06-30,ETF - International Equity,Hedge Fund - Global Macro,806850667.0,0.008379503136464841,0.01283814575727356,-0.004458642620808719,979277139.0,-172426472.0
2026-06-30,ETF - International Equity,Hedge Fund - Multi-strategy,4445703175.0,0.0033079221741892668,0.0050362370253036245,-0.0017283148511143577,5113954537.0,-668251362.0
2026-06-30,ETF - International Equity,Hedge Fund - Quant,896684995.0,0.0011769600587087595,0.0012871499053537776,-0.0001101898466450181,783900586.0,112784409.0
2026-06-30,ETF - International Equity,Market Maker - Quant,8132976683.0,0.006334105149527778,0.009500860189116818,-0.0031667550395890398,8487359885.0,-354383202.0
2026-06-30,ETF - Sector,Asset Manager - Active,484957095.0,0.00016809311946577749,0.0001800897391113868,-1.1996619645609303e-05,438475753.0,46481342.0
2026-06-30,ETF - Sector,Asset Manager - Index,777261628.0,0.00023055660871194457,0.0002487740073858904,-1.821739867394583e-05,720538839.0,56722789.0
2026-06-30,ETF - Sector,Family Office - Macro,106877795.0,0.013115707167771891,0.03329638338886221,-0.02018067622109032,303744754.0,-196866959.0
2026-06-30,ETF - Sector,Hedge Fund - Activist,2590802000.0,0.07306739536809927,0.05176790596602208,0.02129948940207719,2430886200.0,159915800.0
2026-06-30,ETF - Sector,Hedge Fund - Global Macro,2543084574.0,0.026411064693497188,0.036077491549490505,-0.009666426855993317,2751944352.0,-208859778.0
2026-06-30,ETF - Sector,Hedge Fund - Multi-strategy,17869112170.0,0.013295901695060487,0.017339202516065664,-0.004043300821005177,17606775243.0,262336927.0
2026-06-30,ETF - Sector,Hedge Fund - Quant,2405058472.0,0.003156802864090661,0.0034195278301688186,-0.0002627249660781578,2082562302.0,322496170.0
2026-06-30,ETF - Sector,Market Maker - Quant,10663784334.0,0.008305142618277816,0.013963394250755516,-0.0056582516324777,12473854984.0,-1810070650.0
2026-06-30,ETF - Thematic,Asset Manager - Active,3660914.0,1.2689255620766563e-06,1.8161101558870298e-06,-5.471845938103735e-07,4421797.0,-760883.0
2026-06-30,ETF - Thematic,Hedge Fund - Global Macro,1415481.0,1.4700399918125606e-05,8.860926464802523e-05,-7.390886472989962e-05,6759000.0,-5343519.0
2026-06-30,ETF - Thematic,Hedge Fund - Multi-strategy,582825421.0,0.0004336639352462155,0.00047658775151073173,-4.292381626451621e-05,483942293.0,98883128.0
2026-06-30,ETF - Thematic,Hedge Fund - Quant,136145235.0,0.00017869988309385937,0.00024791080579292176,-6.921092269906239e-05,150982745.0,-14837510.0
2026-06-30,ETF - Thematic,Market Maker - Quant,1031962926.0,0.0008037108599316949,0.0008873589001387904,-8.364804020709554e-05,792700259.0,239262667.0
2026-06-30,Energy,Asset Manager - Active,135129338762.0,0.04683777661578986,0.04058531889814876,0.006252457717641102,98815614662.0,36313724100.0
2026-06-30,Energy,Asset Manager - Growth,10252391758.0,0.09301326221244699,0.016581510920049718,0.07643175129239727,1623214578.0,8629177180.0
2026-06-30,Energy,Asset Manager - Index,133709949636.0,0.039661950916636615,0.052706555170902745,-0.01304460425426613,152657106221.0,-18947156585.0
2026-06-30,Energy,Asset Manager - Value,9509715047.0,0.03569298462662212,0.05811035348795574,-0.022417368861333622,14934839576.0,-5425124529.0
2026-06-30,Energy,Conglomerate / Long-only Value,26854347194.0,0.08973777130963988,0.13180966906885777,-0.042071897759217894,34678557621.0,-7824210427.0
2026-06-30,Energy,Family Office - Macro,323354653.0,0.03968106696142536,0.020568904551199352,0.019112162410226004,187638903.0,135715750.0
2026-06-30,Energy,Hedge Fund - Activist,6865624127.0,0.19362856464379383,0.20158386382696925,-0.007955299183175418,9465853864.0,-2600229737.0
2026-06-30,Energy,Hedge Fund - Event Driven,864966858.0,0.11921921641955362,0.2222011784001248,-0.10298196198057118,1154203836.0,-289236978.0
2026-06-30,Energy,Hedge Fund - Global Macro,3035728405.0,0.03152739005067082,0.03261938446213644,-0.0010919944114656244,2488164420.0,547563985.0
2026-06-30,Energy,Hedge Fund - Long/Short,3989462408.0,0.04526792145459751,0.037289365333313944,0.007978556121283564,4222794656.0,-233332248.0
2026-06-30,Energy,Hedge Fund - Long/Short Growth,4829790158.0,0.04888550714010198,0.030045152454829284,0.018840354685272696,1936268699.0,2893521459.0
2026-06-30,Energy,Hedge Fund - Multi-strategy,39701829360.0,0.02954100994289221,0.030949936198043676,-0.0014089262551514672,31427545178.0,8274284182.0
2026-06-30,Energy,Hedge Fund - Opportunistic,325644610.0,0.04215255027339874,0.04784555831669685,-0.0056930080432981145,283890567.0,41754043.0
2026-06-30,Energy,Hedge Fund - Quant,29027338935.0,0.0381003571238489,0.03749326527112182,0.0006070918527270805,22834164455.0,6193174480.0
2026-06-30,Energy,Market Maker - Quant,24808056172.0,0.019320950062145847,0.023247047939946672,-0.003926097877800825,20767178782.0,4040877390.0
2026-06-30,Energy,Pension Fund,4671256924.0,0.026334076948650306,0.03022175363897393,-0.0038876766903236243,4910638125.0,-239381201.0
2026-06-30,Financials,Asset Manager - Active,212654664349.0,0.07370917194101732,0.08324381491716766,-0.009534642976150337,202678923344.0,9975741005.0
2026-06-30,Financials,Asset Manager - Growth,6732633681.0,0.06108079331464864,0.06270171460102424,-0.0016209212863755942,6138061706.0,594571975.0
2026-06-30,Financials,Asset Manager - Index,347778192361.0,0.10316032301895968,0.10836191183486871,-0.005201588815909028,313855000230.0,33923192131.0
2026-06-30,Financials,Asset Manager - Value,44857025275.0,0.16836268023000994,0.15520691446443532,0.013155765765574617,39889455656.0,4967569619.0
2026-06-30,Financials,Conglomerate / Long-only Value,103533791946.0,0.3459734722781056,0.36216230669707095,-0.016188834418965348,95283346887.0,8250445059.0
2026-06-30,Financials,Family Office - Macro,791875614.0,0.09717648709466327,0.08061082388612133,0.016565663208541942,735368601.0,56507013.0
2026-06-30,Financials,Foundation / Endowment,7350651039.0,0.2135278276632693,0.2579951605738267,-0.044467332910557406,8169547277.0,-818896238.0
2026-06-30,Financials,Hedge Fund - Activist,104632856.0,0.0029509203165063937,0.0019186128811584206,0.001032307435347973,90093070.0,14539786.0
2026-06-30,Financials,Hedge Fund - Event Driven,169838800.0,0.023409045637257566,0.006659429195469626,0.01674961644178794,34591800.0,135247000.0
2026-06-30,Financials,Hedge Fund - Global Macro,4442192976.0,0.046134150342313704,0.052239774868324075,-0.006105624526010371,3984782401.0,457410575.0
2026-06-30,Financials,Hedge Fund - Long/Short,9007829424.0,0.10221069235402715,0.13357259366900942,-0.031361901314982274,15126286803.0,-6118457379.0
2026-06-30,Financials,Hedge Fund - Long/Short Growth,2709833525.0,0.02742802105293354,0.05478856366511423,-0.027360542612180693,3530865122.0,-821031597.0
2026-06-30,Financials,Hedge Fund - Multi-strategy,72067778322.0,0.053623598466152736,0.06425647906554605,-0.01063288059939331,65248063385.0,6819714937.0
2026-06-30,Financials,Hedge Fund - Opportunistic,12509750.0,0.0016193047561347625,0.017539875494811702,-0.01592057073867694,121464000.0,-108954250.0
2026-06-30,Financials,Hedge Fund - Quant,68354316850.0,0.08971969110821706,0.08773700703457378,0.0019826840736432844,53433629558.0,14920687292.0
2026-06-30,Financials,Hedge Fund - Value,471297.0,0.08702174892856213,0.07216042600940692,0.014861322919155207,369128.0,102169.0
2026-06-30,Financials,Market Maker - Quant,53990742407.0,0.042048938886279905,0.0539634261689339,-0.011914487282653999,48206900155.0,5783842252.0
2026-06-30,Financials,Pension Fund,16313853000.0,0.09196887844548146,0.09722273299110228,-0.005253854545620815,15797417481.0,516435519.0
2026-06-30,Health Care,Asset Manager - Active,220132403003.0,0.07630106394519695,0.07188512716837585,0.004415936776821103,175023215760.0,45109187243.0
2026-06-30,Health Care,Asset Manager - Growth,6314841471.0,0.057290437142516915,0.06198475871595048,-0.004694321573433566,6067876712.0,246964759.0
2026-06-30,Health Care,Asset Manager - Index,267415843974.0,0.07932269892331278,0.08057946692485436,-0.0012567680015415778,233387065455.0,34028778519.0
2026-06-30,Health Care,Asset Manager - Value,36222983283.0,0.13595637503968935,0.11445397157851053,0.02150240346117882,29415613600.0,6807369683.0
2026-06-30,Health Care,Conglomerate / Long-only Value,6425268898.0,0.021470985937818356,0.01758355931406972,0.0038874266237486355,4626158909.0,1799109989.0
2026-06-30,Health Care,Family Office - Macro,170907099.0,0.0209731821598434,0.006980534962902243,0.013992647196941155,63679615.0,107227484.0
2026-06-30,Health Care,Foundation / Endowment,230624540.0,0.006699373534502616,0.005751693360811432,0.0009476801736911841,182130280.0,48494260.0
2026-06-30,Health Care,Hedge Fund - Activist,39054505.0,0.001101439229142331,0.0024680525161801248,-0.0013666132870377937,115893326.0,-76838821.0
2026-06-30,Health Care,Hedge Fund - Event Driven,490360634.0,0.06758687920557938,0.09934174942789518,-0.03175487022231581,516021693.0,-25661059.0
2026-06-30,Health Care,Hedge Fund - Global Macro,3526617392.0,0.036625490572192165,0.03782680829756352,-0.0012013177253713536,2885379969.0,641237423.0
2026-06-30,Health Care,Hedge Fund - Long/Short,9993157472.0,0.11339108412672132,0.10411107341803412,0.009280010708687197,11789948167.0,-1796790695.0
2026-06-30,Health Care,Hedge Fund - Long/Short Growth,526129060.0,0.0053253009091177046,0.01420304735584572,-0.008877746446728016,915319570.0,-389190510.0
2026-06-30,Health Care,Hedge Fund - Multi-strategy,64031439338.0,0.04764398559546772,0.046337492842164846,0.0013064927533028708,47052557408.0,16978881930.0
2026-06-30,Health Care,Hedge Fund - Quant,42173712533.0,0.05535586683794796,0.05963367222714304,-0.0042778053891950815,36318124571.0,5855587962.0
2026-06-30,Health Care,Hedge Fund - Value,638046.0,0.1178108046876457,0.08948719352227986,0.02832361116536583,457761.0,180285.0
2026-06-30,Health Care,Market Maker - Quant,47662982423.0,0.037120768222344634,0.04161213986170459,-0.004491371639359955,37173182171.0,10489800252.0
2026-06-30,Health Care,Pension Fund,10570633931.0,0.05959164564568657,0.06837265456716791,-0.008781008921481342,11109658567.0,-539024636.0
2026-06-30,Industrials,Asset Manager - Active,81205040405.0,0.028146837521824387,0.02755987833327513,0.0005869591885492575,67101759736.0,14103280669.0
2026-06-30,Industrials,Asset Manager - Growth,558219478.0,0.005064361166143929,0.006041108059018019,-0.0009767468928740895,591382457.0,-33162979.0
2026-06-30,Industrials,Asset Manager - Index,140177436433.0,0.04158038065649455,0.044118875488642115,-0.0025384948321475614,127784102755.0,12393333678.0
2026-06-30,Industrials,Asset Manager - Value,12701829375.0,0.047674004780498054,0.048745396901076404,-0.0010713921205783503,12527968582.0,173860793.0
2026-06-30,Industrials,Conglomerate / Long-only Value,5368591200.0,0.017939941190161745,0.010059201268164593,0.007880739921997152,2646532635.0,2722058565.0
2026-06-30,Industrials,Family Office - Macro,83840168.0,0.010288601971857667,0.012212260940798084,-0.0019236589689404174,111405799.0,-27565631.0
2026-06-30,Industrials,Foundation / Endowment,9022515136.0,0.26209352706684064,0.20543339567642596,0.056660131390414675,6505152401.0,2517362735.0
2026-06-30,Industrials,Hedge Fund - Event Driven,95200000.0,0.013121507833704195,0.004670791087497155,0.008450716746207041,24262000.0,70938000.0
2026-06-30,Industrials,Hedge Fund - Global Macro,1399153648.0,0.014530833103732472,0.018637168961383527,-0.004106335857651055,1421619122.0,-22465474.0
2026-06-30,Industrials,Hedge Fund - Long/Short,2417134665.0,0.02742691896055707,0.02652655468405235,0.0009003642765047191,3003971571.0,-586836906.0
2026-06-30,Industrials,Hedge Fund - Long/Short Growth,542904275.0,0.005495093977932693,0.00016873588801400547,0.005326358089918687,10874234.0,532030041.0
2026-06-30,Industrials,Hedge Fund - Multi-strategy,24554292839.0,0.018270155823811793,0.021171281365333455,-0.0029011255415216618,21497989441.0,3056303398.0
2026-06-30,Industrials,Hedge Fund - Opportunistic,863905163.0,0.11182683421293609,0.08788847809504623,0.02393835611788986,521484350.0,342420813.0
2026-06-30,Industrials,Hedge Fund - Quant,16938430450.0,0.022232842311436518,0.02411968336281826,-0.0018868410513817428,14689379880.0,2249050570.0
2026-06-30,Industrials,Hedge Fund - Value,322427.0,0.05953392752720578,0.07308860729799155,-0.013554679770785769,373876.0,-51449.0
2026-06-30,Industrials,Market Maker - Quant,22036177027.0,0.0171621618778747,0.02058417119400731,-0.00342200931613261,18388363304.0,3647813723.0
2026-06-30,Industrials,Pension Fund,5038857136.0,0.028406412601911443,0.028699164026061173,-0.00029275142414973004,4663237306.0,375619830.0
2026-06-30,Information Technology,Asset Manager - Active,729696710464.0,0.25292339794680185,0.22875009100991478,0.024173306936887073,556952155627.0,172744554837.0
2026-06-30,Information Technology,Asset Manager - Growth,16889345736.0,0.153226015998992,0.15266729882016272,0.0005587171788292711,14945066600.0,1944279136.0
2026-06-30,Information Technology,Asset Manager - Index,881704896783.0,0.2615372785223917,0.23468843474964646,0.026848843772745268,679741963713.0,201962933070.0
2026-06-30,Information Technology,Asset Manager - Value,10570634704.0,0.03967495346798379,0.037512733207977496,0.0021622202600062937,9641081475.0,929553229.0
2026-06-30,Information Technology,Conglomerate / Long-only Value,68211791135.0,0.2279397845448721,0.2283427143614149,-0.0004029298165428019,60075987090.0,8135804045.0
2026-06-30,Information Technology,Family Office - Macro,1533137435.0,0.1881418085525521,0.12248682409098986,0.06565498446156225,1117380522.0,415756913.0
2026-06-30,Information Technology,Hedge Fund - Event Driven,512346710.0,0.07061724126930223,0.08379349734697969,-0.013176256077677459,435257710.0,77089000.0
2026-06-30,Information Technology,Hedge Fund - Global Macro,15063901302.0,0.15644531679801638,0.1364774419656915,0.019967874832324872,10410322599.0,4653578703.0
2026-06-30,Information Technology,Hedge Fund - Long/Short,21171275478.0,0.24022776440001747,0.17578608802208642,0.06444167637793105,19906709231.0,1264566247.0
2026-06-30,Information Technology,Hedge Fund - Long/Short Growth,31886456824.0,0.32274396231485414,0.2378434315953652,0.08490053071948894,15327890000.0,16558566824.0
2026-06-30,Information Technology,Hedge Fund - Multi-strategy,274429580144.0,0.20419529997339242,0.16629388266534934,0.037901417308043084,168860073793.0,105569506351.0
2026-06-30,Information Technology,Hedge Fund - Opportunistic,2777237825.0,0.35949514730029486,0.24870893554874984,0.11078621175154502,1475708994.0,1301528831.0
2026-06-30,Information Technology,Hedge Fund - Quant,106304863015.0,0.13953236478007647,0.1391632493614349,0.00036911541864156905,84753261660.0,21551601355.0
2026-06-30,Information Technology,Market Maker - Quant,330224439821.0,0.25718459627976803,0.19728036106363517,0.05990423521613286,176235560703.0,153988879118.0
2026-06-30,Information Technology,Pension Fund,41275095327.0,0.23268716623562335,0.26025623948465426,-0.027569073249030907,42288221496.0,-1013126169.0
2026-06-30,Materials,Asset Manager - Active,13687183880.0,0.004744175224595701,0.0054130415944656915,-0.0006688663698699903,13179470973.0,507712907.0
2026-06-30,Materials,Asset Manager - Growth,1110504300.0,0.010074881069907502,0.010295589552322819,-0.00022070848241531604,1007866601.0,102637699.0
2026-06-30,Materials,Asset Manager - Index,21970466051.0,0.0065170284522774215,0.007482173849464318,-0.0009651453971868968,21671061681.0,299404370.0
2026-06-30,Materials,Asset Manager - Value,8995439.0,3.376274308429518e-05,3.217031506540125e-05,1.592428018893929e-06,8268036.0,727403.0
2026-06-30,Materials,Conglomerate / Long-only Value,859406875.0,0.0028718351279793265,0.004077603926795284,-0.0012057687988159572,1072800074.0,-213393199.0
2026-06-30,Materials,Family Office - Macro,3939114.0,0.00048339569247728777,5.224854581867228e-05,0.0004311471466586155,476635.0,3462479.0
2026-06-30,Materials,Hedge Fund - Activist,3993248804.0,0.11262006481585915,0.09877349836230688,0.01384656645355227,4638146543.0,-644897739.0
2026-06-30,Materials,Hedge Fund - Event Driven,611750.0,8.431809261836704e-05,0.0025159496772149733,-0.0024316315845966064,30086692.0,-29474942.0
2026-06-30,Materials,Hedge Fund - Global Macro,1610643569.0,0.01672725002303608,0.020990057121901495,-0.004262807098865416,1601094385.0,9549184.0
2026-06-30,Materials,Hedge Fund - Long/Short,477435158.0,0.0054173958848861906,0.004029291893231863,0.0013881039916543271,456292890.0,21142268.0
2026-06-30,Materials,Hedge Fund - Multi-strategy,9084227821.0,0.00675931735916511,0.009222470246711486,-0.0024631528875463764,9364788298.0,-280560477.0
2026-06-30,Materials,Hedge Fund - Quant,11312542973.0,0.014848482260648787,0.01691238544858694,-0.0020639031879381535,10299988221.0,1012554752.0
2026-06-30,Materials,Market Maker - Quant,6438571945.0,0.005014472966297275,0.00815976663692437,-0.003145293670627095,7289326929.0,-850754984.0
2026-06-30,Materials,Pension Fund,816426153.0,0.004602579024401473,0.005008605925657006,-0.0004060269012555332,813832695.0,2593458.0
2026-06-30,Real Estate,Asset Manager - Active,20597013805.0,0.007139221877271706,0.007848314821935327,-0.0007090929446636213,19108783034.0,1488230771.0
2026-06-30,Real Estate,Asset Manager - Growth,32523828.0,0.00029506747433407293,0.0003839332547664946,-8.886578043242169e-05,37584395.0,-5060567.0
2026-06-30,Real Estate,Asset Manager - Index,43411211640.0,0.012876927633168705,0.013954129326549623,-0.0010772016933809185,40416168272.0,2995043368.0
2026-06-30,Real Estate,Asset Manager - Value,613317702.0,0.0023019763684325257,0.0023234213423935007,-2.1444973960975042e-05,597138426.0,16179276.0
2026-06-30,Real Estate,Family Office - Macro,53325567.0,0.0065439460210364574,0.001880685439349995,0.004663260581686463,17156468.0,36169099.0
2026-06-30,Real Estate,Hedge Fund - Activist,156358500.0,0.004409718820142546,0.028528359880616007,-0.024118641060473463,1339617569.0,-1183259069.0
2026-06-30,Real Estate,Hedge Fund - Event Driven,207928539.0,0.02865899110650387,0.04408932373902148,-0.015430332632517613,229017987.0,-21089448.0
2026-06-30,Real Estate,Hedge Fund - Global Macro,913560144.0,0.009487728529072743,0.009938347804003444,-0.0004506192749307008,758084305.0,155475839.0
2026-06-30,Real Estate,Hedge Fund - Long/Short,771988064.0,0.008759650166138073,0.01027030490523135,-0.0015106547390932763,1163049794.0,-391061730.0
2026-06-30,Real Estate,Hedge Fund - Long/Short Growth,1371155843.0,0.01387837702268328,0.01742005645679063,-0.0035416794341073497,1122640669.0,248515174.0
2026-06-30,Real Estate,Hedge Fund - Multi-strategy,5548867932.0,0.0041287559136042725,0.004726853830451236,-0.0005980979168469635,4799797045.0,749070887.0
2026-06-30,Real Estate,Hedge Fund - Quant,7049513072.0,0.009252965495524198,0.0073230726317639015,0.0019298928637602967,4459900827.0,2589612245.0
2026-06-30,Real Estate,Hedge Fund - Value,107371.0,0.019825316529086,0.017431354073402173,0.002393962455683827,89168.0,18203.0
2026-06-30,Real Estate,Market Maker - Quant,2076055491.0,0.001616868495852851,0.001984391446132211,-0.0003675229502793599,1772707315.0,303348176.0
2026-06-30,Real Estate,Pension Fund,1429240492.0,0.008057302286474452,0.007984854652250437,7.244763422401511e-05,1297434032.0,131806460.0
2026-06-30,Unclassified,Asset Manager - Active,886204452995.0,0.3071712374646102,0.3095539730953384,-0.002382735630728161,753690421880.0,132514031115.0
2026-06-30,Unclassified,Asset Manager - Growth,37509814308.0,0.34030207546914926,0.3465130699351076,-0.006210994465958353,33921219200.0,3588595108.0
2026-06-30,Unclassified,Asset Manager - Index,871010933589.0,0.25836516272652615,0.24572293528118624,0.01264222744533991,711701838804.0,159309094785.0
2026-06-30,Unclassified,Asset Manager - Value,101837381277.0,0.38222807585408153,0.389276229170699,-0.007048153316617456,100047197865.0,1790183412.0
2026-06-30,Unclassified,Conglomerate / Long-only Value,6657598308.0,0.022247349009036178,0.02178022880740576,0.00046712020163041865,5730284622.0,927313686.0
2026-06-30,Unclassified,Family Office - Macro,3646887284.0,0.44753454813336074,0.4986199772744811,-0.05108542914112035,4548638228.0,-901750944.0
2026-06-30,Unclassified,Foundation / Endowment,15356049627.0,0.44607530692801634,0.46296425199910285,-0.016888945071086514,14659997249.0,696052378.0
2026-06-30,Unclassified,Hedge Fund - Activist,15282767068.0,0.4310140194720103,0.3502005939503034,0.0808134255217069,16444508913.0,-1161741845.0
2026-06-30,Unclassified,Hedge Fund - Event Driven,3207339449.0,0.4420706901827941,0.417384319573849,0.024686370608945074,2168064932.0,1039274517.0
2026-06-30,Unclassified,Hedge Fund - Global Macro,21940042686.0,0.22785710419634506,0.24215915752876502,-0.014302053332419962,18471587054.0,3468455632.0
2026-06-30,Unclassified,Hedge Fund - Long/Short,24102390954.0,0.27348675811201517,0.30981779082251243,-0.03633103271049726,35084987361.0,-10982596407.0
2026-06-30,Unclassified,Hedge Fund - Long/Short Growth,35572909424.0,0.3600569922816827,0.3712154797542218,-0.011158487472539114,23923090925.0,11649818499.0
2026-06-30,Unclassified,Hedge Fund - Multi-strategy,411913793682.0,0.3064934203519133,0.28989775104724347,0.016595669304669824,294371355396.0,117542438286.0
2026-06-30,Unclassified,Hedge Fund - Opportunistic,838937251.0,0.10859490242754036,0.18893535303326228,-0.08034045060572192,1121043758.0,-282106507.0
2026-06-30,Unclassified,Hedge Fund - Quant,312785721198.0,0.41055253833533795,0.41362866691581546,-0.0030761285804775107,251908307675.0,60877413523.0
2026-06-30,Unclassified,Hedge Fund - Value,1846866.0,0.3410111020369275,0.42460110490325254,-0.08359000286632501,2171996.0,-325130.0
2026-06-30,Unclassified,Market Maker - Quant,317228615557.0,0.24706321998650707,0.1957856726383152,0.05127754734819187,174900317543.0,142328298014.0
2026-06-30,Unclassified,Pension Fund,35148838779.0,0.19815057063255848,0.18309981479726403,0.015050755835294444,29751315624.0,5397523155.0
2026-06-30,Utilities,Asset Manager - Active,10058109398.0,0.0034862856984036357,0.004226161891051453,-0.0007398761926478174,10289700716.0,-231591318.0
2026-06-30,Utilities,Asset Manager - Growth,16321059.0,0.00014807032116844886,0.0002448903621918678,-9.682004102341894e-05,23973063.0,-7652004.0
2026-06-30,Utilities,Asset Manager - Index,29497022999.0,0.008749606753709026,0.010250803713496034,-0.0015011969597870083,29690007747.0,-192984748.0
2026-06-30,Utilities,Asset Manager - Value,1188757218.0,0.004461783859679942,0.0044660418189849775,-4.25795930503528e-06,1147809540.0,40947678.0
2026-06-30,Utilities,Family Office - Macro,178860788.0,0.021949233881602147,0.006952328191332108,0.01499690569027004,63422300.0,115438488.0
2026-06-30,Utilities,Hedge Fund - Activist,394602676.0,0.01112882796161265,0.003364554434319364,0.007764273527293286,157990724.0,236611952.0
2026-06-30,Utilities,Hedge Fund - Global Macro,353464812.0,0.0036708893255261517,0.003179016496227384,0.0004918728292987676,242491263.0,110973549.0
2026-06-30,Utilities,Hedge Fund - Long/Short,100546240.0,0.0011408853698553537,0.0025547838376105353,-0.0014138984677551816,289313788.0,-188767548.0
2026-06-30,Utilities,Hedge Fund - Long/Short Growth,1145207477.0,0.011591403862764192,0.0001010869713938217,0.01149031689137037,9550001.0,1135657476.0
2026-06-30,Utilities,Hedge Fund - Multi-strategy,2665799492.0,0.0019835461128214623,0.002496238392784245,-0.0005126922799627825,2534759502.0,131039990.0
2026-06-30,Utilities,Hedge Fund - Quant,3954554267.0,0.005190621509458064,0.0066472849172410755,-0.0014566634077830118,4048332304.0,-93778037.0
2026-06-30,Utilities,Market Maker - Quant,1435061834.0,0.0011176513725448458,0.0015772918793825485,-0.00045964050683770276,1409034925.0,26026909.0
2026-06-30,Utilities,Pension Fund,964355550.0,0.005436526757730097,0.006709332173087422,-0.001272805415357325,1090178378.0,-125822828.0
