period,sector,weight_ew,weight_ew_prev,d_qoq,weight_ew_4q,d_yoy,avg_trailing,d_vs_avg,hist_percentile,hist_min,hist_max,weight_bench,active_weight,active_weight_prev,d_active_qoq,overweight_breadth,n_active_managers,n_index_managers,benchmark_name,net_flow,gross_flow,price_effect,n_buyers,n_sellers
2011-09-30,Communication Services,0.04955093215302272,,,,,,,,,,0.05269833658717272,-0.00314740443415,,,0.30952380952380953,42,3,"Índice implícito (managers índice, ponderado por valor)",0.0,0.0,0.0,0,0
2011-09-30,Consumer Discretionary,0.1514181079664969,,,,,,,,,,0.14388311369928053,0.007534994267216377,,,0.40476190476190477,42,3,"Índice implícito (managers índice, ponderado por valor)",0.0,0.0,0.0,0,0
2011-09-30,Consumer Staples,0.1152949946693621,,,,,,,,,,0.07875333481833958,0.03654165985102252,,,0.35714285714285715,42,3,"Índice implícito (managers índice, ponderado por valor)",0.0,0.0,0.0,0,0
2011-09-30,Energy,0.0810188615243642,,,,,,,,,,0.07394392113344071,0.00707494039092349,,,0.2619047619047619,42,3,"Índice implícito (managers índice, ponderado por valor)",0.0,0.0,0.0,0,0
2011-09-30,Financials,0.17987727905775533,,,,,,,,,,0.17274651312455871,0.0071307659331966144,,,0.5476190476190477,42,3,"Índice implícito (managers índice, ponderado por valor)",0.0,0.0,0.0,0,0
2011-09-30,Health Care,0.1367195180022354,,,,,,,,,,0.13442216718210814,0.0022973508201272475,,,0.47619047619047616,42,3,"Índice implícito (managers índice, ponderado por valor)",0.0,0.0,0.0,0,0
2011-09-30,Industrials,0.08823989039735773,,,,,,,,,,0.10759738784108906,-0.01935749744373133,,,0.21428571428571427,42,3,"Índice implícito (managers índice, ponderado por valor)",0.0,0.0,0.0,0,0
2011-09-30,Information Technology,0.09948181123838598,,,,,,,,,,0.12583610967417627,-0.02635429843579029,,,0.35714285714285715,42,3,"Índice implícito (managers índice, ponderado por valor)",0.0,0.0,0.0,0,0
2011-09-30,Materials,0.06195264355819085,,,,,,,,,,0.058822810252925364,0.003129833305265485,,,0.3333333333333333,42,3,"Índice implícito (managers índice, ponderado por valor)",0.0,0.0,0.0,0,0
2011-09-30,Real Estate,0.027174856855625856,,,,,,,,,,0.03314252889966213,-0.005967672044036271,,,0.30952380952380953,42,3,"Índice implícito (managers índice, ponderado por valor)",0.0,0.0,0.0,0,0
2011-09-30,Utilities,0.009271104577202918,,,,,,,,,,0.018153776787246747,-0.008882672210043829,,,0.11904761904761904,42,3,"Índice implícito (managers índice, ponderado por valor)",0.0,0.0,0.0,0,0
2011-12-31,Communication Services,0.05211816915838913,0.04955093215302272,0.0025672370053664087,,,,,,,,0.05243916698978018,-0.0003209978313910497,-0.00314740443415,0.0028264066027589504,0.3333333333333333,42,3,"Índice implícito (managers índice, ponderado por valor)",3226677783.7353325,4341730992.577844,3916865216.2646675,46,16
2011-12-31,Consumer Discretionary,0.1479395545464454,0.1514181079664969,-0.0034785534200515167,,,,,,,,0.14421036223141237,0.0037291923150330197,0.007534994267216377,-0.0038058019521833575,0.38095238095238093,42,3,"Índice implícito (managers índice, ponderado por valor)",6720981032.094006,13389549716.583687,9127836967.905994,118,45
2011-12-31,Consumer Staples,0.10463296410465318,0.1152949946693621,-0.010662030564708921,,,,,,,,0.07429783174491657,0.030335132359736616,0.03654165985102252,-0.006206527491285904,0.35714285714285715,42,3,"Índice implícito (managers índice, ponderado por valor)",4527053108.381364,6829558275.837202,4438928891.618636,70,21
2011-12-31,Energy,0.08498374345118218,0.0810188615243642,0.003964881926817973,,,,,,,,0.0763948055011485,0.008588937950033682,0.00707494039092349,0.0015139975591101917,0.23809523809523808,42,3,"Índice implícito (managers índice, ponderado por valor)",4576383191.558818,5843597489.937638,9486204808.441183,54,18
2011-12-31,Financials,0.19309534377062607,0.17987727905775533,0.013218064712870736,,,,,,,,0.1723887495580125,0.02070659421261356,0.0071307659331966144,0.013575828279416946,0.5714285714285714,42,3,"Índice implícito (managers índice, ponderado por valor)",13452554733.020662,18094506253.26063,14940337266.979338,186,48
2011-12-31,Health Care,0.13366066419136305,0.1367195180022354,-0.0030588538108723418,,,,,,,,0.12651234111097387,0.0071483230803891795,0.0022973508201272475,0.004850972260261932,0.5238095238095238,42,3,"Índice implícito (managers índice, ponderado por valor)",8228263786.719652,13731329759.296589,7095422213.280348,125,48
2011-12-31,Industrials,0.08713970353674617,0.08823989039735773,-0.0011001868606115572,,,,,,,,0.10895612391045416,-0.021816420373707984,-0.01935749744373133,-0.0024589229299766535,0.19047619047619047,42,3,"Índice implícito (managers índice, ponderado por valor)",9524796684.873291,13198356474.581457,5740725315.126709,67,27
2011-12-31,Information Technology,0.10554809593472449,0.09948181123838598,0.006066284696338506,,,,,,,,0.13732796260116686,-0.03177986666644238,-0.02635429843579029,-0.005425568230652086,0.30952380952380953,42,3,"Índice implícito (managers índice, ponderado por valor)",4887220474.769137,8888293228.625845,17044966525.230862,100,54
2011-12-31,Materials,0.05918297866201655,0.06195264355819085,-0.0027696648961742995,,,,,,,,0.05462978798212876,0.0045531906798877905,0.003129833305265485,0.0014233573746223055,0.42857142857142855,42,3,"Índice implícito (managers índice, ponderado por valor)",4202325379.5276165,5575234967.637178,1550016620.4723835,49,20
2011-12-31,Real Estate,0.02347701690350782,0.027174856855625856,-0.003697839952118035,,,,,,,,0.032321902837165975,-0.008844885933658155,-0.005967672044036271,-0.002877213889621883,0.23809523809523808,42,3,"Índice implícito (managers índice, ponderado por valor)",748518567.7577825,2051647730.9019578,1477438432.2422175,28,16
2011-12-31,Utilities,0.00822176574034595,0.009271104577202918,-0.0010493388368569678,,,,,,,,0.020520965532840246,-0.012299199792494296,-0.008882672210043829,-0.003416527582450467,0.09523809523809523,42,3,"Índice implícito (managers índice, ponderado por valor)",727932880.9709215,1624160248.6840985,-203468880.97092152,11,6
2012-03-31,Communication Services,0.05705461675347149,0.05211816915838913,0.004936447595082362,,,,,,,,0.055261049580821446,0.001793567172650043,-0.0003209978313910497,0.0021145650040410927,0.37209302325581395,43,3,"Índice implícito (managers índice, ponderado por valor)",472930399.9398155,2258052000.654678,5509204600.0601845,26,21
2012-03-31,Consumer Discretionary,0.15105736202658107,0.1479395545464454,0.0031178074801356814,,,,,,,,0.1461634725892893,0.004893889437291771,0.0037291923150330197,0.001164697122258751,0.37209302325581395,43,3,"Índice implícito (managers índice, ponderado por valor)",2640352959.8798847,8329916194.807873,12912607040.120115,72,56
2012-03-31,Consumer Staples,0.09525722106942859,0.10463296410465318,-0.009375743035224593,,,,,,,,0.0694179936016454,0.025839227467783193,0.030335132359736616,-0.004495904891953423,0.37209302325581395,43,3,"Índice implícito (managers índice, ponderado por valor)",1228443682.2451096,6785597219.303321,2161733317.7548904,42,39
2012-03-31,Energy,0.07825931712580565,0.08498374345118218,-0.006724426325376523,,,,,,,,0.07337169995836317,0.004887617167442487,0.008588937950033682,-0.0037013207825911942,0.23255813953488372,43,3,"Índice implícito (managers índice, ponderado por valor)",-1150449394.29022,4123015762.77585,1968058394.29022,28,29
2012-03-31,Financials,0.19234505279459138,0.19309534377062607,-0.0007502909760346843,,,,,,,,0.17208989870359404,0.020255154090997346,0.02070659421261356,-0.0004514401216162145,0.5581395348837209,43,3,"Índice implícito (managers índice, ponderado por valor)",2511631611.208586,11127976196.731087,14659048388.791414,96,89
2012-03-31,Health Care,0.13212208497523262,0.13366066419136305,-0.0015385792161304312,,,,,,,,0.12353694197222041,0.008585143003012205,0.0071483230803891795,0.0014368199226230255,0.5348837209302325,43,3,"Índice implícito (managers índice, ponderado por valor)",3776231956.599735,11835035363.790394,8301195043.400266,75,60
2012-03-31,Industrials,0.08505653344917136,0.08713970353674617,-0.0020831700875748177,,,,,,,,0.10619970747358227,-0.02114317402441092,-0.021816420373707984,0.0006732463492970658,0.23255813953488372,43,3,"Índice implícito (managers índice, ponderado por valor)",1181182978.6495068,5624570529.833176,7307938021.350493,46,42
2012-03-31,Information Technology,0.12116479605617347,0.10554809593472449,0.015616700121448987,,,,,,,,0.14716942472756708,-0.02600462867139361,-0.03177986666644238,0.005775237995048768,0.3488372093023256,43,3,"Índice implícito (managers índice, ponderado por valor)",-53408314.24710586,11341421436.708256,18243103314.247105,69,64
2012-03-31,Materials,0.05495543578231937,0.05918297866201655,-0.004227542879697177,,,,,,,,0.05448482237586187,0.00047061340645750127,0.0045531906798877905,-0.004082577273430289,0.37209302325581395,43,3,"Índice implícito (managers índice, ponderado por valor)",-1450573845.599826,3454130306.444801,4171471845.5998263,17,31
2012-03-31,Real Estate,0.02450030574084294,0.02347701690350782,0.0010232888373351186,,,,,,,,0.03356741122725603,-0.009067105486413093,-0.008844885933658155,-0.00022221955275493824,0.23255813953488372,43,3,"Índice implícito (managers índice, ponderado por valor)",580750269.3534839,1679482807.1248052,2219165730.6465163,15,14
2012-03-31,Utilities,0.00822727422638206,0.00822176574034595,5.508486036110219e-06,,,,,,,,0.018737577789798975,-0.010510303563416914,-0.012299199792494296,0.001788896229077382,0.06976744186046512,43,3,"Índice implícito (managers índice, ponderado por valor)",-400647068.4298389,1062415887.5586077,196664068.4298389,7,9
2012-06-30,Communication Services,0.06109155565707041,0.05705461675347149,0.004036938903598922,,,,,1.0,0.04955093215302272,0.06109155565707041,0.06454369441065676,-0.0034521387535863465,0.001793567172650043,-0.0052457059262363895,0.3488372093023256,43,3,"Índice implícito (managers índice, ponderado por valor)",6889581235.167891,8710144019.733644,-235292235.16789034,44,25
2012-06-30,Consumer Discretionary,0.1512970399122098,0.15105736202658107,0.00023967788562873071,,,,,0.75,0.1479395545464454,0.1514181079664969,0.14632477203139835,0.004972267880811454,0.004893889437291771,7.837844351968326e-05,0.37209302325581395,43,3,"Índice implícito (managers índice, ponderado por valor)",393451583.3352954,11746714519.578436,-443425583.3352956,69,67
2012-06-30,Consumer Staples,0.089854543606453,0.09525722106942859,-0.005402677462975597,,,,,0.25,0.089854543606453,0.1152949946693621,0.06580248045396728,0.024052063152485717,0.025839227467783193,-0.0017871643152974764,0.3488372093023256,43,3,"Índice implícito (managers índice, ponderado por valor)",-2005434060.2921803,7078616181.39132,-1774062939.7078197,31,48
2012-06-30,Energy,0.08126954732621366,0.07825931712580565,0.0030102302004080123,,,,,0.75,0.07825931712580565,0.08498374345118218,0.08613673978949339,-0.004867192463279726,0.004887617167442487,-0.009754809630722214,0.13953488372093023,43,3,"Índice implícito (managers índice, ponderado por valor)",6756101694.3585205,9547317206.770874,-1695481694.3585203,45,26
2012-06-30,Financials,0.19219314572269564,0.19234505279459138,-0.00015190707189574604,,,,,0.5,0.17987727905775533,0.19309534377062607,0.16482937798149225,0.027363767741203388,0.020255154090997346,0.0071086136502060415,0.6046511627906976,43,3,"Índice implícito (managers índice, ponderado por valor)",2910995794.6684823,15399327175.268341,-6104062794.668483,109,89
2012-06-30,Health Care,0.1285725798450608,0.13212208497523262,-0.003549505130171826,,,,,0.25,0.1285725798450608,0.1367195180022354,0.12126150271764695,0.0073110771274138425,0.008585143003012205,-0.0012740658755983625,0.4883720930232558,43,3,"Índice implícito (managers índice, ponderado por valor)",346115217.61236966,9636799626.159502,-1473007217.6123698,66,84
2012-06-30,Industrials,0.08462403337590017,0.08505653344917136,-0.0004325000732711831,,,,,0.25,0.08462403337590017,0.08823989039735773,0.10076851938132307,-0.016144486005422898,-0.02114317402441092,0.004998688018988021,0.18604651162790697,43,3,"Índice implícito (managers índice, ponderado por valor)",737537445.8612312,6611948389.323857,-1220065445.8612313,45,42
2012-06-30,Information Technology,0.12107433624883866,0.12116479605617347,-9.045980733481118e-05,,,,,0.75,0.09948181123838598,0.12116479605617347,0.1449823267265566,-0.023907990477717925,-0.02600462867139361,0.0020966381936756845,0.3953488372093023,43,3,"Índice implícito (managers índice, ponderado por valor)",7069076718.809517,16962736113.52375,-5187200718.809517,96,69
2012-06-30,Materials,0.05442119232596786,0.05495543578231937,-0.0005342434563515158,,,,,0.25,0.05442119232596786,0.06195264355819085,0.05263338247943389,0.0017878098465339692,0.00047061340645750127,0.001317196440076468,0.32558139534883723,43,3,"Índice implícito (managers índice, ponderado por valor)",-952628137.396599,2796091834.003884,-1221699862.603401,28,20
2012-06-30,Real Estate,0.02527455989151795,0.02450030574084294,0.0007742541506750092,,,,,0.75,0.02347701690350782,0.027174856855625856,0.03308084934630413,-0.0078062894547861784,-0.009067105486413093,0.0012608160316269143,0.3023255813953488,43,3,"Índice implícito (managers índice, ponderado por valor)",1135928603.81899,2601377451.7485523,31242396.18101006,21,16
2012-06-30,Utilities,0.010327466088072093,0.00822727422638206,0.002100191861690033,,,,,1.0,0.00822176574034595,0.010327466088072093,0.019636354681727336,-0.009308888593655243,-0.010510303563416914,0.0012014149697616716,0.11627906976744186,43,3,"Índice implícito (managers índice, ponderado por valor)",500745512.021175,784647848.5832589,432111487.978825,9,4
2012-09-30,Communication Services,0.06135647042587707,0.06109155565707041,0.0002649147688066622,0.04955093215302272,0.011805538272854355,0.05495381843048844,0.006402651995388635,1.0,0.04955093215302272,0.06135647042587707,0.0693095708374824,-0.00795310041160533,-0.0034521387535863465,-0.004500961658018984,0.32558139534883723,43,3,"Índice implícito (managers índice, ponderado por valor)",670692507.2735834,3842756575.0058765,2429205492.7264166,38,29
2012-09-30,Consumer Discretionary,0.14314078066570335,0.1512970399122098,-0.008156259246506453,0.1514181079664969,-0.008277327300793558,0.1504280161129333,-0.0072872354472299505,0.2,0.14314078066570335,0.1514181079664969,0.15336385837227465,-0.010223077706571299,0.004972267880811454,-0.015195345587382753,0.32558139534883723,43,3,"Índice implícito (managers índice, ponderado por valor)",-1478701492.3406868,12925173161.52973,7499013492.340687,77,67
2012-09-30,Consumer Staples,0.08948799332987863,0.089854543606453,-0.0003665502765743678,0.1152949946693621,-0.02580700133948348,0.10125993086247422,-0.011771937532595589,0.2,0.08948799332987863,0.1152949946693621,0.06334531513690636,0.026142678192972266,0.024052063152485717,0.0020906150404865487,0.37209302325581395,43,3,"Índice implícito (managers índice, ponderado por valor)",93876330.06420046,6426987188.010061,2783128669.9357996,36,53
2012-09-30,Energy,0.08226385172892282,0.08126954732621366,0.000994304402709159,0.0810188615243642,0.0012449902045586214,0.08138286735689143,0.0008809843720313931,0.8,0.07825931712580565,0.08498374345118218,0.08718817798151053,-0.004924326252587707,-0.004867192463279726,-5.7133789307980964e-05,0.16279069767441862,43,3,"Índice implícito (managers índice, ponderado por valor)",1130085294.2796965,4420008833.466211,2115673705.7203035,43,33
2012-09-30,Financials,0.20157822862578634,0.19219314572269564,0.009385082903090702,0.17987727905775533,0.02170094956803101,0.1893777053364171,0.012200523289369242,1.0,0.17987727905775533,0.20157822862578634,0.16513415355179745,0.03644407507398889,0.027363767741203388,0.009080307332785503,0.6511627906976745,43,3,"Índice implícito (managers índice, ponderado por valor)",5989558131.549367,14486868041.603794,9893475868.450634,113,76
2012-09-30,Health Care,0.12362401173992427,0.1285725798450608,-0.004948568105136525,0.1367195180022354,-0.013095506262311124,0.13276871175347296,-0.009144700013548696,0.2,0.12362401173992427,0.1367195180022354,0.11929478036397587,0.0043292313759484,0.0073110771274138425,-0.0029818457514654423,0.4418604651162791,43,3,"Índice implícito (managers índice, ponderado por valor)",503311613.69517326,6529739249.08266,2182239386.3048267,66,62
2012-09-30,Industrials,0.08567244933184827,0.08462403337590017,0.0010484159559480954,0.08823989039735773,-0.0025674410655094626,0.08626504018979386,-0.0005925908579455935,0.6,0.08462403337590017,0.08823989039735773,0.09681857905670617,-0.0111461297248579,-0.016144486005422898,0.004998356280564997,0.18604651162790697,43,3,"Índice implícito (managers índice, ponderado por valor)",385182360.18610233,3960860667.3446646,4337684639.813898,40,43
2012-09-30,Information Technology,0.12375057951286651,0.12107433624883866,0.00267624326402785,0.09948181123838598,0.02426876827448053,0.11181725986953064,0.011933319643335868,1.0,0.09948181123838598,0.12375057951286651,0.1455550652761919,-0.021804485763325374,-0.023907990477717925,0.002103504714392551,0.3953488372093023,43,3,"Índice implícito (managers índice, ponderado por valor)",7739717254.038553,16508320696.928993,8069773745.961447,74,66
2012-09-30,Materials,0.05551789919315644,0.05442119232596786,0.0010967068671885807,0.06195264355819085,-0.006434744365034412,0.057628062582123656,-0.0021101633889672178,0.6,0.05442119232596786,0.06195264355819085,0.05303353620687835,0.002484362986278091,0.0017878098465339692,0.0006965531397441216,0.3023255813953488,43,3,"Índice implícito (managers índice, ponderado por valor)",2463477354.3219514,5080070909.42617,4359734645.678048,23,29
2012-09-30,Real Estate,0.02389051710619383,0.02527455989151795,-0.0013840427853241168,0.027174856855625856,-0.003284339749432024,0.02510668484787364,-0.0012161677416798085,0.4,0.02347701690350782,0.027174856855625856,0.029636281855821345,-0.005745764749627513,-0.0078062894547861784,0.002060524705158665,0.3023255813953488,43,3,"Índice implícito (managers índice, ponderado por valor)",17230075.309196427,1450361102.8214571,91500924.69080357,22,10
2012-09-30,Utilities,0.009717218339842536,0.010327466088072093,-0.0006102477482295577,0.009271104577202918,0.00044611376263961784,0.009011902658000755,0.0007053156818417807,0.8,0.00822176574034595,0.010327466088072093,0.017320681360454993,-0.0076034630206124575,-0.009308888593655243,0.001705425573042785,0.20930232558139536,43,3,"Índice implícito (managers índice, ponderado por valor)",2371876313.9355154,2716647852.7407284,-248004313.93551525,12,5
2012-12-31,Communication Services,0.06386235357441375,0.06135647042587707,0.0025058831485366764,0.05211816915838913,0.011744184416024622,0.05623434882956616,0.007628004744847587,1.0,0.04955093215302272,0.06386235357441375,0.07010109690464093,-0.006238743330227184,-0.00795310041160533,0.001714357081378147,0.32558139534883723,43,3,"Índice implícito (managers índice, ponderado por valor)",1557190888.9955266,4748272051.065012,1840640111.0044734,32,29
2012-12-31,Consumer Discretionary,0.13936949177263563,0.14314078066570335,-0.0037712888930677146,0.1479395545464454,-0.008570062773809756,0.14897056902348732,-0.009601077250851686,0.16666666666666666,0.13936949177263563,0.1514181079664969,0.14596382812709036,-0.006594336354454722,-0.010223077706571299,0.0036287413521165768,0.32558139534883723,43,3,"Índice implícito (managers índice, ponderado por valor)",2281748835.203991,10961438060.191078,-1005592835.2039909,71,72
2012-12-31,Consumer Staples,0.08661403769192134,0.08948799332987863,-0.0028739556379572817,0.10463296410465318,-0.01801892641273184,0.0989055433559551,-0.012291505664033753,0.16666666666666666,0.08661403769192134,0.1152949946693621,0.07139287441588929,0.015221163276032054,0.026142678192972266,-0.010921514916940211,0.37209302325581395,43,3,"Índice implícito (managers índice, ponderado por valor)",6758023672.377482,11435228295.271452,49269327.622517526,48,33
2012-12-31,Energy,0.08213095828211742,0.08226385172892282,-0.00013289344680540716,0.08498374345118218,-0.0028527851690647588,0.0815590642312977,0.0005718940508197129,0.6666666666666666,0.07825931712580565,0.08498374345118218,0.08311125371644462,-0.0009802954343272052,-0.004924326252587707,0.003944030818260502,0.13953488372093023,43,3,"Índice implícito (managers índice, ponderado por valor)",6857451362.890816,10921434086.057182,-1537070362.890816,42,33
2012-12-31,Financials,0.1966101128680169,0.20157822862578634,-0.004968115757769426,0.19309534377062607,0.0035147690973908463,0.19181780999429093,0.004792302873725979,0.8333333333333334,0.17987727905775533,0.20157822862578634,0.16213958807839476,0.03447052478962215,0.03644407507398889,-0.001973550284366743,0.6744186046511628,43,3,"Índice implícito (managers índice, ponderado por valor)",3058037794.6118593,17272986244.489033,1116849205.3881404,102,94
2012-12-31,Health Care,0.12701443118840847,0.12362401173992427,0.0033904194484842,0.13366066419136305,-0.006646233002954582,0.1309397717507632,-0.0039253405623547455,0.3333333333333333,0.12362401173992427,0.1367195180022354,0.11691089626016808,0.010103534928240385,0.0043292313759484,0.0057743035522919844,0.4186046511627907,43,3,"Índice implícito (managers índice, ponderado por valor)",9575159723.451593,19724725649.566925,-615911723.4515934,76,64
2012-12-31,Industrials,0.09106412216845099,0.08567244933184827,0.005391672836602718,0.08713970353674617,0.003924418631704812,0.08614652201820475,0.00491760015024624,1.0,0.08462403337590017,0.09106412216845099,0.10014381653322059,-0.009079694364769603,-0.0111461297248579,0.002066435360088298,0.20930232558139536,43,3,"Índice implícito (managers índice, ponderado por valor)",-875761055.6278813,5664421594.337756,5080317055.627881,37,46
2012-12-31,Information Technology,0.1257151822804143,0.12375057951286651,0.001964602767547799,0.10554809593472449,0.020167086345689825,0.11420392379819781,0.0115112584822165,1.0,0.09948181123838598,0.1257151822804143,0.15059037437703868,-0.024875192096624366,-0.021804485763325374,-0.003070706333298992,0.37209302325581395,43,3,"Índice implícito (managers índice, ponderado por valor)",-462411160.5987296,10687083442.795862,7762304160.59873,73,76
2012-12-31,Materials,0.05216549208173108,0.05551789919315644,-0.0033524071114253567,0.05918297866201655,-0.007017486580285469,0.05720602990433021,-0.005040537822599132,0.16666666666666666,0.05216549208173108,0.06195264355819085,0.05367325579602188,-0.0015077637142908024,0.002484362986278091,-0.003992126700568893,0.2558139534883721,43,3,"Índice implícito (managers índice, ponderado por valor)",-645364568.5373755,2794992129.514444,1251524568.5373755,21,20
2012-12-31,Real Estate,0.02576070811509238,0.02389051710619383,0.0018701910088985488,0.02347701690350782,0.00228369121158456,0.024863451299537678,0.0008972568155547027,0.8333333333333334,0.02347701690350782,0.027174856855625856,0.028106997443169957,-0.002346289328077577,-0.005745764749627513,0.0033994754215499363,0.3488372093023256,43,3,"Índice implícito (managers índice, ponderado por valor)",2199919618.7914777,3131458441.2213864,177861381.2085222,20,9
2012-12-31,Utilities,0.009693109976797702,0.009717218339842536,-2.4108363044833894e-05,0.00822176574034595,0.0014713442364517517,0.009152965794369111,0.0005401441824285907,0.6666666666666666,0.00822176574034595,0.010327466088072093,0.017866018347920842,-0.00817290837112314,-0.0076034630206124575,-0.000569445350510683,0.20930232558139536,43,3,"Índice implícito (managers índice, ponderado por valor)",-11595364.936213672,1266279493.1152673,98581364.93621369,6,12
2013-03-31,Communication Services,0.057044377070780874,0.06386235357441375,-0.006817976503632875,0.05705461675347149,-1.0239682690614538e-05,0.05750568295370743,-0.00046130588292655345,0.42857142857142855,0.04955093215302272,0.06386235357441375,0.063515110687815,-0.0064707336170341245,-0.006238743330227184,-0.00023199028680694067,0.3409090909090909,44,3,"Índice implícito (managers índice, ponderado por valor)",374923549.6235175,5040763242.322857,3954990450.3764825,31,33
2013-03-31,Consumer Discretionary,0.1501664853045175,0.13936949177263563,0.010796993531881877,0.15105736202658107,-0.0008908767220635605,0.1473703894816787,0.0027960958228388233,0.5714285714285714,0.13936949177263563,0.1514181079664969,0.1440175620664517,0.006148923238065818,-0.006594336354454722,0.01274325959252054,0.4090909090909091,44,3,"Índice implícito (managers índice, ponderado por valor)",2479508584.033118,16101858806.365376,10991078415.966883,87,48
2013-03-31,Consumer Staples,0.0874194260389876,0.08661403769192134,0.0008053883470662548,0.09525722106942859,-0.007837795030440992,0.09685695907861613,-0.009437533039628535,0.2857142857142857,0.08661403769192134,0.1152949946693621,0.06798729558506791,0.019432130453919685,0.015221163276032054,0.004210967177887631,0.38636363636363635,44,3,"Índice implícito (managers índice, ponderado por valor)",1978300151.050856,7654712142.327922,4876457848.949143,55,30
2013-03-31,Energy,0.07811490643322472,0.08213095828211742,-0.004016051848892699,0.07825931712580565,-0.00014441069258093464,0.08165437990643433,-0.0035394734732096117,0.14285714285714285,0.07811490643322472,0.08498374345118218,0.08494467114605471,-0.0068297647128299915,-0.0009802954343272052,-0.005849469278502786,0.20454545454545456,44,3,"Índice implícito (managers índice, ponderado por valor)",1643240630.04977,7537483888.607362,5958987369.95023,36,38
2013-03-31,Financials,0.19746489174266485,0.1966101128680169,0.0008547788746479379,0.19234505279459138,0.0051198389480734685,0.19261652713991195,0.004848364602752897,0.8571428571428571,0.17987727905775533,0.20157822862578634,0.16353235555038187,0.03393253619228298,0.03447052478962215,-0.0005379885973391674,0.6590909090909091,44,3,"Índice implícito (managers índice, ponderado por valor)",3566980552.690393,14669583682.856714,18980654447.30961,114,85
2013-03-31,Health Care,0.12171048708872387,0.12701443118840847,-0.005303944099684599,0.13212208497523262,-0.01041159788650875,0.1302855483237041,-0.008575061234980225,0.14285714285714285,0.12171048708872387,0.1367195180022354,0.12119594514070542,0.0005145419480184488,0.010103534928240385,-0.009588992980221936,0.4090909090909091,44,3,"Índice implícito (managers índice, ponderado por valor)",6448759192.019694,15908991036.924463,12610973807.980307,83,63
2013-03-31,Industrials,0.08965602043700875,0.09106412216845099,-0.001408101731442235,0.08505653344917136,0.004599486987837395,0.08696612204324577,0.0026898983937629767,0.8571428571428571,0.08462403337590017,0.09106412216845099,0.1009254791429931,-0.01126945870598435,-0.009079694364769603,-0.0021897643412147477,0.22727272727272727,44,3,"Índice implícito (managers índice, ponderado por valor)",1863255906.636937,6310545672.470278,11151941093.363064,47,42
2013-03-31,Information Technology,0.12973359250044927,0.1257151822804143,0.0040184102200349625,0.12116479605617347,0.0085687964442758,0.11612246687856724,0.013611125621882034,1.0,0.09948181123838598,0.12973359250044927,0.15527256832982553,-0.025538975829376254,-0.024875192096624366,-0.0006637837327518881,0.36363636363636365,44,3,"Índice implícito (managers índice, ponderado por valor)",352741870.9232814,9992794040.882154,20102037129.076717,76,73
2013-03-31,Materials,0.0507880413361472,0.05216549208173108,-0.0013774507455838816,0.05495543578231937,-0.0041673944461721735,0.05636594026723036,-0.00557789893108316,0.14285714285714285,0.0507880413361472,0.06195264355819085,0.05291708427024185,-0.0021290429340946534,-0.0015077637142908024,-0.0006212792198038511,0.2727272727272727,44,3,"Índice implícito (managers índice, ponderado por valor)",917021869.3966857,4979270589.411545,3089413130.6033144,34,23
2013-03-31,Real Estate,0.028327324864464442,0.02576070811509238,0.0025666167493720617,0.02450030574084294,0.003827019123621503,0.02501299410213013,0.003314330762334311,1.0,0.02347701690350782,0.028327324864464442,0.028214959436330726,0.00011236542813371567,-0.002346289328077577,0.0024586547562112926,0.3181818181818182,44,3,"Índice implícito (managers índice, ponderado por valor)",510890236.18912387,4184025020.3102646,3349272763.810876,19,16
2013-03-31,Utilities,0.009574447183030924,0.009693109976797702,-0.00011866279376677828,0.00822727422638206,0.0013471729566488632,0.009242989824773876,0.00033145735825704757,0.5714285714285714,0.00822176574034595,0.010327466088072093,0.017476968644132194,-0.007902521461101271,-0.00817290837112314,0.00027038691002186956,0.18181818181818182,44,3,"Índice implícito (managers índice, ponderado por valor)",1357450880.446964,2395241757.111388,796528119.5530361,13,9
2013-06-30,Communication Services,0.06102581361777418,0.057044377070780874,0.003981436546993303,0.06109155565707041,-6.574203929623351e-05,0.05743978211328935,0.0035860315044848254,0.625,0.04955093215302272,0.06386235357441375,0.07184365316928155,-0.010817839551507377,-0.0064707336170341245,-0.004347105934473253,0.3181818181818182,44,3,"Índice implícito (managers índice, ponderado por valor)",8811502781.752758,12016149927.346075,2722236218.247243,44,23
2013-06-30,Consumer Discretionary,0.13918021311200737,0.1501664853045175,-0.010986272192510138,0.1512970399122098,-0.01211682680020243,0.14776983174208422,-0.008589618630076845,0.125,0.13918021311200737,0.1514181079664969,0.13950894197173308,-0.00032872885972570765,0.006148923238065818,-0.006477652097791525,0.4090909090909091,44,3,"Índice implícito (managers índice, ponderado por valor)",-4601533836.482147,13105993894.076384,3552771836.4821467,58,70
2013-06-30,Consumer Staples,0.09346693860268405,0.0874194260389876,0.0060475125636964555,0.089854543606453,0.003612394996231061,0.09550874007295493,-0.0020418014702708737,0.625,0.08661403769192134,0.1152949946693621,0.06729692709873533,0.026170011503948723,0.019432130453919685,0.006737881050029038,0.4318181818181818,44,3,"Índice implícito (managers índice, ponderado por valor)",2572292193.0958333,7037089575.361624,2260236806.9041667,52,29
2013-06-30,Energy,0.07283193763089181,0.07811490643322472,-0.0052829688023329074,0.08126954732621366,-0.008437609695321854,0.08114874083883294,-0.008316803207941134,0.125,0.07283193763089181,0.08498374345118218,0.07955986368873275,-0.0067279260578409356,-0.0068297647128299915,0.00010183865498905598,0.20454545454545456,44,3,"Índice implícito (managers índice, ponderado por valor)",657516994.361363,3631314723.2681093,-1277986994.361363,40,31
2013-06-30,Financials,0.1963914850659059,0.19746489174266485,-0.0010734066767589534,0.19219314572269564,0.004198339343210261,0.19330915065459095,0.0030823344113149465,0.625,0.17987727905775533,0.20157822862578634,0.1599328916197966,0.0364585934461093,0.03393253619228298,0.0025260572538263193,0.6590909090909091,44,3,"Índice implícito (managers índice, ponderado por valor)",-2972335193.627339,20459394930.311195,3831295193.627339,104,115
2013-06-30,Health Care,0.12521930680116136,0.12171048708872387,0.0035088197124374942,0.1285725798450608,-0.0033532730438994296,0.1290605395758498,-0.0038412327746884245,0.375,0.12171048708872387,0.1367195180022354,0.12129398260336983,0.003925324197791527,0.0005145419480184488,0.0034107822497730783,0.4090909090909091,44,3,"Índice implícito (managers índice, ponderado por valor)",5642132715.905905,15422296834.525301,2757069284.094096,87,60
2013-06-30,Industrials,0.08830842548646976,0.08965602043700875,-0.0013475949505389884,0.08462403337590017,0.00368439211056959,0.08735039324235479,0.0009580322441149758,0.75,0.08462403337590017,0.09106412216845099,0.10145046833896063,-0.013142042852490862,-0.01126945870598435,-0.0018725841465065118,0.18181818181818182,44,3,"Índice implícito (managers índice, ponderado por valor)",1021937850.992644,7769873002.069479,2242080149.007356,41,44
2013-06-30,Information Technology,0.13192803221036337,0.12973359250044927,0.002194439709914092,0.12107433624883866,0.010853695961524704,0.11806691339597895,0.013861118814384413,1.0,0.09948181123838598,0.13192803221036337,0.1594425297363402,-0.027514497525976844,-0.025538975829376254,-0.0019755216966005906,0.3409090909090909,44,3,"Índice implícito (managers índice, ponderado por valor)",348426619.068052,15119462992.226187,12293327380.931948,71,74
2013-06-30,Materials,0.053635376897218666,0.0507880413361472,0.0028473355610714665,0.05442119232596786,-0.0007858154287491911,0.0555690975627899,-0.001933720665571237,0.375,0.0507880413361472,0.06195264355819085,0.05208946614574798,0.0015459107514706888,-0.0021290429340946534,0.0036749536855653422,0.3181818181818182,44,3,"Índice implícito (managers índice, ponderado por valor)",2182166051.506066,5271336663.880377,1335318948.4939342,27,21
2013-06-30,Real Estate,0.02886688099598722,0.028327324864464442,0.0005395561315227788,0.02527455989151795,0.0035923211044692725,0.025486469925320745,0.003380411070666476,1.0,0.02347701690350782,0.02886688099598722,0.029971729581760302,-0.0011048485857730814,0.00011236542813371567,-0.001217214013906797,0.29545454545454547,44,3,"Índice implícito (managers índice, ponderado por valor)",697876079.3155866,3528373532.1998615,2162335920.6844134,16,21
2013-06-30,Utilities,0.009145589579536295,0.009574447183030924,-0.00042885760349462877,0.010327466088072093,-0.0011818765085357986,0.009290340875953455,-0.00014475129641716017,0.375,0.00822176574034595,0.010327466088072093,0.017609546045541744,-0.00846395646600545,-0.007902521461101271,-0.0005614350049041785,0.1590909090909091,44,3,"Índice implícito (managers índice, ponderado por valor)",286305730.21647286,2991006323.0316844,371067269.7835272,8,11
2013-09-30,Communication Services,0.06313315003388816,0.06102581361777418,0.002107336416113978,0.06135647042587707,0.0017766796080110822,0.057888036051349956,0.005245113982538199,0.8888888888888888,0.04955093215302272,0.06386235357441375,0.07371960464259084,-0.01058645460870268,-0.010817839551507377,0.00023138494280469657,0.3181818181818182,44,3,"Índice implícito (managers índice, ponderado por valor)",1294993427.9575908,7737884333.09813,2904317572.042409,34,23
2013-09-30,Consumer Discretionary,0.13969073506163066,0.13918021311200737,0.0005105219496232827,0.14314078066570335,-0.0034500456040726935,0.14669612941332463,-0.007005394351693978,0.3333333333333333,0.13918021311200737,0.1514181079664969,0.13852314131367832,0.0011675937479523335,-0.00032872885972570765,0.0014963226076780411,0.4772727272727273,44,3,"Índice implícito (managers índice, ponderado por valor)",2972048918.8999934,15233555658.296095,7235152081.100007,75,62
2013-09-30,Consumer Staples,0.09209906626907588,0.09346693860268405,-0.001367872333608175,0.08948799332987863,0.0026110729391972537,0.09525351488917107,-0.0031544486200951877,0.5555555555555556,0.08661403769192134,0.1152949946693621,0.06745123540691629,0.02464783086215959,0.026170011503948723,-0.0015221806417891337,0.45454545454545453,44,3,"Índice implícito (managers índice, ponderado por valor)",1507804100.2093537,7502666965.158706,3431415899.790646,43,43
2013-09-30,Energy,0.07362535924759903,0.07283193763089181,0.0007934216167072156,0.08226385172892282,-0.008638492481323798,0.08010914043784031,-0.006483781190241289,0.2222222222222222,0.07283193763089181,0.08498374345118218,0.07748070396077913,-0.003855344713180109,-0.0067279260578409356,0.0028725813446608267,0.22727272727272727,44,3,"Índice implícito (managers índice, ponderado por valor)",949389189.5036349,3957162643.8748536,4102498810.496365,28,31
2013-09-30,Financials,0.19596365871401877,0.1963914850659059,-0.0004278263518871228,0.20157822862578634,-0.005614569911767564,0.1936944424560053,0.0022692162580134623,0.5555555555555556,0.17987727905775533,0.20157822862578634,0.15682696630816356,0.03913669240585521,0.0364585934461093,0.0026780989597459115,0.6363636363636364,44,3,"Índice implícito (managers índice, ponderado por valor)",6425718442.972869,17436811034.281567,5305457557.027131,101,95
2013-09-30,Health Care,0.12139205902952525,0.12521930680116136,-0.003827247771636108,0.12362401173992427,-0.0022319527103990128,0.12858038547901374,-0.007188326449488483,0.1111111111111111,0.12139205902952525,0.1367195180022354,0.12068834070565962,0.0007037183238656347,0.003925324197791527,-0.0032216058739258924,0.4090909090909091,44,3,"Índice implícito (managers índice, ponderado por valor)",1510728742.00535,14320130607.153164,9925965257.99465,81,71
2013-09-30,Industrials,0.08655533194284527,0.08830842548646976,-0.0017530935436244899,0.08567244933184827,0.0008828826109970045,0.08747014727286916,-0.0009148153300238826,0.4444444444444444,0.08462403337590017,0.09106412216845099,0.103150946770467,-0.01659561482762173,-0.013142042852490862,-0.0034535719751308674,0.1590909090909091,44,3,"Índice implícito (managers índice, ponderado por valor)",-1715495060.465171,9712560584.342928,5459448060.465171,51,58
2013-09-30,Information Technology,0.13091082325794634,0.13192803221036337,-0.0010172089524170258,0.12375057951286651,0.007160243745079828,0.11979955324777701,0.01111127001016933,0.8888888888888888,0.09948181123838598,0.13192803221036337,0.15538675132704124,-0.024475928069094904,-0.027514497525976844,0.00303856945688194,0.3181818181818182,44,3,"Índice implícito (managers índice, ponderado por valor)",-437960738.3557667,16990758343.619951,9717171738.355766,73,73
2013-09-30,Materials,0.055792737340724735,0.053635376897218666,0.002157360443506069,0.05551789919315644,0.00027483814756829733,0.0553273824795935,0.0004653548611312369,0.7777777777777778,0.0507880413361472,0.06195264355819085,0.05591613471046505,-0.00012339736974031207,0.0015459107514706888,-0.0016693081212110009,0.38636363636363635,44,3,"Índice implícito (managers índice, ponderado por valor)",1061376165.7513974,4715128379.636143,4844558834.248603,27,27
2013-09-30,Real Estate,0.03198893159393344,0.02886688099598722,0.0031220505979462215,0.02389051710619383,0.00809841448773961,0.025909021309154054,0.0060799102847793884,1.0,0.02347701690350782,0.03198893159393344,0.03198637387695874,2.5577169747020845e-06,-0.0011048485857730814,0.0011074063027477835,0.2727272727272727,44,3,"Índice implícito (managers índice, ponderado por valor)",2252435125.6616488,4865105002.376451,2079111874.338351,20,13
2013-09-30,Utilities,0.00884814750881248,0.009145589579536295,-0.00029744207072381415,0.009717218339842536,-0.0008690708310300551,0.009272246963901309,-0.00042409945508882843,0.3333333333333333,0.00822176574034595,0.010327466088072093,0.018869800977280193,-0.010021653468467713,-0.00846395646600545,-0.0015576970024622633,0.18181818181818182,44,3,"Índice implícito (managers índice, ponderado por valor)",-228058578.98515445,1111941310.761173,-107986421.01484558,8,13
2013-12-31,Communication Services,0.061125830490222605,0.06313315003388816,-0.0020073195436655505,0.06386235357441375,-0.0027365230841911448,0.059585813286458136,0.0015400172037644683,0.7,0.04955093215302272,0.06386235357441375,0.07469150033001004,-0.013565669839787436,-0.01058645460870268,-0.002979215231084756,0.2727272727272727,44,3,"Índice implícito (managers índice, ponderado por valor)",2009638111.0217597,9624337894.121576,7510444888.97824,36,32
2013-12-31,Consumer Discretionary,0.1410847023388158,0.13969073506163066,0.001393967277185132,0.13936949177263563,0.001715210566180153,0.14523020780021634,-0.00414550546140055,0.4,0.13918021311200737,0.1514181079664969,0.14912798952628334,-0.008043287187467552,0.0011675937479523335,-0.009210880935419885,0.4090909090909091,44,3,"Índice implícito (managers índice, ponderado por valor)",11695376924.28189,22594671958.37811,15874069075.71811,88,73
2013-12-31,Consumer Staples,0.08544404402236137,0.09209906626907588,-0.0066550222467145065,0.08661403769192134,-0.001169993669559971,0.09235402383913528,-0.006909979816773909,0.1,0.08544404402236137,0.1152949946693621,0.06147006479191688,0.023973979230444496,0.02464783086215959,-0.000673851631715093,0.45454545454545453,44,3,"Índice implícito (managers índice, ponderado por valor)",-550940176.2666646,9992557000.020891,3573217176.266665,39,45
2013-12-31,Energy,0.07721456092213147,0.07362535924759903,0.003589201674532444,0.08213095828211742,-0.004916397359985947,0.07918495265324466,-0.0019703917311131858,0.3,0.07283193763089181,0.08498374345118218,0.08120141488608337,-0.003986853963951903,-0.003855344713180109,-0.0001315092507717941,0.1590909090909091,44,3,"Índice implícito (managers índice, ponderado por valor)",-1711311067.9680333,7723735714.646496,9493451067.968033,30,36
2013-12-31,Financials,0.20035596632867894,0.19596365871401877,0.004392307614660168,0.1966101128680169,0.0037458534606620297,0.19570523991303823,0.00465072641564071,0.9,0.17987727905775533,0.20157822862578634,0.15270302769407132,0.04765293863460762,0.03913669240585521,0.008516246228752411,0.6136363636363636,44,3,"Índice implícito (managers índice, ponderado por valor)",7077360390.542511,26505962916.842823,21552092609.45749,102,97
2013-12-31,Health Care,0.11422205057466242,0.12139205902952525,-0.0071700084548628334,0.12701443118840847,-0.012792380613746046,0.12666445310742497,-0.012442402532762548,0.1,0.11422205057466242,0.1367195180022354,0.11718366736108868,-0.0029616167864262577,0.0007037183238656347,-0.0036653351102918924,0.4090909090909091,44,3,"Índice implícito (managers índice, ponderado por valor)",158302318.8661093,16651872894.572214,11880130681.133892,84,82
2013-12-31,Industrials,0.09017557918558156,0.08655533194284527,0.0036202472427362825,0.09106412216845099,-0.0008885429828694308,0.0872595774660551,0.0029160017195264537,0.9,0.08462403337590017,0.09106412216845099,0.10748474725526877,-0.017309168069687214,-0.01659561482762173,-0.0007135532420654844,0.18181818181818182,44,3,"Índice implícito (managers índice, ponderado por valor)",-3211958.369111553,9020954584.413025,10725240958.369112,38,45
2013-12-31,Information Technology,0.1350481042073957,0.13091082325794634,0.004137280949449373,0.1257151822804143,0.009332921926981402,0.12372817975022206,0.011319924457173655,1.0,0.09948181123838598,0.1350481042073957,0.15676395182159833,-0.021715847614202616,-0.024475928069094904,0.0027600804548922886,0.36363636363636365,44,3,"Índice implícito (managers índice, ponderado por valor)",9605064683.329927,19893331571.725502,24155448316.670074,94,73
2013-12-31,Materials,0.05907057249433718,0.055792737340724735,0.003277835153612442,0.05216549208173108,0.006905080412606096,0.054557394202410237,0.004513178291926941,0.8,0.0507880413361472,0.06195264355819085,0.054624350012833146,0.004446222481504031,-0.00012339736974031207,0.004569619851244343,0.36363636363636365,44,3,"Índice implícito (managers índice, ponderado por valor)",6058300654.947778,9202373216.500929,6929124345.052222,33,22
2013-12-31,Real Estate,0.029434454538278896,0.03198893159393344,-0.0025544770556545464,0.02576070811509238,0.0036737464231865156,0.026510780651442505,0.0029236738868363907,0.9,0.02347701690350782,0.03198893159393344,0.029383850869858074,5.0603668420821923e-05,2.5577169747020845e-06,4.804595144611984e-05,0.29545454545454547,44,3,"Índice implícito (managers índice, ponderado por valor)",-93924669.54162431,4732626428.473765,2023010669.5416243,16,22
2013-12-31,Utilities,0.006824134897534012,0.00884814750881248,-0.0020240126112784683,0.009693109976797702,-0.0028689750792636895,0.009219377330352507,-0.0023952424328184943,0.1,0.006824134897534012,0.010327466088072093,0.01536543545098804,-0.008541300553454027,-0.010021653468467713,0.0014803529150136854,0.20454545454545456,44,3,"Índice implícito (managers índice, ponderado por valor)",988324898.4060987,3238924777.4502277,-716937898.4060986,6,8
2014-03-31,Communication Services,0.06104971211467521,0.061125830490222605,-7.611837554739181e-05,0.057044377070780874,0.004005335043894338,0.06071177095293732,0.00033794116173789523,0.5454545454545454,0.04955093215302272,0.06386235357441375,0.07779837645203129,-0.016748664337356077,-0.013565669839787436,-0.0031829944975686406,0.24444444444444444,45,3,"Índice implícito (managers índice, ponderado por valor)",618240624.003195,9793297363.185066,6669243375.996805,41,37
2014-03-31,Consumer Discretionary,0.14584394146510796,0.1410847023388158,0.00475923912629217,0.1501664853045175,-0.004322543839409554,0.14437335127426265,0.0014705901908453056,0.5454545454545454,0.13918021311200737,0.1514181079664969,0.1455534590107856,0.0002904824543223661,-0.008043287187467552,0.008333769641789918,0.4666666666666667,45,3,"Índice implícito (managers índice, ponderado por valor)",4155436511.296236,17795554689.97048,8167535488.703764,81,62
2014-03-31,Consumer Staples,0.07913742976421315,0.08544404402236137,-0.006306614258148227,0.0874194260389876,-0.008281996274774453,0.08995540882884881,-0.010817979064635663,0.09090909090909091,0.07913742976421315,0.1152949946693621,0.06071629058616355,0.0184211391780496,0.023973979230444496,-0.005552840052394897,0.37777777777777777,45,3,"Índice implícito (managers índice, ponderado por valor)",-539359891.5912963,6802597226.946633,-1033938108.4087036,45,31
2014-03-31,Energy,0.07085255776282898,0.07721456092213147,-0.006362003159302493,0.07811490643322472,-0.007262348670395741,0.07821380483711332,-0.007361247074284344,0.09090909090909091,0.07085255776282898,0.08498374345118218,0.07741808309893639,-0.006565525336107408,-0.003986853963951903,-0.0025786713721555055,0.2,45,3,"Índice implícito (managers índice, ponderado por valor)",-606638436.7432053,6187601595.512683,-1509771563.2567947,40,32
2014-03-31,Financials,0.20845003092750547,0.20035596632867894,0.008094064598826528,0.19746489174266485,0.01098513918484062,0.19661281773279485,0.011837213194710622,1.0,0.17987727905775533,0.20845003092750547,0.16003942281729383,0.04841060811021164,0.04765293863460762,0.000757669475604017,0.6,45,3,"Índice implícito (managers índice, ponderado por valor)",3148279137.316132,21563731729.8699,13760250862.683868,120,79
2014-03-31,Health Care,0.11291691840690768,0.11422205057466242,-0.0013051321677547412,0.12171048708872387,-0.008793568681816188,0.12423462640533738,-0.011317707998429696,0.09090909090909091,0.11291691840690768,0.1367195180022354,0.11469751500902074,-0.0017805966021130631,-0.0029616167864262577,0.0011810201843131946,0.35555555555555557,45,3,"Índice implícito (managers índice, ponderado por valor)",3891166015.0705137,15105506963.14718,-120497015.07051359,79,64
2014-03-31,Industrials,0.09338879638511707,0.09017557918558156,0.0032132171995355174,0.08965602043700875,0.0037327759481083217,0.08763906192215952,0.005749734462957554,1.0,0.08462403337590017,0.09338879638511707,0.10648309098077711,-0.013094294595660042,-0.017309168069687214,0.004214873474027173,0.17777777777777778,45,3,"Índice implícito (managers índice, ponderado por valor)",1692285742.366583,4609548148.701023,544703257.6334169,34,45
2014-03-31,Information Technology,0.13617211967651727,0.1350481042073957,0.0011240154691215531,0.12973359250044927,0.006438527176067993,0.12741568078430596,0.00875643889221131,1.0,0.09948181123838598,0.13617211967651727,0.15956791520148156,-0.02339579552496429,-0.021715847614202616,-0.0016799479107616755,0.28888888888888886,45,3,"Índice implícito (managers índice, ponderado por valor)",-936393184.0648835,20962771868.08913,5252552184.064883,59,76
2014-03-31,Materials,0.05563352910322943,0.05907057249433718,-0.003437043391107744,0.0507880413361472,0.0048454877670822336,0.054543343431450314,0.001090185671779119,0.6363636363636364,0.0507880413361472,0.06195264355819085,0.05196006880950376,0.003673460293725672,0.004446222481504031,-0.0007727621877783586,0.3111111111111111,45,3,"Índice implícito (managers índice, ponderado por valor)",-300353383.966392,5141650100.495215,-1004415616.0336081,27,25
2014-03-31,Real Estate,0.02875935037984928,0.029434454538278896,-0.0006751041584296159,0.028327324864464442,0.00043202551538483805,0.027255460355788887,0.0015038900240603933,0.7272727272727273,0.02347701690350782,0.03198893159393344,0.03030625489664976,-0.0015469045168004791,5.0603668420821923e-05,-0.001597508185221301,0.24444444444444444,45,3,"Índice implícito (managers índice, ponderado por valor)",2021542183.6832275,6128956510.291453,314847816.3167725,19,14
2014-03-31,Utilities,0.007795614014048534,0.006824134897534012,0.0009714791165145219,0.009574447183030924,-0.0017788331689823893,0.009044673475001012,-0.0012490594609524779,0.18181818181818182,0.006824134897534012,0.010327466088072093,0.015459523137356431,-0.007663909123307897,-0.008541300553454027,0.0008773914301461305,0.2222222222222222,45,3,"Índice implícito (managers índice, ponderado por valor)",777270649.2152878,2677224570.6626463,245638350.78471217,13,7
2014-06-30,Communication Services,0.061272328406628676,0.06104971211467521,0.00022261629195346327,0.06102581361777418,0.00024651478885449885,0.061211157873087785,6.11705335408913e-05,0.75,0.04955093215302272,0.06386235357441375,0.08115257371886143,-0.019880245312232758,-0.016748664337356077,-0.0031315809748766812,0.2608695652173913,46,3,"Índice implícito (managers índice, ponderado por valor)",10180479363.443064,20253101007.36663,3204206636.5569367,54,37
2014-06-30,Consumer Discretionary,0.15307826846892442,0.14584394146510796,0.00723432700381646,0.13918021311200737,0.013898055356917044,0.1437216737040785,0.009356594764845905,1.0,0.13918021311200737,0.15307826846892442,0.15213837002014804,0.0009398984487763717,0.0002904824543223661,0.0006494159944540057,0.43478260869565216,46,3,"Índice implícito (managers índice, ponderado por valor)",7122152225.252069,28530894773.864033,14876985774.74793,97,72
2014-06-30,Consumer Staples,0.0749857039528154,0.07913742976421315,-0.0041517258113977495,0.09346693860268405,-0.018481234649868658,0.08794043491569688,-0.01295473096288148,0.08333333333333333,0.0749857039528154,0.1152949946693621,0.058519279752180776,0.01646642420063462,0.0184211391780496,-0.0019547149774149786,0.41304347826086957,46,3,"Índice implícito (managers índice, ponderado por valor)",1985125101.648231,7864619743.244453,402162898.35176903,44,33
2014-06-30,Energy,0.06653157580995729,0.07085255776282898,-0.004320981952871686,0.07283193763089181,-0.006300361820934519,0.07728795991674124,-0.01075638410678395,0.08333333333333333,0.06653157580995729,0.08498374345118218,0.07461363200881137,-0.008082056198854076,-0.006565525336107408,-0.0015165308627466678,0.17391304347826086,46,3,"Índice implícito (managers índice, ponderado por valor)",-2047382824.7921035,10279316903.189281,2572151824.792104,34,44
2014-06-30,Financials,0.21147844581584826,0.20845003092750547,0.0030284148883427953,0.1963914850659059,0.015086960749942369,0.1986259399994091,0.012852505816439153,1.0,0.17987727905775533,0.21147844581584826,0.16509017449251592,0.04638827132333234,0.04841060811021164,-0.0020223367868792974,0.5652173913043478,46,3,"Índice implícito (managers índice, ponderado por valor)",9793643882.556784,36371176920.758896,10174838117.443216,113,95
2014-06-30,Health Care,0.11455713854009635,0.11291691840690768,0.0016402201331886662,0.12521930680116136,-0.010662168261065016,0.12183398058429676,-0.007276842044200413,0.25,0.11291691840690768,0.1367195180022354,0.11508411922304831,-0.0005269806829519691,-0.0017805966021130631,0.001253615919161094,0.34782608695652173,46,3,"Índice implícito (managers índice, ponderado por valor)",418516772.59643066,16591342408.303598,2514969227.403569,78,80
2014-06-30,Industrials,0.09380964479495234,0.09338879638511707,0.0004208484098352644,0.08830842548646976,0.0055012193084825745,0.08868059478915273,0.005129050005799607,1.0,0.08462403337590017,0.09380964479495234,0.10362219489599715,-0.009812550101044815,-0.013094294595660042,0.003281744494615227,0.21739130434782608,46,3,"Índice implícito (managers índice, ponderado por valor)",-1228882084.6237886,8930352847.833881,7150408084.623789,49,41
2014-06-30,Information Technology,0.13571125855747834,0.13617211967651727,-0.00046086111903892446,0.13192803221036337,0.0037832263471149763,0.12929159623684894,0.0064196623206294046,0.9166666666666666,0.09948181123838598,0.13617211967651727,0.15877290822953855,-0.023061649672060203,-0.02339579552496429,0.0003341458529040886,0.32608695652173914,46,3,"Índice implícito (managers índice, ponderado por valor)",133436230.89540586,22939079990.83253,17248657769.104595,81,70
2014-06-30,Materials,0.05660496708132562,0.05563352910322943,0.000971437978096186,0.053635376897218666,0.002969590184106953,0.05462810509656407,0.0019768619847615465,0.75,0.0507880413361472,0.06195264355819085,0.04949946250753955,0.007105504573786066,0.003673460293725672,0.0034320442800603937,0.3695652173913043,46,3,"Índice implícito (managers índice, ponderado por valor)",7035227435.231884,8272695389.66007,423782564.76811653,41,19
2014-06-30,Real Estate,0.02473879012132739,0.02875935037984928,-0.004020560258521891,0.02886688099598722,-0.004128090874659832,0.02778784093566468,-0.0030490508143372896,0.3333333333333333,0.02347701690350782,0.03198893159393344,0.02800788319351675,-0.0032690930721893594,-0.0015469045168004791,-0.0017221885553888802,0.32608695652173914,46,3,"Índice implícito (managers índice, ponderado por valor)",3699544187.407863,7619673438.390502,249888812.59213674,26,15
2014-06-30,Utilities,0.007231878450645938,0.007795614014048534,-0.0005637355634025964,0.009145589579536295,-0.001913711128890357,0.008990715948459321,-0.0017588374978133835,0.16666666666666666,0.006824134897534012,0.010327466088072093,0.01349940195784214,-0.006267523507196202,-0.007663909123307897,0.0013963856161116946,0.21739130434782608,46,3,"Índice implícito (managers índice, ponderado por valor)",546896570.4010649,1056078452.8941405,-935922570.4010649,10,5
2014-09-30,Communication Services,0.060901329352906826,0.061272328406628676,-0.0003709990537218502,0.06313315003388816,-0.0022318206809813293,0.061233754466782565,-0.0003324251138757395,0.38461538461538464,0.04955093215302272,0.06386235357441375,0.07483156173593358,-0.013930232383026757,-0.019880245312232758,0.005950012929206001,0.30434782608695654,46,3,"Índice implícito (managers índice, ponderado por valor)",-1720580868.3225477,7270800489.296583,-1745613131.6774526,28,32
2014-09-30,Consumer Discretionary,0.1566496414275812,0.15307826846892442,0.003571372958656782,0.13969073506163066,0.016958906365950543,0.14394432727366782,0.012705314153913377,1.0,0.13918021311200737,0.1566496414275812,0.1582914497482315,-0.0016418083206503065,0.0009398984487763717,-0.002581706769426678,0.3695652173913043,46,3,"Índice implícito (managers índice, ponderado por valor)",7285652546.885211,26662993507.325954,8238203453.114789,95,76
2014-09-30,Consumer Staples,0.0779501371063318,0.0749857039528154,0.0029644331535163965,0.09209906626907588,-0.014148929162744087,0.08608182995899218,-0.008131692852660383,0.15384615384615385,0.0749857039528154,0.1152949946693621,0.05906101509930159,0.018889122007030204,0.01646642420063462,0.0024226978063955837,0.5,46,3,"Índice implícito (managers índice, ponderado por valor)",5000062640.925134,8315568619.444968,3115413359.0748663,53,40
2014-09-30,Energy,0.06682815306172475,0.06653157580995729,0.0002965772517674603,0.07362535924759903,-0.006797206185874274,0.07544571347720919,-0.008617560415484435,0.15384615384615385,0.06653157580995729,0.08498374345118218,0.07384035037613633,-0.007012197314411578,-0.008082056198854076,0.0010698588844424983,0.1956521739130435,46,3,"Índice implícito (managers índice, ponderado por valor)",-4031119.679512997,6318575889.708602,270072119.6795131,39,35
2014-09-30,Financials,0.2134961392273024,0.21147844581584826,0.0020176934114541356,0.19596365871401877,0.017532480513283627,0.20103660251105318,0.01245953671624922,1.0,0.17987727905775533,0.2134961392273024,0.16702889328471918,0.046467245942583224,0.04638827132333234,7.897461925088223e-05,0.5869565217391305,46,3,"Índice implícito (managers índice, ponderado por valor)",8642538615.896002,34282962142.2178,8334214384.103997,123,93
2014-09-30,Health Care,0.10991278524278707,0.11455713854009635,-0.004644353297309278,0.12139205902952525,-0.011479273786738187,0.1200820504211762,-0.010169265178389134,0.07692307692307693,0.10991278524278707,0.1367195180022354,0.1158248264409355,-0.005912041198148435,-0.0005269806829519691,-0.005385060515196466,0.32608695652173914,46,3,"Índice implícito (managers índice, ponderado por valor)",3086061314.0595636,17067387321.579832,-4044363314.059564,84,84
2014-09-30,Industrials,0.09363804466302393,0.09380964479495234,-0.00017160013192840662,0.08655533194284527,0.007082712720178658,0.08982879621653425,0.0038092484464896798,0.9230769230769231,0.08462403337590017,0.09380964479495234,0.09974017814324024,-0.006102133480216307,-0.009812550101044815,0.0037104166208285078,0.2391304347826087,46,3,"Índice implícito (managers índice, ponderado por valor)",1834038073.393109,9181336307.897346,-2199912073.393109,55,42
2014-09-30,Information Technology,0.1326519646990532,0.13571125855747834,-0.003059293858425155,0.13091082325794634,0.001741141441106847,0.13112121152542888,0.0015307531736243052,0.7692307692307693,0.09948181123838598,0.13617211967651727,0.16088428530368656,-0.028232320604633376,-0.023061649672060203,-0.005170670932573174,0.32608695652173914,46,3,"Índice implícito (managers índice, ponderado por valor)",-6796714385.80092,32772154985.629414,5287921385.80092,88,79
2014-09-30,Materials,0.05841547640678731,0.05660496708132562,0.0018105093254616941,0.055792737340724735,0.002622739066062578,0.05490107694098379,0.003514399465803522,0.7692307692307693,0.0507880413361472,0.06195264355819085,0.05176279532530337,0.006652681081483945,0.007105504573786066,-0.0004528234923021207,0.34782608695652173,46,3,"Índice implícito (managers índice, ponderado por valor)",426720949.40391177,5054727338.514278,1367778050.5960884,26,24
2014-09-30,Real Estate,0.021904957072723153,0.02473879012132739,-0.002833833048604236,0.03198893159393344,-0.01008397452121029,0.027720869714390858,-0.0058159126416677046,0.07692307692307693,0.021904957072723153,0.03198893159393344,0.02521133162502639,-0.003306374552303235,-0.0032690930721893594,-3.728148011387586e-05,0.2608695652173913,46,3,"Índice implícito (managers índice, ponderado por valor)",-2367393583.800649,4833396317.351079,-1873606416.1993506,21,19
2014-09-30,Utilities,0.007651371739778402,0.007231878450645938,0.00041949328913246445,0.00884814750881248,-0.0011967757690340784,0.008603767493781053,-0.0009523957540026502,0.23076923076923078,0.006824134897534012,0.010327466088072093,0.01352331291748577,-0.005871941177707368,-0.006267523507196202,0.000395582329488834,0.21739130434782608,46,3,"Índice implícito (managers índice, ponderado por valor)",390612228.97514206,2270895629.430224,385565771.02485794,9,7
2014-12-31,Communication Services,0.06276915816603186,0.060901329352906826,0.0018678288131250345,0.061125830490222605,0.0016433276758092558,0.061176861832661286,0.0015922963333705742,0.8571428571428571,0.04955093215302272,0.06386235357441375,0.08494339376869621,-0.02217423560266435,-0.013930232383026757,-0.008244003219637593,0.2608695652173913,46,3,"Índice implícito (managers índice, ponderado por valor)",7041255738.829521,22131027383.431087,7161284261.170479,52,46
2014-12-31,Consumer Discretionary,0.1509673229236504,0.1566496414275812,-0.0056823185039308055,0.1410847023388158,0.009882620584834606,0.14563293486890258,0.005334388054747813,0.6428571428571429,0.13918021311200737,0.1566496414275812,0.1564842274406858,-0.005516904517035404,-0.0016418083206503065,-0.003875096196385097,0.34782608695652173,46,3,"Índice implícito (managers índice, ponderado por valor)",1144725766.145715,30630000408.914043,3881114233.854285,92,83
2014-12-31,Consumer Staples,0.07454766456395348,0.0779501371063318,-0.0034024725423783125,0.08544404402236137,-0.010896379458407893,0.08463959793104883,-0.010091933367095351,0.07142857142857142,0.07454766456395348,0.1152949946693621,0.05525164993535568,0.0192960146285978,0.018889122007030204,0.000406892621567595,0.5,46,3,"Índice implícito (managers índice, ponderado por valor)",892301662.8148905,7482702234.289803,1139305337.1851094,42,39
2014-12-31,Energy,0.0680921820351788,0.06682815306172475,0.0012640289734540539,0.07721456092213147,-0.009122378886952665,0.07351625114380943,-0.005424069108630622,0.21428571428571427,0.06653157580995729,0.08498374345118218,0.07221871305296691,-0.004126531017788107,-0.007012197314411578,0.002885666296623471,0.1956521739130435,46,3,"Índice implícito (managers índice, ponderado por valor)",5240217541.307259,10898848525.666859,1915361458.6927419,47,34
2014-12-31,Financials,0.21569226186776677,0.2134961392273024,0.0021961226404643708,0.20035596632867894,0.01533629553908783,0.20252634133624267,0.0131659205315241,1.0,0.17987727905775533,0.21569226186776677,0.16533875360928232,0.05035350825848445,0.046467245942583224,0.0038862623159012233,0.6521739130434783,46,3,"Índice implícito (managers índice, ponderado por valor)",12501600058.008007,35540350140.14029,9655420941.991993,136,95
2014-12-31,Health Care,0.11472448704262546,0.10991278524278707,0.0048117017998383915,0.11422205057466242,0.0005024364679630383,0.11836814710903405,-0.003643660066408594,0.35714285714285715,0.10991278524278707,0.1367195180022354,0.11767127272977225,-0.0029467856871467912,-0.005912041198148435,0.0029652555110016438,0.391304347826087,46,3,"Índice implícito (managers índice, ponderado por valor)",7453670087.073349,19911205724.96033,5515289912.926651,84,82
2014-12-31,Industrials,0.09451912956299759,0.09363804466302393,0.0008810848999736554,0.09017557918558156,0.0043435503774160306,0.09082449563293121,0.003694633930066374,1.0,0.08462403337590017,0.09451912956299759,0.09827966864136414,-0.0037605390783665565,-0.006102133480216307,0.0023415944018497503,0.2608695652173913,46,3,"Índice implícito (managers índice, ponderado por valor)",4741106773.994867,14462309380.391958,8169091226.005133,48,49
2014-12-31,Information Technology,0.13649806264657113,0.1326519646990532,0.0038460979475179458,0.1350481042073957,0.0014499584391754194,0.13223388467370223,0.004264177972868904,1.0,0.09948181123838598,0.13649806264657113,0.1647772945833265,-0.028279231936755356,-0.028232320604633376,-4.69113321219794e-05,0.34782608695652173,46,3,"Índice implícito (managers índice, ponderado por valor)",-668699587.4158207,20587973839.254425,20861051587.41582,62,75
2014-12-31,Materials,0.055909329834873206,0.05841547640678731,-0.002506146571914107,0.05907057249433718,-0.003161242659463971,0.05526327409268765,0.0006460557421855556,0.6428571428571429,0.0507880413361472,0.06195264355819085,0.04870662176934403,0.0072027080655291745,0.006652681081483945,0.0005500269840452293,0.34782608695652173,46,3,"Índice implícito (managers índice, ponderado por valor)",-2475430306.806392,8708226686.752651,2668142306.806392,24,33
2014-12-31,Real Estate,0.02011927875263429,0.021904957072723153,-0.001785678320088864,0.029434454538278896,-0.009315175785644607,0.027472674710207024,-0.007353395957572735,0.07142857142857142,0.02011927875263429,0.03198893159393344,0.024070598081368945,-0.003951319328734656,-0.003306374552303235,-0.0006449447764314206,0.2826086956521739,46,3,"Índice implícito (managers índice, ponderado por valor)",-945390158.4842156,5044375268.228825,11596158.484215677,21,19
2014-12-31,Utilities,0.006161122603717003,0.007651371739778402,-0.001490249136061399,0.006824134897534012,-0.0006630122938170091,0.008345536668773036,-0.0021844140650560326,0.07142857142857142,0.006161122603717003,0.010327466088072093,0.012257806387837219,-0.006096683784120215,-0.005871941177707368,-0.00022474260641284702,0.1956521739130435,46,3,"Índice implícito (managers índice, ponderado por valor)",-1179186388.6979642,1336669001.499646,-363552611.30203575,3,10
2015-03-31,Communication Services,0.05846463096423411,0.06276915816603186,-0.004304527201797748,0.06104971211467521,-0.0025850811504411,0.061040212406613545,-0.002575581442379432,0.3333333333333333,0.04955093215302272,0.06386235357441375,0.08120032502989849,-0.022735694065664377,-0.02217423560266435,-0.000561458463000028,0.2608695652173913,46,3,"Índice implícito (managers índice, ponderado por valor)",5377976313.655234,15776447427.926039,-4342974313.655234,49,35
2015-03-31,Consumer Discretionary,0.15323633413664997,0.1509673229236504,0.0022690112129995776,0.14584394146510796,0.007392392671542014,0.1470826637627794,0.006153670373870573,0.9333333333333333,0.13918021311200737,0.1566496414275812,0.15572005625192367,-0.002483722115273701,-0.005516904517035404,0.0030331824017617026,0.391304347826087,46,3,"Índice implícito (managers índice, ponderado por valor)",476984046.8487878,22311772949.03958,3623756953.151212,95,77
2015-03-31,Consumer Staples,0.07452641437935825,0.07454766456395348,-2.1250184595228427e-05,0.07913742976421315,-0.004611015384854894,0.08313130129005285,-0.008604886910694595,0.06666666666666667,0.07452641437935825,0.1152949946693621,0.05563128054835326,0.018895133831004995,0.0192960146285978,-0.0004008807975928036,0.45652173913043476,46,3,"Índice implícito (managers índice, ponderado por valor)",664512091.4939052,12295730611.46667,-3549104091.4939055,55,45
2015-03-31,Energy,0.06893326825258697,0.0680921820351788,0.0008410862174081657,0.07085255776282898,-0.001919289510242006,0.07176140411294211,-0.0028281358603551437,0.26666666666666666,0.06653157580995729,0.08498374345118218,0.07078872725841773,-0.0018554590058307563,-0.004126531017788107,0.0022710720119573508,0.1956521739130435,46,3,"Índice implícito (managers índice, ponderado por valor)",944700446.3430576,5671038172.279403,529668553.6569424,35,32
2015-03-31,Financials,0.21319959496285798,0.21569226186776677,-0.0024926669049087913,0.20845003092750547,0.00474956403535251,0.2049116099612114,0.00828798500164657,0.8666666666666667,0.17987727905775533,0.21569226186776677,0.16219826223014913,0.05100133273270885,0.05035350825848445,0.000647824474224401,0.6304347826086957,46,3,"Índice implícito (managers índice, ponderado por valor)",2388334143.4819074,26989371542.311344,693568856.5180933,117,99
2015-03-31,Health Care,0.11119893623748832,0.11472448704262546,-0.00352555080513714,0.11291691840690768,-0.0017179821694193603,0.11683190409081118,-0.005632967853322859,0.13333333333333333,0.10991278524278707,0.1367195180022354,0.12008815073952955,-0.008889214502041234,-0.0029467856871467912,-0.005942428814894443,0.2608695652173913,46,3,"Índice implícito (managers índice, ponderado por valor)",-276022389.4463592,16873781346.29931,4169833389.4463596,84,82
2015-03-31,Industrials,0.09345760293948378,0.09451912956299759,-0.0010615266235138032,0.09338879638511707,6.88065543667099e-05,0.09125637155724954,0.002201231382234242,0.8,0.08462403337590017,0.09451912956299759,0.09238629532297954,0.001071307616504244,-0.0037605390783665565,0.0048318466948708005,0.2826086956521739,46,3,"Índice implícito (managers índice, ponderado por valor)",1996812564.4009433,9374423426.762548,-2386245564.4009433,54,40
2015-03-31,Information Technology,0.1454008725019345,0.13649806264657113,0.008902809855363375,0.13617211967651727,0.009228752825417241,0.13358174471947182,0.01181912778246269,1.0,0.09948181123838598,0.1454008725019345,0.1763679155106978,-0.030967043008763295,-0.028279231936755356,-0.0026878110720079396,0.34782608695652173,46,3,"Índice implícito (managers índice, ponderado por valor)",4296190251.947768,22979829525.845226,23279602748.05223,89,75
2015-03-31,Materials,0.052900263776371304,0.055909329834873206,-0.0030090660585019025,0.05563352910322943,-0.0027332653268581295,0.05573125381183042,-0.0028309900354591133,0.2,0.0507880413361472,0.06195264355819085,0.050316909333257394,0.0025833544431139097,0.0072027080655291745,-0.004619353622415265,0.2391304347826087,46,3,"Índice implícito (managers índice, ponderado por valor)",-776864481.5409989,10218072839.357887,-86639518.45900112,29,36
2015-03-31,Real Estate,0.02132958671812005,0.02011927875263429,0.0012103079654857615,0.02875935037984928,-0.007429763661729229,0.026767496039899762,-0.005437909321779712,0.13333333333333333,0.02011927875263429,0.03198893159393344,0.023502665549868004,-0.0021730788317479537,-0.003951319328734656,0.0017782404969867022,0.34782608695652173,46,3,"Índice implícito (managers índice, ponderado por valor)",1309577758.276798,4509370091.026106,810312241.7232021,19,20
2015-03-31,Utilities,0.007352495130914768,0.006161122603717003,0.001191372527197765,0.007795614014048534,-0.0004431188831337659,0.00790403824713795,-0.0005515431162231811,0.26666666666666666,0.006161122603717003,0.010327466088072093,0.011799412224925455,-0.004446917094010687,-0.006096683784120215,0.0016497666901095281,0.2826086956521739,46,3,"Índice implícito (managers índice, ponderado por valor)",761720660.9344225,997139543.4491069,118503339.06557752,14,5
2015-06-30,Communication Services,0.060424522374849826,0.05846463096423411,0.0019598914106157134,0.061272328406628676,-0.0008478060317788499,0.0612177441432952,-0.0007932217684453735,0.375,0.04955093215302272,0.06386235357441375,0.07879228342634505,-0.01836776105149522,-0.022735694065664377,0.004367933014169156,0.2826086956521739,46,3,"Índice implícito (managers índice, ponderado por valor)",2959286557.868258,11657885709.839153,1682658442.1317425,53,28
2015-06-30,Consumer Discretionary,0.14830450569251408,0.15323633413664997,-0.004931828444135894,0.15307826846892442,-0.00477376277641034,0.14746639486679597,0.000838110825718108,0.5,0.13918021311200737,0.1566496414275812,0.1517918374548387,-0.0034873317623246303,-0.002483722115273701,-0.0010036096470509293,0.30434782608695654,46,3,"Índice implícito (managers índice, ponderado por valor)",1832132628.4908102,23040933345.83392,-1123199628.49081,84,105
2015-06-30,Consumer Staples,0.06784257566699606,0.07452641437935825,-0.0066838387123621945,0.0749857039528154,-0.007143128285819339,0.08151967483259917,-0.013677099165603113,0.0625,0.06784257566699606,0.1152949946693621,0.05344872966716809,0.014393845999827966,0.018895133831004995,-0.00450128783117703,0.45652173913043476,46,3,"Índice implícito (managers índice, ponderado por valor)",-2846164121.1741176,11742076757.364906,-1908466878.8258822,41,49
2015-06-30,Energy,0.07219796644451065,0.06893326825258697,0.0032646981919236817,0.06653157580995729,0.0056663906345533616,0.07061369934036238,0.0015842671041482737,0.375,0.06653157580995729,0.08498374345118218,0.07232632668884283,-0.00012836024433217352,-0.0018554590058307563,0.0017270987614985828,0.2391304347826087,46,3,"Índice implícito (managers índice, ponderado por valor)",3581115027.8635736,9589270517.490082,2356749972.1364264,43,38
2015-06-30,Financials,0.20654801760995262,0.21319959496285798,-0.0066515773529053634,0.21147844581584826,-0.004930428205895648,0.20687844786373555,-0.0003304302537829318,0.6875,0.17987727905775533,0.21569226186776677,0.15649939176800867,0.050048625841943944,0.05100133273270885,-0.0009527068907649039,0.6086956521739131,46,3,"Índice implícito (managers índice, ponderado por valor)",8456218688.389774,31007844984.896065,-6980117688.389775,103,109
2015-06-30,Health Care,0.11150764937350885,0.11119893623748832,0.0003087131360205303,0.11455713854009635,-0.0030494891665874962,0.11551796023440673,-0.004010310860897884,0.1875,0.10991278524278707,0.1367195180022354,0.1145514171648485,-0.0030437677913396494,-0.008889214502041234,0.005845446710701585,0.34782608695652173,46,3,"Índice implícito (managers índice, ponderado por valor)",-5161863648.800967,32032374822.293804,-6395329351.199033,101,66
2015-06-30,Industrials,0.09184785049712574,0.09345760293948378,-0.001609752442358045,0.09380964479495234,-0.0019617942978265995,0.09173156937005891,0.00011628112706682514,0.6875,0.08462403337590017,0.09451912956299759,0.09174381542375915,0.0001040350733665929,0.001071307616504244,-0.0009672725431376511,0.2826086956521739,46,3,"Índice implícito (managers índice, ponderado por valor)",4129287606.135728,10711929488.201431,3506109393.864272,53,44
2015-06-30,Information Technology,0.16213250020019415,0.1454008725019345,0.016731627698259643,0.13571125855747834,0.02642124164271581,0.1355401547196575,0.026592345480536655,1.0,0.09948181123838598,0.16213250020019415,0.19318340694324104,-0.03105090674304689,-0.030967043008763295,-8.386373428359573e-05,0.391304347826087,46,3,"Índice implícito (managers índice, ponderado por valor)",10251024589.82769,41072118741.62962,17384642410.17231,108,61
2015-06-30,Materials,0.051420026114216144,0.052900263776371304,-0.0014802376621551594,0.05660496708132562,-0.005184940967109475,0.05599528161685843,-0.004575255502642289,0.125,0.0507880413361472,0.06195264355819085,0.05426704973536829,-0.0028470236211521477,0.0025833544431139097,-0.005430378064266057,0.21739130434782608,46,3,"Índice implícito (managers índice, ponderado por valor)",-2569841560.8329797,9914140466.939676,2542677560.8329797,42,28
2015-06-30,Real Estate,0.020571296193393443,0.02132958671812005,-0.0007582905247266077,0.02473879012132739,-0.004167493927933946,0.025892778771606714,-0.005321482578213271,0.125,0.02011927875263429,0.03198893159393344,0.022122013465913973,-0.0015507172725205305,-0.0021730788317479537,0.0006223615592274231,0.32608695652173914,46,3,"Índice implícito (managers índice, ponderado por valor)",-1499856029.303432,5572617535.97065,-1512915970.696568,23,21
2015-06-30,Utilities,0.007203089832738438,0.007352495130914768,-0.00014940529817633,0.007231878450645938,-2.878861790749955e-05,0.00762629424062343,-0.00042320440788499135,0.1875,0.006161122603717003,0.010327466088072093,0.01127372826166573,-0.004070638428927291,-0.004446917094010687,0.0003762786650833962,0.2826086956521739,46,3,"Índice implícito (managers índice, ponderado por valor)",-216766357.39999902,3630431677.2805114,173357357.39999896,9,11
2015-09-30,Communication Services,0.059737147550185464,0.060424522374849826,-0.0006873748246643621,0.060901329352906826,-0.0011641818027213618,0.06114258273792966,-0.0014054351877441987,0.35294117647058826,0.04955093215302272,0.06386235357441375,0.0807178723012444,-0.020980724751058936,-0.01836776105149522,-0.0026129636995637154,0.2826086956521739,46,3,"Índice implícito (managers índice, ponderado por valor)",-4511890541.802242,10563386813.172289,-2624684458.1977577,37,46
2015-09-30,Consumer Discretionary,0.14934584409433754,0.14830450569251408,0.0010413384018234662,0.1566496414275812,-0.007303797333243656,0.14860693143935932,0.0007389126549782188,0.5294117647058824,0.13918021311200737,0.1566496414275812,0.1466671447236521,0.0026786993706854334,-0.0034873317623246303,0.006166031133010064,0.30434782608695654,46,3,"Índice implícito (managers índice, ponderado por valor)",-2657743435.2769437,25400030834.08255,-16432523564.723057,90,86
2015-09-30,Consumer Staples,0.06782076666684961,0.06784257566699606,-2.180900014644993e-05,0.0779501371063318,-0.010129370439482185,0.07831662946563817,-0.010495862798788558,0.058823529411764705,0.06782076666684961,0.1152949946693621,0.06228726071559226,0.005533505951257345,0.014393845999827966,-0.008860340048570621,0.45652173913043476,46,3,"Índice implícito (managers índice, ponderado por valor)",10388228443.437756,20281244245.412,-5869375443.437756,53,49
2015-09-30,Energy,0.07442465056012422,0.07219796644451065,0.002226684115613567,0.06682815306172475,0.007596497498399468,0.07053445294206474,0.0038901976180594766,0.5294117647058824,0.06653157580995729,0.08498374345118218,0.0727000911609501,0.0017245593991741248,-0.00012836024433217352,0.0018529196435062983,0.21739130434782608,46,3,"Índice implícito (managers índice, ponderado por valor)",-960302304.34688,9839835194.968248,-8526137695.65312,40,40
2015-09-30,Financials,0.2077176217982527,0.20654801760995262,0.0011696041883000885,0.2134961392273024,-0.0057785174290496955,0.20814801443174138,-0.00043039263348867984,0.7058823529411765,0.17987727905775533,0.21569226186776677,0.16401721993980767,0.04370040185844504,0.050048625841943944,-0.006348223983498907,0.5869565217391305,46,3,"Índice implícito (managers índice, ponderado por valor)",10625171825.647772,36266491164.63425,-18702274825.64777,108,106
2015-09-30,Health Care,0.11733788063941317,0.11150764937350885,0.005830231265904318,0.10991278524278707,0.0074250953966261,0.11380400305595018,0.003533877583462991,0.47058823529411764,0.10991278524278707,0.1367195180022354,0.11514583064270989,0.002192049996703277,-0.0030437677913396494,0.005235817788042926,0.3695652173913043,46,3,"Índice implícito (managers índice, ponderado por valor)",713065212.1515921,17864566529.76356,-8587397212.151592,83,77
2015-09-30,Industrials,0.08964670403564733,0.09184785049712574,-0.002201146461478412,0.09363804466302393,-0.003991340627376605,0.09217399749639091,-0.002527293460743582,0.47058823529411764,0.08462403337590017,0.09451912956299759,0.08882539549147846,0.0008213085441688694,0.0001040350733665929,0.0007172734708022765,0.2826086956521739,46,3,"Índice implícito (managers índice, ponderado por valor)",529943449.1679144,9889566107.819849,-13739461449.167915,49,36
2015-09-30,Information Technology,0.15544375039831398,0.16213250020019415,-0.006688749801880167,0.1326519646990532,0.022791785699260797,0.13931571321838632,0.016128037179927668,0.9411764705882353,0.09948181123838598,0.16213250020019415,0.18507581133286763,-0.029632060934553645,-0.03105090674304689,0.0014188458084932465,0.34782608695652173,46,3,"Índice implícito (managers índice, ponderado por valor)",-10717249852.213291,27986884948.526134,-23293488147.78671,72,79
2015-09-30,Materials,0.049549977535583344,0.051420026114216144,-0.0018700485786328006,0.05841547640678731,-0.00886549887120397,0.05571836276898312,-0.006168385233399777,0.058823529411764705,0.049549977535583344,0.06195264355819085,0.051308826656546846,-0.001758849120963503,-0.0028470236211521477,0.0010881745001886448,0.2391304347826087,46,3,"Índice implícito (managers índice, ponderado por valor)",-1775466956.5897765,7374538148.256296,-6267548043.410224,34,34
2015-09-30,Real Estate,0.022044667731910248,0.020571296193393443,0.0014733715385168052,0.021904957072723153,0.00013971065918709502,0.024855830671282494,-0.0028111629393722457,0.29411764705882354,0.02011927875263429,0.03198893159393344,0.02248565905467422,-0.0004409913227639735,-0.0015507172725205305,0.001109725949756557,0.41304347826086957,46,3,"Índice implícito (managers índice, ponderado por valor)",1494382664.8619764,4558238012.200353,-913107664.8619765,24,18
2015-09-30,Utilities,0.0069309889893824144,0.007203089832738438,-0.00027210084335602385,0.007651371739778402,-0.0007203827503959878,0.007383481772273697,-0.0004524927828912827,0.17647058823529413,0.006161122603717003,0.010327466088072093,0.010768887980476392,-0.003837898991093978,-0.004070638428927291,0.00023273943783331304,0.2608695652173913,46,3,"Índice implícito (managers índice, ponderado por valor)",701004269.0014861,1860791301.0931392,-737157269.0014861,9,10
2015-12-31,Communication Services,0.0608404243225912,0.059737147550185464,0.0011032767724057368,0.06276915816603186,-0.0019287338434406595,0.06071808242746682,0.00012234189512438237,0.4444444444444444,0.04955093215302272,0.06386235357441375,0.08218909288849789,-0.02134866856590669,-0.020980724751058936,-0.0003679438148477543,0.34782608695652173,46,3,"Índice implícito (managers índice, ponderado por valor)",1731400430.6640356,11474636774.366568,10813377569.335964,40,44
2015-12-31,Consumer Discretionary,0.15413248834955912,0.14934584409433754,0.004786644255221573,0.1509673229236504,0.0031651654259087225,0.14981382006844768,0.004318668281111437,0.9444444444444444,0.13918021311200737,0.1566496414275812,0.1462881408495781,0.007844347499981003,0.0026786993706854334,0.005165648129295569,0.391304347826087,46,3,"Índice implícito (managers índice, ponderado por valor)",672959469.30148,25547361703.846794,15599718530.69852,93,78
2015-12-31,Consumer Staples,0.06478556787199516,0.06782076666684961,-0.003035198794854449,0.07454766456395348,-0.009762096691958322,0.0752818420153599,-0.010496274143364737,0.05555555555555555,0.06478556787199516,0.1152949946693621,0.056012946536312475,0.008772621335682684,0.005533505951257345,0.0032391153844253395,0.4782608695652174,46,3,"Índice implícito (managers índice, ponderado por valor)",2356709056.622091,9291759736.031464,467044943.37790906,53,36
2015-12-31,Energy,0.06929231558797946,0.07442465056012422,-0.005132334972144756,0.0680921820351788,0.0012001335528006585,0.0706343643561304,-0.0013420487681509302,0.2777777777777778,0.06653157580995729,0.08498374345118218,0.07353096548959759,-0.0042386499016181245,0.0017245593991741248,-0.005963209300792249,0.2391304347826087,46,3,"Índice implícito (managers índice, ponderado por valor)",-173623784.57725787,9950518612.756292,3477836784.577258,41,39
2015-12-31,Financials,0.20428449493488207,0.2077176217982527,-0.0034331268633706336,0.21569226186776677,-0.0114077669328847,0.20961725981727064,-0.005332764882388569,0.6111111111111112,0.17987727905775533,0.21569226186776677,0.16560051153723174,0.038683983397650334,0.04370040185844504,-0.005016418460794703,0.6086956521739131,46,3,"Índice implícito (managers índice, ponderado por valor)",9482026158.790138,40108594621.84262,23207863841.20986,107,98
2015-12-31,Health Care,0.11544752132195092,0.11733788063941317,-0.0018903593174622452,0.11472448704262546,0.0007230342793254629,0.11329723075718616,0.002150290564764762,0.4444444444444444,0.10991278524278707,0.1367195180022354,0.11376851362811546,0.0016790076938354576,0.002192049996703277,-0.0005130423028678194,0.391304347826087,46,3,"Índice implícito (managers índice, ponderado por valor)",2984871554.9306293,16203888841.6084,12253363445.06937,78,87
2015-12-31,Industrials,0.09537148978191957,0.08964670403564733,0.0057247857462722485,0.09451912956299759,0.0008523602189219881,0.09256041900799117,0.0028110707739284063,1.0,0.08462403337590017,0.09537148978191957,0.09077974469123856,0.0045917450906810126,0.0008213085441688694,0.003770436546512143,0.30434782608695654,46,3,"Índice implícito (managers índice, ponderado por valor)",3315060387.032304,9926985588.363018,14972735612.967697,45,45
2015-12-31,Information Technology,0.15783983803656876,0.15544375039831398,0.0023960876382547736,0.13649806264657113,0.021341775389997625,0.1423823291109323,0.015457508925636465,0.9444444444444444,0.09948181123838598,0.16213250020019415,0.18689772692050247,-0.029057888883933708,-0.029632060934553645,0.0005741720506199366,0.34782608695652173,46,3,"Índice implícito (managers índice, ponderado por valor)",-6942631759.812053,23034712729.28169,28883710759.812054,70,87
2015-12-31,Materials,0.04770540302004078,0.049549977535583344,-0.0018445745155425616,0.055909329834873206,-0.008203926814832424,0.05493801779334044,-0.007232614773299659,0.05555555555555555,0.04770540302004078,0.06195264355819085,0.051722545091757104,-0.004017142071716322,-0.001758849120963503,-0.0022582929507528188,0.2391304347826087,46,3,"Índice implícito (managers índice, ponderado por valor)",753709653.0744189,5687632108.520097,7211437346.925581,30,26
2015-12-31,Real Estate,0.022324404080640195,0.022044667731910248,0.0002797363487299469,0.02011927875263429,0.002205125328005906,0.023612797688529592,-0.0012883936078893973,0.3333333333333333,0.02011927875263429,0.03198893159393344,0.02214357553444214,0.00018082854619805647,-0.0004409913227639735,0.00062181986896203,0.43478260869565216,46,3,"Índice implícito (managers índice, ponderado por valor)",1766497097.899024,6091902828.852987,2517735902.100976,24,23
2015-12-31,Utilities,0.007976052691872732,0.0069309889893824144,0.0010450637024903174,0.006161122603717003,0.0018149300881557286,0.007143836957344939,0.0008322157345277926,0.5,0.006161122603717003,0.010327466088072093,0.011066236832726483,-0.0030901841408537516,-0.003837898991093978,0.0007477148502402263,0.2608695652173913,46,3,"Índice implícito (managers índice, ponderado por valor)",15038735.021415826,1528685963.8987863,1089633264.978584,13,7
2016-03-31,Communication Services,0.06022636138653478,0.0608404243225912,-0.0006140629360564184,0.05846463096423411,0.0017617304223006697,0.0606824066565129,-0.0004560452699781184,0.3684210526315789,0.04955093215302272,0.06386235357441375,0.08274821213409043,-0.022521850747555652,-0.02134866856590669,-0.0011731821816489615,0.30434782608695654,46,3,"Índice implícito (managers índice, ponderado por valor)",1875076171.166016,12022431658.053934,6727210828.833984,46,47
2016-03-31,Consumer Discretionary,0.15427067650841553,0.15413248834955912,0.00013818815885641156,0.15323633413664997,0.0010343423717655564,0.15144479331979058,0.0028258831886249502,0.9473684210526315,0.13918021311200737,0.1566496414275812,0.14836520712487108,0.005905469383544443,0.007844347499981003,-0.0019388781164365598,0.34782608695652173,46,3,"Índice implícito (managers índice, ponderado por valor)",8507654938.59548,27961208373.840576,6238856061.404519,89,78
2016-03-31,Consumer Staples,0.06173281794991256,0.06478556787199516,-0.003052749922082598,0.07452641437935825,-0.012793596429445692,0.0726995324965641,-0.010966714546651546,0.05263157894736842,0.06173281794991256,0.1152949946693621,0.05388879963013263,0.007844018319779933,0.008772621335682684,-0.0009286030159027514,0.45652173913043476,46,3,"Índice implícito (managers índice, ponderado por valor)",489815822.19152087,13641761832.646347,-2587432822.191521,51,48
2016-03-31,Energy,0.06694619708717528,0.06929231558797946,-0.002346118500804184,0.06893326825258697,-0.0019870711654116913,0.0696440836893614,-0.002697886602186117,0.15789473684210525,0.06653157580995729,0.08498374345118218,0.0677574356655501,-0.000811238578374826,-0.0042386499016181245,0.0034274113232432984,0.2608695652173913,46,3,"Índice implícito (managers índice, ponderado por valor)",-66898516.91024062,8734780138.367535,-2645407483.0897593,48,35
2016-03-31,Financials,0.2078017067283882,0.20428449493488207,0.003517211793506142,0.21319959496285798,-0.0053978882344697665,0.21010832589304604,-0.002306619164657825,0.7368421052631579,0.17987727905775533,0.21569226186776677,0.1693386087643359,0.03846309796405231,0.038683983397650334,-0.0002208854335980226,0.6086956521739131,46,3,"Índice implícito (managers índice, ponderado por valor)",13557188755.645918,35071254185.30195,2895490244.354082,127,95
2016-03-31,Health Care,0.11260068554116487,0.11544752132195092,-0.002846835780786053,0.11119893623748832,0.00140174930367655,0.11345041460059722,-0.0008497290594323553,0.21052631578947367,0.10991278524278707,0.1367195180022354,0.11415381924292538,-0.001553133701760509,0.0016790076938354576,-0.0032321413955959666,0.3695652173913043,46,3,"Índice implícito (managers índice, ponderado por valor)",673808222.5639156,17268614769.874367,-4906520222.563915,84,78
2016-03-31,Industrials,0.0942568837394449,0.09537148978191957,-0.0011146060424746806,0.09345760293948378,0.0007992807999611107,0.09320990783253343,0.0010469759069114681,0.8947368421052632,0.08462403337590017,0.09537148978191957,0.08611348583522488,0.008143397904220015,0.0045917450906810126,0.0035516528135390024,0.391304347826087,46,3,"Índice implícito (managers índice, ponderado por valor)",-366044323.7784693,12134120137.659399,3077094323.778469,49,48
2016-03-31,Information Technology,0.16345810179774564,0.15783983803656876,0.005618263761176884,0.1454008725019345,0.018057229295811134,0.14523129583957892,0.018226805958166725,1.0,0.09948181123838598,0.16345810179774564,0.19234049560262198,-0.02888239380487634,-0.029057888883933708,0.0001754950790573695,0.34782608695652173,46,3,"Índice implícito (managers índice, ponderado por valor)",4583579035.156324,24340554988.95678,9806897964.843676,80,72
2016-03-31,Materials,0.04728120687283472,0.04770540302004078,-0.0004241961472060615,0.052900263776371304,-0.005619056903536583,0.05351737160905339,-0.006236164736218672,0.05263157894736842,0.04728120687283472,0.06195264355819085,0.05272389051304878,-0.005442683640214059,-0.004017142071716322,-0.0014255415684977374,0.2391304347826087,46,3,"Índice implícito (managers índice, ponderado por valor)",-1145490227.9734473,6610352939.697565,3036035227.9734473,25,30
2016-03-31,Real Estate,0.023409957657707255,0.022324404080640195,0.0010855535770670603,0.02132958671812005,0.0020803709395872047,0.022724041381324757,0.0006859162763824984,0.3684210526315789,0.02011927875263429,0.03198893159393344,0.021978646978337797,0.0014313106793694581,0.00018082854619805647,0.0012504821331714017,0.43478260869565216,46,3,"Índice implícito (managers índice, ponderado por valor)",671929448.0223155,3773098590.9286013,1317812551.9776845,21,14
2016-03-31,Utilities,0.008015404730676252,0.007976052691872732,3.93520388035206e-05,0.007352495130914768,0.0006629095997614841,0.007287826681637279,0.0007275780490389738,0.5263157894736842,0.006161122603717003,0.010327466088072093,0.010591398508861016,-0.0025759937781847635,-0.0030901841408537516,0.000514190362668988,0.2608695652173913,46,3,"Índice implícito (managers índice, ponderado por valor)",-64840662.968564086,1175344089.3582642,-575515337.031436,9,12
2016-06-30,Communication Services,0.057967944796115445,0.06022636138653478,-0.0022584165904193376,0.060424522374849826,-0.0024565775787343813,0.06057948781549534,-0.0026115430193798944,0.25,0.04955093215302272,0.06386235357441375,0.08113894078366045,-0.023170995987545004,-0.022521850747555652,-0.0006491452399893516,0.2608695652173913,46,3,"Índice implícito (managers índice, ponderado por valor)",-3774004518.748912,14573197727.005213,2601312518.748912,37,44
2016-06-30,Consumer Discretionary,0.15101863846660227,0.15427067650841553,-0.00325203804181326,0.14830450569251408,0.0027141327740881904,0.15249813520020403,-0.0014794967336017595,0.6,0.13918021311200737,0.1566496414275812,0.14823488647611982,0.002783751990482447,0.005905469383544443,-0.0031217173930619957,0.391304347826087,46,3,"Índice implícito (managers índice, ponderado por valor)",-12780780725.150335,33343329550.314384,2894028725.1503353,91,88
2016-06-30,Consumer Staples,0.05890871949363428,0.06173281794991256,-0.002824098456278283,0.06784257566699606,-0.00893385617336178,0.07052395601977654,-0.011615236526142263,0.05,0.05890871949363428,0.1152949946693621,0.051271959417715694,0.007636760075918583,0.007844018319779933,-0.0002072582438613496,0.45652173913043476,46,3,"Índice implícito (managers índice, ponderado por valor)",-1686090431.710869,10404683230.816578,-904851568.2891309,40,50
2016-06-30,Energy,0.06904161356694881,0.06694619708717528,0.002095416479773529,0.07219796644451065,-0.003156352877561844,0.06915578860490468,-0.0001141750379558687,0.3,0.06653157580995729,0.08498374345118218,0.07132805830898911,-0.002286444742040303,-0.000811238578374826,-0.0014752061636654767,0.2608695652173913,46,3,"Índice implícito (managers índice, ponderado por valor)",2904513238.3669443,10346473417.042595,8755370761.633057,39,31
2016-06-30,Financials,0.21008785566030533,0.2078017067283882,0.0022861489319171147,0.20654801760995262,0.0035398380503527116,0.21002728536815637,6.057029214895371e-05,0.8,0.17987727905775533,0.21569226186776677,0.16866139979868222,0.04142645586162311,0.03846309796405231,0.0029633578975707953,0.6086956521739131,46,3,"Índice implícito (managers índice, ponderado por valor)",6529175717.101296,26048461278.676815,10188311282.898703,112,99
2016-06-30,Health Care,0.11640120680515938,0.11260068554116487,0.003800521263994508,0.11150764937350885,0.004893557431650528,0.11341088549237938,0.0029903213127800005,0.5,0.10991278524278707,0.1367195180022354,0.11608621259319898,0.0003149942119603927,-0.001553133701760509,0.0018681279137209017,0.391304347826087,46,3,"Índice implícito (managers índice, ponderado por valor)",1321629002.0620406,20493941121.052307,8439748997.93796,86,73
2016-06-30,Industrials,0.09205361549066568,0.0942568837394449,-0.002203268248779214,0.09184785049712574,0.00020576499353994193,0.0933184187518244,-0.0012648032611587146,0.65,0.08462403337590017,0.09537148978191957,0.08475465296813338,0.007298962522532301,0.008143397904220015,-0.0008444353816877137,0.41304347826086957,46,3,"Índice implícito (managers índice, ponderado por valor)",2676322871.851133,13450884576.813532,1243657128.1488667,52,47
2016-06-30,Information Technology,0.16439914471716022,0.16345810179774564,0.0009410429194145753,0.16213250020019415,0.0022666445169660654,0.14864204360473246,0.015757101112427757,1.0,0.09948181123838598,0.16439914471716022,0.19081973386008824,-0.026420589142928025,-0.02888239380487634,0.0024618046619483136,0.3695652173913043,46,3,"Índice implícito (managers índice, ponderado por valor)",4246905344.6489406,27211088495.177284,15147968655.351059,83,66
2016-06-30,Materials,0.04820436556254008,0.04728120687283472,0.0009231586897053626,0.051420026114216144,-0.003215660551676061,0.05247333133025405,-0.004268965767713968,0.15,0.04728120687283472,0.06195264355819085,0.05329259872130331,-0.005088233158763229,-0.005442683640214059,0.0003544504814508298,0.2391304347826087,46,3,"Índice implícito (managers índice, ponderado por valor)",1281126305.9719427,7695443975.799934,1643475694.0280573,31,27
2016-06-30,Real Estate,0.02368770923673846,0.023409957657707255,0.0002777515790312046,0.020571296193393443,0.003116413043345017,0.022055367291057004,0.0016323419456814557,0.45,0.02011927875263429,0.03198893159393344,0.02379325457046404,-0.00010554533372558045,0.0014313106793694581,-0.0015368560130950386,0.3695652173913043,46,3,"Índice implícito (managers índice, ponderado por valor)",233552851.53902856,7779043668.560611,3639701148.4609714,23,20
2016-06-30,Utilities,0.00822918620413005,0.008015404730676252,0.00021378147345379843,0.007203089832738438,0.0010260963713916126,0.007315300521215744,0.0009138856829143073,0.65,0.006161122603717003,0.010327466088072093,0.01061830250164473,-0.0023891162975146797,-0.0025759937781847635,0.00018687748067008382,0.2608695652173913,46,3,"Índice implícito (managers índice, ponderado por valor)",-5255141.456394923,1303758512.490569,772507141.4563949,7,10
2016-09-30,Communication Services,0.054507553849030506,0.057967944796115445,-0.003460390947084939,0.059737147550185464,-0.005229593701154958,0.06016643986418119,-0.005658886015150681,0.14285714285714285,0.04955093215302272,0.06386235357441375,0.08935681717717572,-0.03484926332814522,-0.023170995987545004,-0.011678267340600214,0.15217391304347827,46,3,"Índice implícito (managers índice, ponderado por valor)",-1661378606.965053,10833194450.305738,4654720606.965053,33,48
2016-09-30,Consumer Discretionary,0.14575833821923273,0.15101863846660227,-0.005260300247369537,0.14934584409433754,-0.0035875058751048128,0.15224068144991376,-0.006482343230681031,0.2857142857142857,0.13918021311200737,0.1566496414275812,0.1440795791649413,0.0016787590542914343,0.002783751990482447,-0.0011049929361910127,0.391304347826087,46,3,"Índice implícito (managers índice, ponderado por valor)",-5445792756.752069,24551273177.31798,7962666756.752069,91,81
2016-09-30,Consumer Staples,0.05354244806762572,0.05890871949363428,-0.005366271426008561,0.06782076666684961,-0.014278318599223891,0.0685143329623789,-0.014971884894753179,0.047619047619047616,0.05354244806762572,0.1152949946693621,0.04936205370466443,0.00418039436296129,0.007636760075918583,-0.0034563657129572933,0.391304347826087,46,3,"Índice implícito (managers índice, ponderado por valor)",-2133060646.6084466,14008744726.34966,-128804353.39155363,48,55
2016-09-30,Energy,0.06879154952243681,0.06904161356694881,-0.0002500640445119995,0.07442465056012422,-0.00563310103768741,0.06946954332452862,-0.0006779938020918114,0.23809523809523808,0.06653157580995729,0.08498374345118218,0.06494816254372485,0.003843386978711963,-0.002286444742040303,0.006129831720752266,0.30434782608695654,46,3,"Índice implícito (managers índice, ponderado por valor)",6901138644.785019,12690998377.960186,-4200173644.785019,41,35
2016-09-30,Financials,0.21622349444271394,0.21008785566030533,0.006135638782408609,0.2077176217982527,0.008505872644461232,0.2098534615987135,0.0063700328440004506,1.0,0.17987727905775533,0.21622349444271394,0.16754506526126325,0.04867842918145068,0.04142645586162311,0.007251973319827576,0.6521739130434783,46,3,"Índice implícito (managers índice, ponderado por valor)",3390725075.713813,29773770066.65595,11998226924.286186,115,92
2016-09-30,Health Care,0.11185382858940299,0.11640120680515938,-0.00454737821575639,0.11733788063941317,-0.00548405205001018,0.11364139402551227,-0.0017875654361092785,0.19047619047619047,0.10991278524278707,0.1367195180022354,0.11759043718779066,-0.005736608598387677,0.0003149942119603927,-0.00605160281034807,0.34782608695652173,46,3,"Índice implícito (managers índice, ponderado por valor)",3504811850.4865785,21646052398.88339,2202002149.513421,94,92
2016-09-30,Industrials,0.09286325913889319,0.09205361549066568,0.0008096436482275121,0.08964670403564733,0.003216555103245866,0.09309891508878856,-0.00023565594989537197,0.6666666666666666,0.08462403337590017,0.09537148978191957,0.08879579100789779,0.0040674681309954,0.007298962522532301,-0.0032314943915369015,0.34782608695652173,46,3,"Índice implícito (managers índice, ponderado por valor)",1632831537.3056784,15450298070.483232,8027238462.694322,51,45
2016-09-30,Information Technology,0.17153341422638443,0.16439914471716022,0.007134269509224217,0.15544375039831398,0.01608966382807045,0.1522280293746927,0.019305384851691726,1.0,0.09948181123838598,0.17153341422638443,0.1904745965694382,-0.018941182343053753,-0.026420589142928025,0.007479406799874272,0.41304347826086957,46,3,"Índice implícito (managers índice, ponderado por valor)",525762249.2176,34701787195.401,18480110750.782402,99,73
2016-09-30,Materials,0.048113870709494924,0.04820436556254008,-9.049485304515881e-05,0.049549977535583344,-0.0014361068260884194,0.05142325614040586,-0.003309385430910937,0.14285714285714285,0.04728120687283472,0.06195264355819085,0.053504087045333,-0.005390216335838076,-0.005088233158763229,-0.00030198317707484656,0.21739130434782608,46,3,"Índice implícito (managers índice, ponderado por valor)",1906546073.0696044,5579933031.212225,5894929926.930396,29,26
2016-09-30,Real Estate,0.028779225035574663,0.02368770923673846,0.005091515798836203,0.022044667731910248,0.006734557303664415,0.021923982180483387,0.0068552428550912765,0.8571428571428571,0.02011927875263429,0.03198893159393344,0.023967901314752096,0.004811323720822568,-0.00010554533372558045,0.004916869054548148,0.391304347826087,46,3,"Índice implícito (managers índice, ponderado por valor)",2543115897.239399,4703427268.193082,2689039102.760601,20,15
2016-09-30,Utilities,0.008033018199210108,0.00822918620413005,-0.00019616800491994296,0.0069309889893824144,0.0011020292098276934,0.007439963990401258,0.0005930542088088495,0.5238095238095238,0.006161122603717003,0.010327466088072093,0.010375509023018717,-0.002342490823808609,-0.0023891162975146797,4.662547370607069e-05,0.2391304347826087,46,3,"Índice implícito (managers índice, ponderado por valor)",754298879.5979344,1675721191.2741756,350445120.4020655,7,6
2016-12-31,Communication Services,0.05489227017387045,0.054507553849030506,0.00038471632483994683,0.0608404243225912,-0.005948154148720748,0.05936721792619665,-0.004474947752326194,0.18181818181818182,0.04955093215302272,0.06386235357441375,0.08861110726846791,-0.033718837094597456,-0.03484926332814522,0.0011304262335477613,0.19148936170212766,47,3,"Índice implícito (managers índice, ponderado por valor)",278459333.2826102,15550152942.202793,9484125666.71739,40,43
2016-12-31,Consumer Discretionary,0.14466331990673548,0.14575833821923273,-0.0010950183124972535,0.15413248834955912,-0.009469168442823639,0.1508792685488702,-0.006215948642134733,0.2727272727272727,0.13918021311200737,0.1566496414275812,0.14411564645946467,0.0005476734472708022,0.0016787590542914343,-0.001131085607020632,0.3829787234042553,47,3,"Índice implícito (managers índice, ponderado por valor)",266147897.03416994,27061997495.558804,8604376102.96583,98,81
2016-12-31,Consumer Staples,0.05416767870405763,0.05354244806762572,0.0006252306364319116,0.06478556787199516,-0.01061788916793753,0.06546337183254064,-0.011295693128483011,0.09090909090909091,0.05354244806762572,0.1152949946693621,0.04921055119414654,0.004957127509911091,0.00418039436296129,0.0007767331469498012,0.3829787234042553,47,3,"Índice implícito (managers índice, ponderado por valor)",2848756453.5520964,11470845126.714113,753685546.4479035,55,38
2016-12-31,Energy,0.0656584850269514,0.06879154952243681,-0.0031330644954854076,0.06929231558797946,-0.003633830561028062,0.06971496788211763,-0.00405648285516623,0.045454545454545456,0.0656584850269514,0.08498374345118218,0.06507726705254321,0.000581217974408188,0.003843386978711963,-0.003262169004303775,0.23404255319148937,47,3,"Índice implícito (managers índice, ponderado por valor)",7045379256.87201,12971528154.7981,2396530743.1279893,34,48
2016-12-31,Financials,0.21773389573973564,0.21622349444271394,0.0015104012970217073,0.20428449493488207,0.013449400804853573,0.21019438100063997,0.007539514739095671,1.0,0.17987727905775533,0.21773389573973564,0.16535935001757143,0.05237454572216421,0.04867842918145068,0.003696116540713529,0.6382978723404256,47,3,"Índice implícito (managers índice, ponderado por valor)",-20743386856.653934,52127252973.529305,16954750856.653936,126,111
2016-12-31,Health Care,0.10543717535940235,0.11185382858940299,-0.006416653230000638,0.11544752132195092,-0.010010345962548572,0.11388402444383924,-0.008446849084436894,0.045454545454545456,0.10543717535940235,0.1367195180022354,0.11705248384618178,-0.011615308486779427,-0.005736608598387677,-0.00587869988839175,0.2978723404255319,47,3,"Índice implícito (managers índice, ponderado por valor)",5687078862.965315,22455879133.108074,3150406137.0346856,84,88
2016-12-31,Industrials,0.08693519748751745,0.09286325913889319,-0.005928061651375743,0.09537148978191957,-0.008436292294402126,0.09300206689827221,-0.006066869410754766,0.22727272727272727,0.08462403337590017,0.09537148978191957,0.08718038481575578,-0.0002451873282383332,0.0040674681309954,-0.004312655459233733,0.3404255319148936,47,3,"Índice implícito (managers índice, ponderado por valor)",-3685580873.99167,21289867364.208176,8733663873.99167,36,53
2016-12-31,Information Technology,0.18039263807192069,0.17153341422638443,0.008859223845536252,0.15783983803656876,0.022552800035351928,0.15708821056560912,0.023304427506311565,1.0,0.09948181123838598,0.18039263807192069,0.19302281740771998,-0.012630179335799296,-0.018941182343053753,0.0063110030072544565,0.40425531914893614,47,3,"Índice implícito (managers índice, ponderado por valor)",9791443714.47076,36161202404.07079,17779421285.52924,83,70
2016-12-31,Materials,0.05022680515985703,0.048113870709494924,0.0021129344503621056,0.04770540302004078,0.002521402139816248,0.05013555542824431,9.124973161271643e-05,0.2727272727272727,0.04728120687283472,0.06195264355819085,0.0577251909487581,-0.007498385788901073,-0.005390216335838076,-0.002108169453062997,0.2127659574468085,47,3,"Índice implícito (managers índice, ponderado por valor)",279078012.5017905,10865267684.163673,13408331987.498209,32,45
2016-12-31,Real Estate,0.03113114114746044,0.028779225035574663,0.0023519161118857775,0.022324404080640195,0.008806737066820246,0.022783265675839826,0.008347875471620615,0.9545454545454546,0.02011927875263429,0.03198893159393344,0.022085609507565725,0.009045531639894716,0.004811323720822568,0.0042342079190721485,0.44680851063829785,47,3,"Índice implícito (managers índice, ponderado por valor)",-742731771.0640668,8471316929.228648,-1197402228.935933,22,15
2016-12-31,Utilities,0.008761393222491443,0.008033018199210108,0.000728375023281335,0.007976052691872732,0.0007853405306187111,0.007487669797830221,0.001273723424661222,0.6818181818181818,0.006161122603717003,0.010327466088072093,0.010559591481824877,-0.001798198259333434,-0.002342490823808609,0.000544292564475175,0.23404255319148937,47,3,"Índice implícito (managers índice, ponderado por valor)",1983385396.7757328,2639181219.184076,1052563603.2242674,10,6
2017-03-31,Communication Services,0.05916800123000724,0.05489227017387045,0.0042757310561367876,0.06022636138653478,-0.0010583601565275422,0.05838260692717648,0.0007853943028307622,0.391304347826087,0.04955093215302272,0.06386235357441375,0.08898365016039811,-0.02981564893039087,-0.033718837094597456,0.0039031881642065877,0.2127659574468085,47,3,"Índice implícito (managers índice, ponderado por valor)",2291238702.0998197,14335910598.27244,12190088297.90018,50,29
2017-03-31,Consumer Discretionary,0.14681244750596795,0.14466331990673548,0.00214912759923247,0.15427067650841553,-0.007458229002447581,0.15009126817175583,-0.003278820665787885,0.391304347826087,0.13918021311200737,0.1566496414275812,0.14725156303623316,-0.00043911553026521055,0.0005476734472708022,-0.0009867889775360128,0.3404255319148936,47,3,"Índice implícito (managers índice, ponderado por valor)",-19892582.78200388,24617153499.2952,24626669582.782005,84,81
2017-03-31,Consumer Staples,0.05657339304563922,0.05416767870405763,0.0024057143415815926,0.06173281794991256,-0.0051594249042733395,0.06291587360005366,-0.0063424805544144355,0.13043478260869565,0.05354244806762572,0.1152949946693621,0.04940191698994561,0.0071714760556936125,0.004957127509911091,0.0022143485457825213,0.40425531914893614,47,3,"Índice implícito (managers índice, ponderado por valor)",1783217411.334002,12683939324.38351,9722880588.665998,57,44
2017-03-31,Energy,0.06552570058131715,0.0656584850269514,-0.00013278444563424863,0.06694619708717528,-0.0014204965058581265,0.0694107557560892,-0.0038850551747720424,0.043478260869565216,0.06552570058131715,0.08498374345118218,0.061153777412753095,0.004371923168564058,0.000581217974408188,0.0037907051941558703,0.2553191489361702,47,3,"Índice implícito (managers índice, ponderado por valor)",1253808011.706726,15969319751.522978,4628401988.293274,37,42
2017-03-31,Financials,0.20959871754627457,0.21773389573973564,-0.008135178193461073,0.2078017067283882,0.0017970108178863575,0.21044958523463606,-0.0008508676883614841,0.6956521739130435,0.17987727905775533,0.21773389573973564,0.1598089893433657,0.04978972820290886,0.05237454572216421,-0.00258481751925535,0.6382978723404256,47,3,"Índice implícito (managers índice, ponderado por valor)",-16278020069.321627,48119799003.43304,31124562069.321625,121,106
2017-03-31,Health Care,0.10346909225107585,0.10543717535940235,-0.001968083108326496,0.11260068554116487,-0.009131593290089016,0.11272311048343636,-0.009254018232360509,0.043478260869565216,0.10346909225107585,0.1367195180022354,0.11389305882920961,-0.010423966578133756,-0.011615308486779427,0.0011913419086456711,0.2553191489361702,47,3,"Índice implícito (managers índice, ponderado por valor)",5858462049.287255,24118786668.563652,9205414950.712744,81,78
2017-03-31,Industrials,0.08930505738663087,0.08693519748751745,0.0023698598991134245,0.0942568837394449,-0.0049518263528140205,0.0920540753888372,-0.0027490180022063243,0.391304347826087,0.08462403337590017,0.09537148978191957,0.09037394449967319,-0.001068887113042316,-0.0002451873282383332,-0.0008236997848039829,0.3191489361702128,47,3,"Índice implícito (managers índice, ponderado por valor)",730106193.9285212,11059940330.908234,21514298806.07148,37,40
2017-03-31,Information Technology,0.18047386014629047,0.18039263807192069,8.122207436978002e-05,0.16345810179774564,0.017015758348544824,0.1625750324937778,0.01789882765251266,1.0,0.09948181123838598,0.18047386014629047,0.19115467552666116,-0.01068081538037069,-0.012630179335799296,0.0019493639554286069,0.44680851063829785,47,3,"Índice implícito (managers índice, ponderado por valor)",4183826489.657504,29242555172.807934,30466892510.342495,63,79
2017-03-31,Materials,0.05172466223761791,0.05022680515985703,0.0014978570777608793,0.04728120687283472,0.004443455364783189,0.04942523984386729,0.002299422393750618,0.391304347826087,0.04728120687283472,0.06195264355819085,0.06444643190820086,-0.012721769670582951,-0.007498385788901073,-0.005223383881681878,0.2127659574468085,47,3,"Índice implícito (managers índice, ponderado por valor)",-3982812558.1568713,16563946665.685875,22446937558.15687,19,26
2017-03-31,Real Estate,0.028529099734861355,0.03113114114746044,-0.0026020414125990862,0.023409957657707255,0.005119142077154099,0.024159748475193095,0.00436935125966826,0.7391304347826086,0.02011927875263429,0.03198893159393344,0.02412904401097142,0.004400055723889934,0.009045531639894716,-0.004645475916004782,0.3617021276595745,47,3,"Índice implícito (managers índice, ponderado por valor)",-102258216.05626969,6943469095.026649,4197418216.0562696,18,24
2017-03-31,Utilities,0.008819968334317387,0.008761393222491443,5.8575111825944284e-05,0.008015404730676252,0.0008045636036411348,0.007812703625177025,0.0010072647091403618,0.6956521739130435,0.006161122603717003,0.010327466088072093,0.009402948282588097,-0.0005829799482707093,-0.001798198259333434,0.0012152183110627247,0.2553191489361702,47,3,"Índice implícito (managers índice, ponderado por valor)",1607526889.6973364,1936655736.1798635,-424496889.69733644,12,4
2017-06-30,Communication Services,0.06125612893789128,0.05916800123000724,0.0020881277078840382,0.057967944796115445,0.0032881841417758337,0.05847052821039811,0.002785600727493169,0.7916666666666666,0.04955093215302272,0.06386235357441375,0.08688638630022659,-0.02563025736233531,-0.02981564893039087,0.0041853915680555576,0.23404255319148937,47,3,"Índice implícito (managers índice, ponderado por valor)",7454989166.600052,14583165854.641277,3187334833.399948,63,32
2017-06-30,Consumer Discretionary,0.14938337514530417,0.14681244750596795,0.0025709276393362235,0.15101863846660227,-0.0016352633212980971,0.14928828234292058,9.509280238359508e-05,0.5416666666666666,0.13918021311200737,0.1566496414275812,0.14951044967432028,-0.0001270745290161135,-0.00043911553026521055,0.00031204100124909706,0.3404255319148936,47,3,"Índice implícito (managers índice, ponderado por valor)",6185542127.789444,32744666350.607292,13250126872.210556,97,70
2017-06-30,Consumer Staples,0.05352778127545166,0.05657339304563922,-0.003045611770187563,0.05890871949363428,-0.00538093821818262,0.06067174593333878,-0.007143964657887122,0.041666666666666664,0.05352778127545166,0.1152949946693621,0.0511628606254675,0.0023649206499841563,0.0071714760556936125,-0.004806555405709456,0.3829787234042553,47,3,"Índice implícito (managers índice, ponderado por valor)",1516748720.0227435,11090410147.198973,5798824279.977257,43,42
2017-06-30,Energy,0.06482494569733804,0.06552570058131715,-0.00070075488397911,0.06904161356694881,-0.004216667869610766,0.06898480979718047,-0.004159864099842425,0.041666666666666664,0.06482494569733804,0.08498374345118218,0.06100882924131594,0.0038161164560221034,0.004371923168564058,-0.000555806712541955,0.2765957446808511,47,3,"Índice implícito (managers índice, ponderado por valor)",6995740384.340275,14576260559.647638,935247615.6597247,54,39
2017-06-30,Financials,0.21016647588838386,0.20959871754627457,0.0005677583421092869,0.21008785566030533,7.862022807852975e-05,0.20999947555756313,0.0001670003308207324,0.75,0.17987727905775533,0.21773389573973564,0.16247596343274687,0.04769051245563699,0.04978972820290886,-0.002099215747271871,0.6382978723404256,47,3,"Índice implícito (managers índice, ponderado por valor)",49374316.513671294,48919832453.66256,14700431683.486328,116,106
2017-06-30,Health Care,0.09761593466261498,0.10346909225107585,-0.005853157588460875,0.11640120680515938,-0.0187852721425444,0.1117568799851348,-0.014140945322519818,0.041666666666666664,0.09761593466261498,0.1367195180022354,0.11317142228397409,-0.01555548762135911,-0.010423966578133756,-0.005131521043225354,0.2127659574468085,47,3,"Índice implícito (managers índice, ponderado por valor)",-972918193.3546795,29030061162.61986,5337918193.354679,75,89
2017-06-30,Industrials,0.09072987117994573,0.08930505738663087,0.0014248137933148552,0.09205361549066568,-0.0013237443107199515,0.0915350071947306,-0.0008051360147848657,0.5416666666666666,0.08462403337590017,0.09537148978191957,0.08678693568853123,0.003942935491414501,-0.001068887113042316,0.005011822604456817,0.2978723404255319,47,3,"Índice implícito (managers índice, ponderado por valor)",-5152708806.938182,19700342860.95654,6302618806.938182,44,54
2017-06-30,Information Technology,0.18379568217396652,0.18047386014629047,0.003321822027676058,0.16439914471716022,0.019396537456806306,0.16695915594932229,0.016836526224644238,1.0,0.09948181123838598,0.18379568217396652,0.1960567436380923,-0.012261061464125783,-0.01068081538037069,-0.0015802460837550936,0.44680851063829785,47,3,"Índice implícito (managers índice, ponderado por valor)",19851595295.077366,45982509480.66662,25540845704.922634,83,64
2017-06-30,Materials,0.05047751365186811,0.05172466223761791,-0.0012471485857497994,0.04820436556254008,0.0022731480893280268,0.049278289651523116,0.0011992240003449936,0.2916666666666667,0.04728120687283472,0.06195264355819085,0.06047689050156904,-0.009999376849700932,-0.012721769670582951,0.002722392820882019,0.19148936170212766,47,3,"Índice implícito (managers índice, ponderado por valor)",13868941893.002224,21998263759.170677,-5363103893.002224,33,25
2017-06-30,Real Estate,0.027611161936365047,0.028529099734861355,-0.0009179377984963079,0.02368770923673846,0.003923452699626587,0.025059687602285757,0.00255147433407929,0.6666666666666666,0.02011927875263429,0.03198893159393344,0.022497707309323038,0.0051134546270420085,0.004400055723889934,0.0007133989031520745,0.3617021276595745,47,3,"Índice implícito (managers índice, ponderado por valor)",2498629965.324998,5950187076.173651,-1468269965.324998,22,20
2017-06-30,Utilities,0.01061112945087063,0.008819968334317387,0.0017911611165532422,0.00822918620413005,0.0023819432467405786,0.007996137775602354,0.002614991675268276,1.0,0.006161122603717003,0.01061112945087063,0.00996581130443311,0.000645318146437519,-0.0005829799482707093,0.0012282980947082283,0.2765957446808511,47,3,"Índice implícito (managers índice, ponderado por valor)",3696049445.0956435,4415897933.332775,1391010554.9043567,15,6
2017-09-30,Communication Services,0.060759369702345065,0.06125612893789128,-0.0004967592355462139,0.054507553849030506,0.006251815853314559,0.058574479030778295,0.0021848906715667693,0.52,0.04955093215302272,0.06386235357441375,0.08555391374080638,-0.02479454403846132,-0.02563025736233531,0.0008357133238739919,0.2765957446808511,47,3,"Índice implícito (managers índice, ponderado por valor)",-3532973393.8567743,14694457612.525734,11396196393.856773,39,38
2017-09-30,Consumer Discretionary,0.1517182182150182,0.14938337514530417,0.002334843069714043,0.14575833821923273,0.005959879995785483,0.14942314102451934,0.002295077190498873,0.8,0.13918021311200737,0.1566496414275812,0.1527223493425524,-0.0010041311275341969,-0.0001270745290161135,-0.0008770565985180834,0.3404255319148936,47,3,"Índice implícito (managers índice, ponderado por valor)",13843441563.73462,41617365894.3631,15840303436.265383,88,85
2017-09-30,Consumer Staples,0.05334593400534871,0.05352778127545166,-0.00018184727010294582,0.05354244806762572,-0.0001965140622770048,0.058882396634395734,-0.005536462629047022,0.04,0.05334593400534871,0.1152949946693621,0.05089627007662916,0.0024496639287195504,0.0023649206499841563,8.474327873539411e-05,0.3829787234042553,47,3,"Índice implícito (managers índice, ponderado por valor)",-438159224.62861025,12972891398.129599,4978446224.628611,41,56
2017-09-30,Energy,0.062141503818990265,0.06482494569733804,-0.002683441878347778,0.06879154952243681,-0.006650045703446544,0.06806318220378389,-0.005921678384793627,0.04,0.062141503818990265,0.08498374345118218,0.056823686233195,0.005317817585795262,0.0038161164560221034,0.0015017011297731586,0.2765957446808511,47,3,"Índice implícito (managers índice, ponderado por valor)",1042713102.5902188,12003765333.392342,-3296740102.5902185,41,31
2017-09-30,Financials,0.21015262085020392,0.21016647588838386,-1.3855038179938495e-05,0.21622349444271394,-0.006070873592510018,0.21045178284236704,-0.00029916199216312167,0.72,0.17987727905775533,0.21773389573973564,0.1614926561547919,0.048659964695412006,0.04769051245563699,0.0009694522397750149,0.6170212765957447,47,3,"Índice implícito (managers índice, ponderado por valor)",-4722257263.846539,34476190326.326996,24184752263.84654,108,105
2017-09-30,Health Care,0.0960575769571039,0.09761593466261498,-0.0015583577055110764,0.11185382858940299,-0.015796251632299085,0.11002041564627306,-0.013962838689169157,0.04,0.0960575769571039,0.1367195180022354,0.1149553665880711,-0.018897789630967193,-0.01555548762135911,-0.0033423020096080835,0.19148936170212766,47,3,"Índice implícito (managers índice, ponderado por valor)",4472466475.254331,33936116899.355007,12910934524.74567,80,90
2017-09-30,Industrials,0.09371805936177346,0.09072987117994573,0.002988188181827736,0.09286325913889319,0.0008548002228802726,0.09139525978008309,0.002322799581690377,0.84,0.08462403337590017,0.09537148978191957,0.09121174990471698,0.002506309457056488,0.003942935491414501,-0.0014366260343580128,0.3404255319148936,47,3,"Índice implícito (managers índice, ponderado por valor)",4633851617.260273,20967066512.886513,15615402382.739727,48,40
2017-09-30,Information Technology,0.1890239952044533,0.18379568217396652,0.005228313030486764,0.17153341422638443,0.017490580978068854,0.16966705369604385,0.019356941508409442,1.0,0.09948181123838598,0.1890239952044533,0.19726532248607925,-0.008241327281625965,-0.012261061464125783,0.004019734182499818,0.40425531914893614,47,3,"Índice implícito (managers índice, ponderado por valor)",12334706349.092678,42239395190.300514,35275963650.907326,78,72
2017-09-30,Materials,0.044743692640133774,0.05047751365186811,-0.005733821011734336,0.048113870709494924,-0.0033701780693611502,0.04916047559372961,-0.004416782953595835,0.04,0.044743692640133774,0.06195264355819085,0.056213782010453205,-0.01147008937031943,-0.009999376849700932,-0.0014707125206184987,0.19148936170212766,47,3,"Índice implícito (managers índice, ponderado por valor)",-19176477765.38732,28693780888.679047,-417180234.6126771,27,35
2017-09-30,Real Estate,0.028360892574670987,0.027611161936365047,0.0007497306383059399,0.028779225035574663,-0.00041833246090367676,0.025939670820157208,0.002421221754513779,0.72,0.02011927875263429,0.03198893159393344,0.02200981582124939,0.006351076753421597,0.0051134546270420085,0.001237622126379588,0.3617021276595745,47,3,"Índice implícito (managers índice, ponderado por valor)",1792620956.6304014,4338794396.32388,1598284043.3695986,19,13
2017-09-30,Utilities,0.009978136669958391,0.01061112945087063,-0.0006329927809122383,0.008033018199210108,0.0019451184707482833,0.008422142727868877,0.0015559939420895143,0.92,0.006161122603717003,0.01061112945087063,0.010855087641455194,-0.0008769509714968027,0.000645318146437519,-0.0015222691179343217,0.2765957446808511,47,3,"Índice implícito (managers índice, ponderado por valor)",-3100484205.879542,6243379396.355441,1883296205.8795419,9,13
2017-12-31,Communication Services,0.060603274898855045,0.060759369702345065,-0.00015609480349002003,0.05489227017387045,0.005711004724984592,0.05870225679979825,0.0019010180990567949,0.5,0.04955093215302272,0.06386235357441375,0.08385025874176447,-0.02324698384290942,-0.02479454403846132,0.0015475601955518975,0.2765957446808511,47,3,"Índice implícito (managers índice, ponderado por valor)",4140324670.577261,13710173782.249855,14321806329.422739,42,27
2017-12-31,Consumer Discretionary,0.1503964824178623,0.1517182182150182,-0.0013217357971559152,0.14466331990673548,0.005733162511126821,0.14971968778960443,0.0006767946282578707,0.5769230769230769,0.13918021311200737,0.1566496414275812,0.16258137404898093,-0.012184891631118633,-0.0010041311275341969,-0.011180760503584436,0.3404255319148936,47,3,"Índice implícito (managers índice, ponderado por valor)",24156797347.261345,56540202138.21197,30509619652.738655,105,77
2017-12-31,Consumer Staples,0.05246482463577609,0.05334593400534871,-0.0008811093695726205,0.05416767870405763,-0.0017028540682815368,0.05707304255170812,-0.004608217915932029,0.038461538461538464,0.05246482463577609,0.1152949946693621,0.04977072254561459,0.0026941020901615,0.0024496639287195504,0.0002444381614419497,0.3829787234042553,47,3,"Índice implícito (managers índice, ponderado por valor)",9947201564.26721,17826643266.72272,4862865435.732789,54,37
2017-12-31,Energy,0.06148078433418412,0.062141503818990265,-0.0006607194848061437,0.0656584850269514,-0.0041777006927672805,0.06652778886114216,-0.0050470045269580405,0.038461538461538464,0.06148078433418412,0.08498374345118218,0.06089316497844385,0.0005876193557402681,0.005317817585795262,-0.004730198230054994,0.23404255319148937,47,3,"Índice implícito (managers índice, ponderado por valor)",-597426888.9294984,12249184981.897564,8932183888.929499,47,36
2017-12-31,Financials,0.2078325355829564,0.21015262085020392,-0.002320085267247529,0.21773389573973564,-0.009901360156779254,0.21075615772386094,-0.0029236221409045526,0.5769230769230769,0.17987727905775533,0.21773389573973564,0.1546463129216409,0.05318622266131548,0.048659964695412006,0.004526257965903474,0.6170212765957447,47,3,"Índice implícito (managers índice, ponderado por valor)",14700798114.750132,51979325127.67401,18810247885.24987,117,115
2017-12-31,Health Care,0.09507807389519522,0.0960575769571039,-0.0009795030619086792,0.10543717535940235,-0.010359101464207127,0.1073603776859844,-0.012282303790789179,0.038461538461538464,0.09507807389519522,0.1367195180022354,0.11216591634563416,-0.017087842450438942,-0.018897789630967193,0.0018099471805282513,0.23404255319148937,47,3,"Índice implícito (managers índice, ponderado por valor)",2017316546.3828511,31837256169.01523,15448565453.61715,86,80
2017-12-31,Industrials,0.09650862673468343,0.09371805936177346,0.0027905673729099606,0.08693519748751745,0.009573429247165977,0.09190417919584885,0.004604447538834572,1.0,0.08462403337590017,0.09650862673468343,0.0910955311757067,0.005413095558976719,0.002506309457056488,0.0029067861019202307,0.3191489361702128,47,3,"Índice implícito (managers índice, ponderado por valor)",11924220730.660887,23848846606.777008,16980943269.339113,46,41
2017-12-31,Information Technology,0.19414018783477952,0.1890239952044533,0.005116192630326227,0.18039263807192069,0.01374754976285883,0.17386458429681123,0.020275603537968284,1.0,0.09948181123838598,0.19414018783477952,0.19929675897389362,-0.005156571139114108,-0.008241327281625965,0.0030847561425118575,0.40425531914893614,47,3,"Índice implícito (managers índice, ponderado por valor)",-334933039.27139187,36350416718.88636,51976146039.27139,72,71
2017-12-31,Materials,0.04382725001212725,0.044743692640133774,-0.0009164426280065252,0.05022680515985703,-0.006399555147729781,0.048559689981798417,-0.004732439969671168,0.038461538461538464,0.04382725001212725,0.06195264355819085,0.055266061470626564,-0.011438811458499315,-0.01147008937031943,3.1277911820115634e-05,0.23404255319148937,47,3,"Índice implícito (managers índice, ponderado por valor)",4810065193.720088,11495869617.65255,6590310806.279911,40,26
2017-12-31,Real Estate,0.02811735973542926,0.028360892574670987,-0.0002435328392417259,0.03113114114746044,-0.00301378141203118,0.026729198925502302,0.0013881608099269582,0.6538461538461539,0.02011927875263429,0.03198893159393344,0.020861173477879826,0.0072561862575494344,0.006351076753421597,0.0009051095041278379,0.40425531914893614,47,3,"Índice implícito (managers índice, ponderado por valor)",-1643677151.168969,11010202786.047747,1538891151.168969,19,10
2017-12-31,Utilities,0.009550599918151367,0.009978136669958391,-0.0004275367518070238,0.008761393222491443,0.0007892066956599244,0.008803036187940875,0.0007475637302104925,0.7692307692307693,0.006161122603717003,0.01061112945087063,0.009572725319814356,-2.2125401662988903e-05,-0.0008769509714968027,0.0008548255698338138,0.2978723404255319,47,3,"Índice implícito (managers índice, ponderado por valor)",-1268639752.5882235,5487301497.15382,-257496247.41177657,13,9
2018-03-31,Communication Services,0.059129510371082945,0.060603274898855045,-0.0014737645277720993,0.05916800123000724,-3.8490858924294935e-05,0.058672613121831224,0.0004568972492517212,0.3333333333333333,0.04955093215302272,0.06386235357441375,0.08425623444538535,-0.025126724074302408,-0.02324698384290942,-0.001879740231392986,0.2765957446808511,47,3,"Índice implícito (managers índice, ponderado por valor)",134606715.7149881,13474641813.676044,2928319284.285012,36,39
2018-03-31,Consumer Discretionary,0.14953969567689349,0.1503964824178623,-0.0008567867409688124,0.14681244750596795,0.002727248170925539,0.14925268704814235,0.00028700862875113975,0.5185185185185185,0.13918021311200737,0.1566496414275812,0.16421942208814724,-0.014679726411253757,-0.012184891631118633,-0.0024948347801351245,0.2978723404255319,47,3,"Índice implícito (managers índice, ponderado por valor)",883179830.2784545,35128135708.423706,10173027169.721546,96,79
2018-03-31,Consumer Staples,0.05312175669531776,0.05246482463577609,0.0006569320595416692,0.05657339304563922,-0.0034516363503214603,0.05553294964718073,-0.00241119295186297,0.07407407407407407,0.05246482463577609,0.1152949946693621,0.04908670739952395,0.004035049295793812,0.0026941020901615,0.0013409472056323118,0.3404255319148936,47,3,"Índice implícito (managers índice, ponderado por valor)",-2696204958.576914,18088933369.511837,-2058567041.423086,61,43
2018-03-31,Energy,0.06331485547406551,0.06148078433418412,0.0018340711398813908,0.06552570058131715,-0.002210845107251641,0.06555134745441774,-0.002236491980352223,0.1111111111111111,0.06148078433418412,0.08498374345118218,0.05896164431156997,0.0043532111624955405,0.0005876193557402681,0.0037655918067552724,0.2765957446808511,47,3,"Índice implícito (managers índice, ponderado por valor)",6682034339.30247,18077148645.19015,-2404217339.3024707,37,40
2018-03-31,Financials,0.20481389107018216,0.2078325355829564,-0.0030186445127742267,0.20959871754627457,-0.0047848264760924075,0.21119966280487024,-0.006385771734688073,0.4444444444444444,0.17987727905775533,0.21773389573973564,0.15301911518247008,0.051794775887712086,0.05318622266131548,-0.0013914467736033942,0.6382978723404256,47,3,"Índice implícito (managers índice, ponderado por valor)",11373066458.722727,42758797409.56757,-5161328458.722727,126,108
2018-03-31,Health Care,0.09390850938579816,0.09507807389519522,-0.0011695645093970641,0.10346909225107585,-0.009560582865277695,0.10481419675763995,-0.01090568737184179,0.037037037037037035,0.09390850938579816,0.1367195180022354,0.11268274010818027,-0.018774230722382115,-0.017087842450438942,-0.0016863882719431733,0.2127659574468085,47,3,"Índice implícito (managers índice, ponderado por valor)",3299506037.7935224,21467444313.830723,-5093704037.793523,80,71
2018-03-31,Industrials,0.09675656348735238,0.09650862673468343,0.0002479367526689591,0.08930505738663087,0.007451506100721511,0.09204632131494433,0.0047102421724080495,1.0,0.08462403337590017,0.09675656348735238,0.09580357673140112,0.0009529867559512628,0.005413095558976719,-0.004460108803025456,0.3404255319148936,47,3,"Índice implícito (managers índice, ponderado por valor)",6699134972.514993,21570072098.111637,-4355941972.514993,39,34
2018-03-31,Information Technology,0.19662014552144177,0.19414018783477952,0.0024799576866622597,0.18047386014629047,0.01614628537515131,0.1784021280215876,0.01821801749985416,1.0,0.09948181123838598,0.19662014552144177,0.19381078461851917,0.0028093609029226085,-0.005156571139114108,0.007965932042036716,0.46808510638297873,47,3,"Índice implícito (managers índice, ponderado por valor)",1058733817.8317779,66636121323.48165,24262753182.16822,84,75
2018-03-31,Materials,0.043638323678543776,0.04382725001212725,-0.00018892633358347233,0.05172466223761791,-0.008086338559074133,0.04807492085580923,-0.004436597177265453,0.037037037037037035,0.043638323678543776,0.06195264355819085,0.05620003565446223,-0.012561711975918453,-0.011438811458499315,-0.0011229005174191384,0.2127659574468085,47,3,"Índice implícito (managers índice, ponderado por valor)",4711636781.659218,18710515846.806126,-1587834781.6592183,29,31
2018-03-31,Real Estate,0.029032919519230076,0.02811735973542926,0.0009155597838008157,0.028529099734861355,0.0005038197843687219,0.027453318382350933,0.0015796011368791434,0.8888888888888888,0.02011927875263429,0.03198893159393344,0.021376287673804305,0.007656631845425772,0.0072561862575494344,0.00040044558787633716,0.2978723404255319,47,3,"Índice implícito (managers índice, ponderado por valor)",-3324633802.073221,9556471739.16698,3358996802.073221,18,22
2018-03-31,Utilities,0.01012382912009194,0.009550599918151367,0.0005732292019405734,0.008819968334317387,0.0013038607857745535,0.008999854591225704,0.001123974528866237,0.9259259259259259,0.006161122603717003,0.01061112945087063,0.010583451786536312,-0.0004596226664443717,-2.2125401662988903e-05,-0.0004374972647813828,0.2765957446808511,47,3,"Índice implícito (managers índice, ponderado por valor)",1971244438.0958242,3939129697.9317846,2833700561.9041758,10,9
2018-06-30,Communication Services,0.05960015114104354,0.059129510371082945,0.0004706407699605966,0.06125612893789128,-0.0016559777968477365,0.05853550674489975,0.0010646443961437949,0.39285714285714285,0.04955093215302272,0.06386235357441375,0.08766806938135908,-0.028067918240315542,-0.025126724074302408,-0.002941194166013135,0.2765957446808511,47,3,"Índice implícito (managers índice, ponderado por valor)",3127383385.69763,36747854225.56722,6399387614.30237,54,35
2018-06-30,Consumer Discretionary,0.15088045065132868,0.14953969567689349,0.0013407549744351988,0.14938337514530417,0.0014970755060245144,0.14866131444420205,0.002219136207126632,0.6071428571428571,0.13918021311200737,0.1566496414275812,0.1670904045496907,-0.016209953898362023,-0.014679726411253757,-0.0015302274871082655,0.3191489361702128,47,3,"Índice implícito (managers índice, ponderado por valor)",-3645610931.0916467,44360333946.28948,14593750931.091646,88,93
2018-06-30,Consumer Staples,0.05176148788786305,0.05312175669531776,-0.001360268807454712,0.05352778127545166,-0.0017662933875886092,0.054456566990356385,-0.0026950791024933363,0.03571428571428571,0.05176148788786305,0.1152949946693621,0.050412507895642944,0.0013489799922201048,0.004035049295793812,-0.002686069303573707,0.3617021276595745,47,3,"Índice implícito (managers índice, ponderado por valor)",155773507.5518174,13614728251.411766,3652474492.4481826,42,48
2018-06-30,Energy,0.06274149215815836,0.06331485547406551,-0.000573363315907155,0.06482494569733804,-0.002083453539179686,0.06509742975277902,-0.0023559375946206607,0.10714285714285714,0.06148078433418412,0.08498374345118218,0.05767388596347708,0.00506760619468128,0.0043532111624955405,0.0007143950321857398,0.2553191489361702,47,3,"Índice implícito (managers índice, ponderado por valor)",1340222924.5592804,19546901092.80463,4247129075.4407196,47,34
2018-06-30,Financials,0.2048899132915443,0.20481389107018216,7.602222136213199e-05,0.21016647588838386,-0.005276562596839562,0.21082618584759447,-0.005936272556050171,0.4642857142857143,0.17987727905775533,0.21773389573973564,0.14937610712650584,0.055513806165038454,0.051794775887712086,0.0037190302773263684,0.6808510638297872,47,3,"Índice implícito (managers índice, ponderado por valor)",-5336265183.328285,40730036993.84429,-355035816.6717145,121,100
2018-06-30,Health Care,0.09190936458147288,0.09390850938579816,-0.0019991448043252813,0.09761593466261498,-0.005706570081142101,0.1024776747382191,-0.010568310156746225,0.03571428571428571,0.09190936458147288,0.1367195180022354,0.10866396383683093,-0.01675459925535805,-0.018774230722382115,0.002019631467024066,0.2553191489361702,47,3,"Índice implícito (managers índice, ponderado por valor)",1412348255.1551976,32909182638.726944,248296744.8448022,95,78
2018-06-30,Industrials,0.09618187428474843,0.09675656348735238,-0.0005746892026039507,0.09072987117994573,0.005452003104802705,0.09235878128343278,0.0038230930013156555,0.9285714285714286,0.08462403337590017,0.09675656348735238,0.09861772369379149,-0.0024358494090430532,0.0009529867559512628,-0.003388836164994316,0.3404255319148936,47,3,"Índice implícito (managers índice, ponderado por valor)",-6144003141.824218,21106823582.40668,14884375141.824219,47,44
2018-06-30,Information Technology,0.1969093623811052,0.19662014552144177,0.0002892168596634326,0.18379568217396652,0.013113680207138684,0.1825473834870496,0.014361978894055605,1.0,0.09948181123838598,0.1969093623811052,0.19235211059436869,0.004557251786736521,0.0028093609029226085,0.0017478908838139129,0.44680851063829785,47,3,"Índice implícito (managers índice, ponderado por valor)",-3316065807.047775,50875494314.536835,10717550807.047775,73,76
2018-06-30,Materials,0.044993958831904955,0.043638323678543776,0.0013556351533611788,0.05047751365186811,-0.0054835548199631545,0.04761956045652286,-0.0026256016246179043,0.14285714285714285,0.043638323678543776,0.06195264355819085,0.05553201426967236,-0.010538055437767403,-0.012561711975918453,0.00202365653815105,0.2127659574468085,47,3,"Índice implícito (managers índice, ponderado por valor)",7012118594.053051,20424275881.161617,115499405.94694886,37,26
2018-06-30,Real Estate,0.02944296228661016,0.029032919519230076,0.00041004276738008244,0.027611161936365047,0.0018318003502451122,0.028156188615041284,0.001286773671568875,0.9285714285714286,0.02011927875263429,0.03198893159393344,0.021365866313515496,0.008077095973094663,0.007656631845425772,0.0004204641276688917,0.2553191489361702,47,3,"Índice implícito (managers índice, ponderado por valor)",-3741153729.8858566,6211261932.471427,2775850729.885856,16,22
2018-06-30,Utilities,0.010688982504220425,0.01012382912009194,0.0005651533841284848,0.01061112945087063,7.785305334979606e-05,0.009263407639902663,0.001425574864317762,1.0,0.006161122603717003,0.010688982504220425,0.011247346375145387,-0.0005583638709249616,-0.0004596226664443717,-9.874120448058986e-05,0.2765957446808511,47,3,"Índice implícito (managers índice, ponderado por valor)",-194281959.0502487,6091333302.10135,1212057959.0502489,12,9
2018-09-30,Communication Services,0.05903299106541015,0.05960015114104354,-0.0005671600756333925,0.060759369702345065,-0.0017263786369349152,0.05873953253801576,0.0002934585273943885,0.3103448275862069,0.04955093215302272,0.06386235357441375,0.09043980365911006,-0.03140681259369991,-0.028067918240315542,-0.0033388943533843654,0.2765957446808511,47,3,"Índice implícito (managers índice, ponderado por valor)",8281982239.759557,33254292471.69748,23098204760.240444,53,43
2018-09-30,Consumer Discretionary,0.14826950439405662,0.15088045065132868,-0.0026109462572720676,0.1517182182150182,-0.0034487138209615964,0.1486440409672929,-0.00037453657323627265,0.3793103448275862,0.13918021311200737,0.1566496414275812,0.1770527822951053,-0.028783277901048676,-0.016209953898362023,-0.012573324002686653,0.2978723404255319,47,3,"Índice implícito (managers índice, ponderado por valor)",3903182345.913643,67402755006.586105,33900205654.086357,103,85
2018-09-30,Consumer Staples,0.052894988056792346,0.05176148788786305,0.0011335001689292967,0.05334593400534871,-0.0004509459485563666,0.05356316303963498,-0.0006681749828426342,0.10344827586206896,0.05176148788786305,0.1152949946693621,0.044076805982839466,0.00881818207395288,0.0013489799922201048,0.0074692020817327745,0.425531914893617,47,3,"Índice implícito (managers índice, ponderado por valor)",9288695668.23183,14195233550.937883,6785478331.76817,57,38
2018-09-30,Energy,0.05850091672866839,0.06274149215815836,-0.004240575429489968,0.062141503818990265,-0.0036405870903218757,0.06430991457668021,-0.005808997848011824,0.034482758620689655,0.05850091672866839,0.08498374345118218,0.051139906125220104,0.0073610106034482856,0.00506760619468128,0.0022934044087670052,0.2553191489361702,47,3,"Índice implícito (managers índice, ponderado por valor)",-1219054579.9131548,11643658209.552292,268216579.91315475,30,40
2018-09-30,Financials,0.19993296882491188,0.2048899132915443,-0.004956944466632418,0.21015262085020392,-0.010219652025292042,0.21017644305149935,-0.010243474226587473,0.3103448275862069,0.17987727905775533,0.21773389573973564,0.14416997497021242,0.05576299385469946,0.055513806165038454,0.0002491876896610068,0.6595744680851063,47,3,"Índice implícito (managers índice, ponderado por valor)",17572610546.058296,68300837442.71763,42098518453.9417,132,108
2018-09-30,Health Care,0.08686710713263314,0.09190936458147288,-0.005042257448839738,0.0960575769571039,-0.009190469824470762,0.09941619446025829,-0.01254908732762515,0.034482758620689655,0.08686710713263314,0.1367195180022354,0.1059103470919578,-0.019043239959324665,-0.01675459925535805,-0.0022886407039666157,0.19148936170212766,47,3,"Índice implícito (managers índice, ponderado por valor)",-1904389044.9900522,23383581113.66993,10381930044.990053,84,82
2018-09-30,Industrials,0.0977948594371799,0.09618187428474843,0.0016129851524314676,0.09371805936177346,0.0040768000754064365,0.09287481363269312,0.004920045804486781,1.0,0.08462403337590017,0.0977948594371799,0.09317197140960556,0.004622888027574337,-0.0024358494090430532,0.0070587374366173905,0.2978723404255319,47,3,"Índice implícito (managers índice, ponderado por valor)",-4923592150.890687,36142738432.66467,21159388150.890686,48,42
2018-09-30,Information Technology,0.21497545797477668,0.1969093623811052,0.018066095593671477,0.1890239952044533,0.025951462770323397,0.18661116069504274,0.02836429727973394,1.0,0.09948181123838598,0.21497545797477668,0.21127050895254584,0.003704949022230841,0.004557251786736521,-0.0008523027645056802,0.46808510638297873,47,3,"Índice implícito (managers índice, ponderado por valor)",31521185140.391933,64992689949.977264,111813253859.60806,87,77
2018-09-30,Materials,0.041635847094901444,0.044993958831904955,-0.0033581117370035107,0.044743692640133774,-0.0031078455452323295,0.047218259615193464,-0.00558241252029202,0.034482758620689655,0.041635847094901444,0.06195264355819085,0.05372396644907529,-0.012088119354173844,-0.010538055437767403,-0.0015500639164064411,0.2127659574468085,47,3,"Índice implícito (managers índice, ponderado por valor)",-16215943046.801863,26268734171.84327,5127767046.801864,24,33
2018-09-30,Real Estate,0.029758659470649682,0.02944296228661016,0.0003156971840395234,0.028360892574670987,0.0013977668959786957,0.02887559524627525,0.0008830642243744316,0.9310344827586207,0.02011927875263429,0.03198893159393344,0.020410564036883124,0.009348095433766558,0.008077095973094663,0.0012709994606718948,0.2978723404255319,47,3,"Índice implícito (managers índice, ponderado por valor)",-44932091.649933055,7032658132.821661,4716978091.649933,23,22
2018-09-30,Utilities,0.010336699820019758,0.010688982504220425,-0.00035228268420066725,0.009978136669958391,0.0003585631500613671,0.009570882177413961,0.0007658176426057969,0.9310344827586207,0.006161122603717003,0.010688982504220425,0.008633369027445072,0.0017033307925746859,-0.0005583638709249616,0.0022616946634996474,0.3829787234042553,47,3,"Índice implícito (managers índice, ponderado por valor)",2805973783.7074013,3560568805.4961157,585624216.2925988,8,8
2018-12-31,Communication Services,0.05934016954616757,0.05903299106541015,0.0003071784807574182,0.060603274898855045,-0.001263105352687477,0.05930521219006322,3.4957356104349524e-05,0.4,0.04955093215302272,0.06386235357441375,0.08901276866661229,-0.029672599120444718,-0.03140681259369991,0.0017342134732551903,0.23404255319148937,47,3,"Índice implícito (managers índice, ponderado por valor)",1138594771.7323864,14425621404.207388,-32361427771.732388,44,41
2018-12-31,Consumer Discretionary,0.14475279312139036,0.14826950439405662,-0.0035167112726662564,0.1503964824178623,-0.005643689296471938,0.14895793673914584,-0.00420514361775548,0.23333333333333334,0.13918021311200737,0.1566496414275812,0.17571087948285294,-0.030958086361462578,-0.028783277901048676,-0.0021748084604139017,0.2978723404255319,47,3,"Índice implícito (managers índice, ponderado por valor)",-9179662061.859257,54799131579.69165,-57581778938.14075,90,89
2018-12-31,Consumer Staples,0.05631305625105147,0.052894988056792346,0.003418068194259126,0.05246482463577609,0.00384823161527538,0.05348223053828081,0.002830825712770664,0.3,0.05176148788786305,0.1152949946693621,0.045415234495757864,0.010897821755293607,0.00881818207395288,0.002079639681340728,0.46808510638297873,47,3,"Índice implícito (managers índice, ponderado por valor)",-3772620375.587503,15181642384.861235,-11276850624.412497,54,51
2018-12-31,Energy,0.06066709793903124,0.05850091672866839,0.0021661812103628483,0.06148078433418412,-0.0008136863951528836,0.06302358547745915,-0.0023564875384279108,0.06666666666666667,0.05850091672866839,0.08498374345118218,0.05379499400769076,0.006872103931340474,0.0073610106034482856,-0.0004889066721078111,0.2978723404255319,47,3,"Índice implícito (managers índice, ponderado por valor)",458188451.7642182,15123696123.59233,-16048146451.76422,43,37
2018-12-31,Financials,0.194412287189925,0.19993296882491188,-0.005520681634986868,0.2078325355829564,-0.013420248393031381,0.20814012734927406,-0.013727840159349053,0.16666666666666666,0.17987727905775533,0.21773389573973564,0.14203502582720548,0.05237726136271953,0.05576299385469946,-0.0033857324919799314,0.6382978723404256,47,3,"Índice implícito (managers índice, ponderado por valor)",-5868870888.948721,40571678493.063446,-61915688111.05128,103,132
2018-12-31,Health Care,0.08866852696076916,0.08686710713263314,0.0018014198281360166,0.09507807389519522,-0.006409546934426066,0.09629285427816206,-0.007624327317392904,0.06666666666666667,0.08686710713263314,0.1367195180022354,0.10829420806278155,-0.01962568110201239,-0.019043239959324665,-0.0005824411426877257,0.23404255319148937,47,3,"Índice implícito (managers índice, ponderado por valor)",15058352310.184977,43408910428.06775,-24358458310.18498,78,77
2018-12-31,Industrials,0.0971775772238997,0.0977948594371799,-0.0006172822132801958,0.09650862673468343,0.0006689504892162801,0.09349126366997897,0.0036863135539207392,0.9666666666666667,0.08462403337590017,0.0977948594371799,0.09053359204340516,0.006643985180494541,0.004622888027574337,0.0020210971529202038,0.3191489361702128,47,3,"Índice implícito (managers índice, ponderado por valor)",225726551.03181046,14124026626.208431,-45736611551.03181,47,33
2018-12-31,Information Technology,0.2156016484998924,0.21497545797477668,0.0006261905251157274,0.19414018783477952,0.021461460665112897,0.19204141616359177,0.02356023233630064,1.0,0.09948181123838598,0.2156016484998924,0.21477160609012427,0.0008300424097681391,0.003704949022230841,-0.002874906612462702,0.44680851063829785,47,3,"Índice implícito (managers índice, ponderado por valor)",-7543216387.830881,48670234710.94881,-106389485612.16911,83,73
2018-12-31,Materials,0.04326717127795473,0.041635847094901444,0.0016313241830532843,0.04382725001212725,-0.00056007873417252,0.046408506663369285,-0.0031413353854145565,0.06666666666666667,0.041635847094901444,0.06195264355819085,0.05094700863184852,-0.007679837353893791,-0.012088119354173844,0.004408282000280053,0.23404255319148937,47,3,"Índice implícito (managers índice, ponderado por valor)",5757117758.93613,10025674095.848001,-21000504758.93613,31,26
2018-12-31,Real Estate,0.031343706598482464,0.029758659470649682,0.0015850471278327817,0.02811735973542926,0.0032263468630532033,0.028998024550659626,0.0023456820478228377,0.9666666666666667,0.02011927875263429,0.03198893159393344,0.020356517968979422,0.010987188629503042,0.009348095433766558,0.0016390931957364838,0.3191489361702128,47,3,"Índice implícito (managers índice, ponderado por valor)",899202795.0973332,3521134008.9145446,-6770614795.097333,25,9
2018-12-31,Utilities,0.0084559653914359,0.010336699820019758,-0.0018807344285838579,0.009550599918151367,-0.001094634526715467,0.009858842380015168,-0.0014028769885792679,0.5,0.006161122603717003,0.010688982504220425,0.009128164722741718,-0.0006721993313058179,0.0017033307925746859,-0.0023755301238805038,0.2553191489361702,47,3,"Índice implícito (managers índice, ponderado por valor)",-1868129085.4989111,6473319626.695279,-4786160914.501089,8,13
2019-03-31,Communication Services,0.05565432563910008,0.05934016954616757,-0.0036858439070674848,0.059129510371082945,-0.0034751847319828624,0.05986119961160035,-0.004206873972500268,0.16129032258064516,0.04955093215302272,0.06386235357441375,0.08910362679470495,-0.03344930115560486,-0.029672599120444718,-0.0037767020351601455,0.23404255319148937,47,3,"Índice implícito (managers índice, ponderado por valor)",-728207628.9117956,26729354115.21003,24264316628.911797,44,53
2019-03-31,Consumer Discretionary,0.14324062256732933,0.14475279312139036,-0.0015121705540610264,0.14953969567689349,-0.006299073109564152,0.14896912089097775,-0.005728498323648412,0.1935483870967742,0.13918021311200737,0.1566496414275812,0.16991288369225258,-0.02667226112492324,-0.030958086361462578,0.004285825236539337,0.3191489361702128,47,3,"Índice implícito (managers índice, ponderado por valor)",13706527569.872795,40878976981.42608,52866144430.127205,92,75
2019-03-31,Consumer Staples,0.053218283100636296,0.05631305625105147,-0.0030947731504151754,0.05312175669531776,9.652640531853524e-05,0.05375040273165504,-0.0005321196310187418,0.16129032258064516,0.05176148788786305,0.1152949946693621,0.041226187757372364,0.011992095343263932,0.010897821755293607,0.001094273587970325,0.48936170212765956,47,3,"Índice implícito (managers índice, ponderado por valor)",-1291772121.7747054,17405305778.7101,11922243121.774706,54,53
2019-03-31,Energy,0.05778261017250962,0.06066709793903124,-0.002884487766521615,0.06331485547406551,-0.0055322453015558895,0.06239966209146914,-0.004617051918959517,0.03225806451612903,0.05778261017250962,0.08498374345118218,0.05040259702870338,0.0073800131438062425,0.006872103931340474,0.000507909212465768,0.2765957446808511,47,3,"Índice implícito (managers índice, ponderado por valor)",44597445.77353048,13094910992.137537,15535472554.226469,40,38
2019-03-31,Financials,0.18826435685335313,0.194412287189925,-0.006147930336571877,0.20481389107018216,-0.01654953421682903,0.20522492628054778,-0.01696056942719465,0.06451612903225806,0.17987727905775533,0.21773389573973564,0.14249192992549983,0.0457724269278533,0.05237726136271953,-0.00660483443486623,0.574468085106383,47,3,"Índice implícito (managers índice, ponderado por valor)",-34507502392.14098,81573471850.45752,68269580392.14098,122,101
2019-03-31,Health Care,0.08575775087572306,0.08866852696076916,-0.002910776085046099,0.09390850938579816,-0.008150758510075101,0.0941967732283329,-0.008439022352609848,0.03225806451612903,0.08575775087572306,0.1367195180022354,0.1053082553933219,-0.01955050451759885,-0.01962568110201239,7.517658441354158e-05,0.23404255319148937,47,3,"Índice implícito (managers índice, ponderado por valor)",40381331.5504388,25478193025.848637,35675633668.44956,72,84
2019-03-31,Industrials,0.09765596046423909,0.0971775772238997,0.0004783832403393862,0.09675656348735238,0.0008993969768867072,0.09477156113702674,0.0028843993272123503,0.967741935483871,0.08462403337590017,0.0977948594371799,0.08657488861924055,0.011081071844998541,0.006643985180494541,0.004437086664504,0.3191489361702128,47,3,"Índice implícito (managers índice, ponderado por valor)",-1611638319.3483655,17714282974.895775,33155391319.348366,43,40
2019-03-31,Information Technology,0.24174044519594667,0.2156016484998924,0.02613879669605426,0.19662014552144177,0.0451202996745049,0.19644254246708823,0.04529790272885845,1.0,0.09948181123838598,0.24174044519594667,0.2319437130953577,0.009796732100588984,0.0008300424097681391,0.008966689690820845,0.5106382978723404,47,3,"Índice implícito (managers índice, ponderado por valor)",13625358975.79212,52180938526.86159,166274174024.2079,97,68
2019-03-31,Materials,0.03894929043606499,0.04326717127795473,-0.004317880841889742,0.043638323678543776,-0.004689033242478789,0.04553855242813149,-0.006589261992066504,0.03225806451612903,0.03894929043606499,0.06195264355819085,0.05349362290347717,-0.014544332467412185,-0.007679837353893791,-0.006864495113518394,0.19148936170212766,47,3,"Índice implícito (managers índice, ponderado por valor)",-16987120096.40176,25083647644.045395,21139196096.40176,30,33
2019-03-31,Real Estate,0.0285143934542553,0.031343706598482464,-0.002829313144227165,0.029032919519230076,-0.0005185260649747774,0.02902459523203738,-0.0005102017777820801,0.6451612903225806,0.02011927875263429,0.03198893159393344,0.021136206421372036,0.007378187032883263,0.010987188629503042,-0.0036090015966197785,0.2978723404255319,47,3,"Índice implícito (managers índice, ponderado por valor)",-762884245.5926262,9584557619.23812,2350855245.592626,19,22
2019-03-31,Utilities,0.009221961240842427,0.0084559653914359,0.0007659958494065262,0.01012382912009194,-0.0009018678792495141,0.009820663901133226,-0.000598702660290799,0.6451612903225806,0.006161122603717003,0.010688982504220425,0.008406088368697532,0.000815872872144895,-0.0006721993313058179,0.0014880722034507129,0.2978723404255319,47,3,"Índice implícito (managers índice, ponderado por valor)",6503219781.958041,6976006773.112581,2482176218.0419583,13,5
2019-06-30,Communication Services,0.055667698874664565,0.05565432563910008,1.3373235564481667e-05,0.05960015114104354,-0.003932452266378977,0.059421990162736964,-0.003754291288072399,0.1875,0.04955093215302272,0.06386235357441375,0.08862468310861613,-0.03295698423395156,-0.03344930115560486,0.0004923169216533019,0.23404255319148937,47,3,"Índice implícito (managers índice, ponderado por valor)",-1932787311.1801674,29331483240.592567,11261556311.180168,48,35
2019-06-30,Consumer Discretionary,0.14079518044696845,0.14324062256732933,-0.00244544212036088,0.15088045065132868,-0.01008527020436023,0.1485226427736479,-0.007727462326679452,0.125,0.13918021311200737,0.1566496414275812,0.17389515125645663,-0.03309997080948818,-0.02667226112492324,-0.006427709684564936,0.2765957446808511,47,3,"Índice implícito (managers índice, ponderado por valor)",5469608322.12478,40099164571.73869,27736546677.87522,91,86
2019-06-30,Consumer Staples,0.04998740629499244,0.053218283100636296,-0.0032308768056438578,0.05176148788786305,-0.0017740815928706105,0.05333101398852968,-0.00334360769353724,0.03125,0.04998740629499244,0.1152949946693621,0.03836371441359506,0.011623691881397377,0.011992095343263932,-0.0003684034618665552,0.48936170212765956,47,3,"Índice implícito (managers índice, ponderado por valor)",3584622206.213967,13879174421.840693,-2022450206.2139666,42,32
2019-06-30,Energy,0.05563169639025642,0.05778261017250962,-0.002150913782253204,0.06274149215815836,-0.007109795767901939,0.061431775790368195,-0.005800079400111777,0.03125,0.05563169639025642,0.08498374345118218,0.048739105534205504,0.006892590856050915,0.0073800131438062425,-0.00048742228775532775,0.2553191489361702,47,3,"Índice implícito (managers índice, ponderado por valor)",3644266670.1959934,19339546248.538486,2334610329.8040066,44,40
2019-06-30,Financials,0.19189820678959213,0.18826435685335313,0.0036338499362389975,0.2048899132915443,-0.012991706501952166,0.2025581311939326,-0.010659924404340465,0.09375,0.17987727905775533,0.21773389573973564,0.13936437811884492,0.05253382867074721,0.0457724269278533,0.006761401742893913,0.5957446808510638,47,3,"Índice implícito (managers índice, ponderado por valor)",16458971159.510359,62463812794.082565,24434985840.48964,114,101
2019-06-30,Health Care,0.08726156983017988,0.08575775087572306,0.0015038189544568231,0.09190936458147288,-0.004647794751292997,0.09198285555641382,-0.00472128572623394,0.09375,0.08575775087572306,0.1367195180022354,0.10452118488739333,-0.017259615057213448,-0.01955050451759885,0.0022908894603854008,0.2127659574468085,47,3,"Índice implícito (managers índice, ponderado por valor)",4022462762.0468044,33939289979.61053,16191806237.953196,88,67
2019-06-30,Industrials,0.1018305862968391,0.09765596046423909,0.004174625832600004,0.09618187428474843,0.005648712012090662,0.09581542402172777,0.006015162275111327,1.0,0.08462403337590017,0.1018305862968391,0.08936489086699183,0.012465695429847268,0.011081071844998541,0.0013846235848487265,0.2765957446808511,47,3,"Índice implícito (managers índice, ponderado por valor)",21566289351.735943,35874959270.085045,15158161648.264057,51,26
2019-06-30,Information Technology,0.24110283104424465,0.24174044519594667,-0.0006376141517020206,0.1969093623811052,0.044193468663139446,0.20410086559829527,0.037001965445949386,0.96875,0.09948181123838598,0.24174044519594667,0.23078866291494812,0.01031416812929653,0.009796732100588984,0.0005174360287075463,0.46808510638297873,47,3,"Índice implícito (managers índice, ponderado por valor)",30381901370.157444,89486836840.39998,62223289629.84255,94,72
2019-06-30,Materials,0.04184922856625731,0.03894929043606499,0.00289993813019232,0.044993958831904955,-0.003144730265647648,0.04394163095293738,-0.00209240238668007,0.09375,0.03894929043606499,0.06195264355819085,0.05603952392390027,-0.014190295357642962,-0.014544332467412185,0.000354037109769223,0.2127659574468085,47,3,"Índice implícito (managers índice, ponderado por valor)",13005214233.831203,21709780797.463272,5200958766.168797,30,33
2019-06-30,Real Estate,0.027163730228191203,0.0285143934542553,-0.0013506632260640965,0.02944296228661016,-0.0022792320584189563,0.02902275694696162,-0.001859026718770418,0.46875,0.02011927875263429,0.03198893159393344,0.021667243771708828,0.0054964864564823745,0.007378187032883263,-0.0018817005764008889,0.2127659574468085,47,3,"Índice implícito (managers índice, ponderado por valor)",319814081.19789815,4545790397.050794,3824893918.802102,16,22
2019-06-30,Utilities,0.006811865237813874,0.009221961240842427,-0.0024100960030285527,0.010688982504220425,-0.0038771172664065516,0.009870913014448856,-0.0030590477766349817,0.0625,0.006161122603717003,0.010688982504220425,0.008631461203339364,-0.0018195959655254905,0.000815872872144895,-0.0026354688376703855,0.2765957446808511,47,3,"Índice implícito (managers índice, ponderado por valor)",-6564036269.278278,10557723261.385422,2700724269.2782784,8,12
2019-09-30,Communication Services,0.05613296156120112,0.055667698874664565,0.0004652626865365578,0.05903299106541015,-0.002900029504209027,0.05872343640483362,-0.0025904748436324995,0.21212121212121213,0.04955093215302272,0.06386235357441375,0.08841314245424162,-0.032280180893040494,-0.03295698423395156,0.0006768033409110669,0.2553191489361702,47,3,"Índice implícito (managers índice, ponderado por valor)",-663272956.552789,24065789786.91064,6793136956.552789,34,46
2019-09-30,Consumer Discretionary,0.1440993337114279,0.14079518044696845,0.0033041532644594585,0.14826950439405662,-0.004170170682628704,0.14744911843635594,-0.003349784724928029,0.24242424242424243,0.13918021311200737,0.1566496414275812,0.17534318641502825,-0.031243852703600333,-0.03309997080948818,0.001856118105887844,0.2978723404255319,47,3,"Índice implícito (managers índice, ponderado por valor)",5080966409.003082,49509127182.792854,21149571590.996918,88,92
2019-09-30,Consumer Staples,0.047645450601440244,0.04998740629499244,-0.0023419556935521946,0.052894988056792346,-0.005249537455352102,0.05288846711597227,-0.005243016514532024,0.030303030303030304,0.047645450601440244,0.1152949946693621,0.0360271540844629,0.011618296516977343,0.011623691881397377,-5.395364420034132e-06,0.5106382978723404,47,3,"Índice implícito (managers índice, ponderado por valor)",4001823431.898139,13736342846.011114,-4735476431.898139,41,48
2019-09-30,Energy,0.05705140105394273,0.05563169639025642,0.001419704663686308,0.05850091672866839,-0.0014495156747256627,0.06028261962698299,-0.003231218573040262,0.06060606060606061,0.05563169639025642,0.08498374345118218,0.04933291421671258,0.00771848683723015,0.006892590856050915,0.0008258959811792352,0.2765957446808511,47,3,"Índice implícito (managers índice, ponderado por valor)",1391508585.5058892,17042761542.988544,5184200414.494111,42,32
2019-09-30,Financials,0.18522082415130114,0.19189820678959213,-0.006677382638290985,0.19993296882491188,-0.014712144673610733,0.2002745975565836,-0.015053773405282467,0.06060606060606061,0.17987727905775533,0.21773389573973564,0.1357403150043861,0.04948050914691504,0.05253382867074721,-0.003053319523832171,0.6382978723404256,47,3,"Índice implícito (managers índice, ponderado por valor)",3673488013.4502187,51047450732.065384,-6529631013.450219,109,115
2019-09-30,Health Care,0.08811704487706064,0.08726156983017988,0.0008554750468807576,0.08686710713263314,0.0012499377444274984,0.09068855995235943,-0.0025715150752987914,0.12121212121212122,0.08575775087572306,0.1367195180022354,0.10969456309703567,-0.021577518219975028,-0.017259615057213448,-0.00431790316276158,0.19148936170212766,47,3,"Índice implícito (managers índice, ponderado por valor)",1105370429.5172577,31821982105.02572,8667212570.482742,93,68
2019-09-30,Industrials,0.10338030918789885,0.1018305862968391,0.0015497228910597571,0.0977948594371799,0.0055854497507189516,0.09720301341133944,0.006177295776559413,1.0,0.08462403337590017,0.10338030918789885,0.08897190321731993,0.014408405970578922,0.012465695429847268,0.0019427105407316542,0.2978723404255319,47,3,"Índice implícito (managers índice, ponderado por valor)",-7742673462.581187,41890402434.995224,8796022462.581186,57,44
2019-09-30,Information Technology,0.24040728211907683,0.24110283104424465,-0.0006955489251678215,0.21497545797477668,0.025431824144300147,0.21126425920708003,0.029143022911996802,0.9393939393939394,0.09948181123838598,0.24174044519594667,0.22901809713495988,0.011389184984116951,0.01031416812929653,0.0010750168548204209,0.46808510638297873,47,3,"Índice implícito (managers índice, ponderado por valor)",-18417329760.36329,51322863301.39976,32269433760.36329,85,81
2019-09-30,Materials,0.04116986060860132,0.04184922856625731,-0.0006793679576559894,0.041635847094901444,-0.00046598648630012673,0.04286309531723603,-0.0016932347086347152,0.06060606060606061,0.03894929043606499,0.06195264355819085,0.05791403159286756,-0.01674417098426624,-0.014190295357642962,-0.002553875626623278,0.1702127659574468,47,3,"Índice implícito (managers índice, ponderado por valor)",-1807234977.8609815,14041284263.554962,4532402977.860982,30,32
2019-09-30,Real Estate,0.02986591665019715,0.027163730228191203,0.0027021864220059463,0.029758659470649682,0.00010725717954746666,0.028966827983439893,0.0008990886667572563,0.9090909090909091,0.02011927875263429,0.03198893159393344,0.020754245706758333,0.009111670943438815,0.0054964864564823745,0.003615184486956441,0.2553191489361702,47,3,"Índice implícito (managers índice, ponderado por valor)",9270173869.729853,14870992893.61209,-5525869.729853966,32,14
2019-09-30,Utilities,0.006909615477852085,0.006811865237813874,9.775024003821128e-05,0.010336699820019758,-0.003427084342167673,0.00939600498781676,-0.002486389509964675,0.12121212121212122,0.006161122603717003,0.010688982504220425,0.008790447076227175,-0.0018808315983750903,-0.0018195959655254905,-6.123563284959974e-05,0.2978723404255319,47,3,"Índice implícito (managers índice, ponderado por valor)",-37340914.262988485,4405364482.182105,899015914.2629884,9,12
2019-12-31,Communication Services,0.056436382407798566,0.05613296156120112,0.0003034208465974436,0.05934016954616757,-0.0029037871383690017,0.05814513538719063,-0.0017087529793920614,0.23529411764705882,0.04955093215302272,0.06386235357441375,0.0898206567076917,-0.03338427429989313,-0.032280180893040494,-0.0011040934068526354,0.23404255319148937,47,3,"Índice implícito (managers índice, ponderado por valor)",1180046712.0065706,31824055222.686844,25358993287.99343,41,47
2019-12-31,Consumer Discretionary,0.15062694035772126,0.1440993337114279,0.0065276066462933435,0.14475279312139036,0.0058741472363308955,0.14649675787340713,0.004130182484314127,0.6470588235294118,0.13918021311200737,0.1566496414275812,0.1784553341031496,-0.027828393745428337,-0.031243852703600333,0.0034154589581719963,0.3191489361702128,47,3,"Índice implícito (managers índice, ponderado por valor)",9854920681.803827,63061764682.676956,52910953318.196175,110,57
2019-12-31,Consumer Staples,0.04655849813540659,0.047645450601440244,-0.0010869524660336513,0.05631305625105147,-0.009754558115644879,0.052175906690483706,-0.0056174085550771136,0.029411764705882353,0.04655849813540659,0.1152949946693621,0.03591097337888106,0.010647524756525535,0.011618296516977343,-0.0009707717604518079,0.5106382978723404,47,3,"Índice implícito (managers índice, ponderado por valor)",4778781151.493497,26159916326.518265,3089536848.5065036,55,34
2019-12-31,Energy,0.05531463104194558,0.05705140105394273,-0.001736770011997145,0.06066709793903124,-0.005352466897085656,0.05964635678135205,-0.004331725739406468,0.029411764705882353,0.05531463104194558,0.08498374345118218,0.049277453921174615,0.006037177120770967,0.00771848683723015,-0.0016813097164591825,0.3191489361702128,47,3,"Índice implícito (managers índice, ponderado por valor)",2827135532.6655335,14397755733.352337,7913414467.334466,35,28
2019-12-31,Financials,0.18401445959362817,0.18522082415130114,-0.0012063645576729787,0.194412287189925,-0.010397827596296844,0.19715812296922075,-0.013143663375592585,0.058823529411764705,0.17987727905775533,0.21773389573973564,0.1381675918441586,0.045846867749469555,0.04948050914691504,-0.003633641397445486,0.5957446808510638,47,3,"Índice implícito (managers índice, ponderado por valor)",-1648426265.9312952,67341505242.97802,51786422265.9313,132,99
2019-12-31,Health Care,0.08736618126062012,0.08811704487706064,-0.0007508636164405141,0.08866852696076916,-0.0013023457001490324,0.08969599344235402,-0.0023298121817338924,0.11764705882352941,0.08575775087572306,0.1367195180022354,0.1020002037185605,-0.014634022457940377,-0.021577518219975028,0.006943495762034652,0.2553191489361702,47,3,"Índice implícito (managers índice, ponderado por valor)",14296828522.39652,38763710944.5545,18488530477.60348,79,84
2019-12-31,Industrials,0.10475674823217879,0.10338030918789885,0.001376439044279934,0.0971775772238997,0.007579171008279081,0.09841079463960511,0.006345953592573672,1.0,0.08462403337590017,0.10475674823217879,0.08911108838462416,0.01564565984755463,0.014408405970578922,0.001237253876975708,0.3191489361702128,47,3,"Índice implícito (managers índice, ponderado por valor)",-2636741230.713679,28078049956.90403,24305432230.71368,43,40
2019-12-31,Information Technology,0.23524680712960946,0.24040728211907683,-0.005160474989467367,0.2156016484998924,0.019645158629717052,0.21768717007140798,0.017559637058201488,0.9117647058823529,0.09948181123838598,0.24174044519594667,0.22967285701488344,0.005573950114726028,0.011389184984116951,-0.005815234869390923,0.44680851063829785,47,3,"Índice implícito (managers índice, ponderado por valor)",16619560045.045158,86767424627.14232,76397879954.95483,87,89
2019-12-31,Materials,0.04238941706726606,0.04116986060860132,0.0012195564586647417,0.04326717127795473,-0.0008777542106886693,0.04241636631329447,-2.6949246028411256e-05,0.14705882352941177,0.03894929043606499,0.06195264355819085,0.05891948592408747,-0.016530068856821407,-0.01674417098426624,0.0002141021274448332,0.1702127659574468,47,3,"Índice implícito (managers índice, ponderado por valor)",12352180498.997528,16531574162.497347,15055859501.002474,32,27
2019-12-31,Real Estate,0.031549422069931575,0.02986591665019715,0.001683505419734426,0.031343706598482464,0.00020571547144911106,0.02915495599288066,0.0023944660770509156,0.9705882352941176,0.02011927875263429,0.03198893159393344,0.019904215632687,0.011645206437244576,0.009111670943438815,0.00253353549380576,0.3191489361702128,47,3,"Índice implícito (managers índice, ponderado por valor)",-5662767036.679114,14298094477.22447,3666693036.6791143,16,23
2019-12-31,Utilities,0.005740512703893827,0.006909615477852085,-0.0011691027739582586,0.0084559653914359,-0.0027154526875420738,0.009012439838803472,-0.003271927134909645,0.029411764705882353,0.005740512703893827,0.010688982504220425,0.008760139370101866,-0.0030196266662080393,-0.0018808315983750903,-0.001138795067832949,0.23404255319148937,47,3,"Índice implícito (managers índice, ponderado por valor)",-5218420645.304181,7323515472.912587,1186758645.3041816,7,8
2020-03-31,Communication Services,0.058038515580052276,0.056436382407798566,0.00160213317225371,0.05565432563910008,0.002384189940952193,0.05762427382580857,0.0004142417542437049,0.34285714285714286,0.04955093215302272,0.06386235357441375,0.09033453255273405,-0.03229601697268177,-0.03338427429989313,0.0010882573272113574,0.2127659574468085,47,3,"Índice implícito (managers índice, ponderado por valor)",3402532746.3731074,20421013681.483437,-59183504746.37311,46,43
2020-03-31,Consumer Discretionary,0.14978710238120269,0.15062694035772126,-0.0008398379765185704,0.14324062256732933,0.0065464798138733515,0.1465255651158895,0.003261537265313197,0.5714285714285714,0.13918021311200737,0.1566496414275812,0.1746258626494254,-0.02483876026822271,-0.027828393745428337,0.0029896334772056277,0.3617021276595745,47,3,"Índice implícito (managers índice, ponderado por valor)",5623754698.362706,51567912367.06565,-119704679698.3627,110,88
2020-03-31,Consumer Staples,0.05290389518114784,0.04655849813540659,0.006345397045741247,0.053218283100636296,-0.0003143879194884569,0.05143761587793753,0.001466279303210312,0.2,0.04655849813540659,0.1152949946693621,0.03961028671181541,0.013293608469332432,0.010647524756525535,0.0026460837128068973,0.5319148936170213,47,3,"Índice implícito (managers índice, ponderado por valor)",6756601480.168763,20614074124.780197,-18078445480.168762,59,49
2020-03-31,Energy,0.05546075700408319,0.05531463104194558,0.0001461259621376096,0.05778261017250962,-0.0023218531684264312,0.05887558761982223,-0.003414830615739037,0.05714285714285714,0.05531463104194558,0.08498374345118218,0.04982748940437663,0.0056332675997065595,0.006037177120770967,-0.0004039095210644078,0.3191489361702128,47,3,"Índice implícito (managers índice, ponderado por valor)",-1191799992.7416818,22108911851.81316,-36370744007.258316,52,37
2020-03-31,Financials,0.1759529895560776,0.18401445959362817,-0.008061470037550561,0.18826435685335313,-0.012311367297275527,0.19418086347055472,-0.01822787391447711,0.02857142857142857,0.1759529895560776,0.21773389573973564,0.13055710194485515,0.04539588761122246,0.045846867749469555,-0.00045098013824709793,0.6382978723404256,47,3,"Índice implícito (managers índice, ponderado por valor)",-7746002107.207734,44752308897.03409,-130564453892.79227,122,128
2020-03-31,Health Care,0.09209300520656949,0.08736618126062012,0.0047268239459493655,0.08575775087572306,0.006335254330846432,0.08873200686303212,0.003360998343537369,0.22857142857142856,0.08575775087572306,0.1367195180022354,0.10598625723484169,-0.013893252028272199,-0.014634022457940377,0.0007407704296681777,0.2553191489361702,47,3,"Índice implícito (managers índice, ponderado por valor)",-7954948958.4364195,30963480972.822815,-56612286041.56358,70,94
2020-03-31,Industrials,0.1044765274950395,0.10475674823217879,-0.00028022073713929174,0.09765596046423909,0.0068205670308004035,0.09944180982679203,0.005034717668247465,0.9714285714285714,0.08462403337590017,0.10475674823217879,0.08996459964232016,0.014511927852719333,0.01564565984755463,-0.0011337319948352964,0.3191489361702128,47,3,"Índice implícito (managers índice, ponderado por valor)",5013960026.442079,29785891707.282562,-68401032026.44208,52,47
2020-03-31,Information Technology,0.23196929276759518,0.23524680712960946,-0.003277514362014289,0.24174044519594667,-0.009771152428351498,0.2228254974832617,0.009143795284333484,0.8857142857142857,0.09948181123838598,0.24174044519594667,0.229125670438527,0.0028436223290681795,0.005573950114726028,-0.002730327785657849,0.425531914893617,47,3,"Índice implícito (managers índice, ponderado por valor)",29181676796.756382,59787923417.60107,-228408926796.75638,77,84
2020-03-31,Materials,0.042099504020412216,0.04238941706726606,-0.000289913046853843,0.03894929043606499,0.0031502135843472293,0.04223663719518682,-0.00013713317477460213,0.14285714285714285,0.03894929043606499,0.06195264355819085,0.05954058199801006,-0.017441077977597842,-0.016530068856821407,-0.0009110091207764348,0.19148936170212766,47,3,"Índice implícito (managers índice, ponderado por valor)",-3029872292.7983813,11679211784.616623,-30380201707.20162,28,38
2020-03-31,Real Estate,0.02991878074248076,0.031549422069931575,-0.0016306413274508151,0.0285143934542553,0.0014043872882254609,0.02958396378469345,0.00033481695778730947,0.8857142857142857,0.02011927875263429,0.03198893159393344,0.021119582003044552,0.008799198739436208,0.011645206437244576,-0.0028460076978083677,0.2553191489361702,47,3,"Índice implícito (managers índice, ponderado por valor)",-7954376342.044356,12582161036.153992,-10245506657.955645,13,19
2020-03-31,Utilities,0.0072996300653392805,0.005740512703893827,0.001559117361445454,0.009221961240842427,-0.001922331175503146,0.00853617893702128,-0.0012365488716819997,0.2571428571428571,0.005740512703893827,0.010688982504220425,0.00930803542004989,-0.0020084053547106094,-0.0030196266662080393,0.00101122131149743,0.2765957446808511,47,3,"Índice implícito (managers índice, ponderado por valor)",1930200203.0731606,4192066343.4366493,-2728722203.0731606,10,10
2020-06-30,Communication Services,0.055617674280841446,0.058038515580052276,-0.0024208412992108297,0.055667698874664565,-5.002459382311836e-05,0.057487899476929734,-0.0018702251960882876,0.1388888888888889,0.04955093215302272,0.06386235357441375,0.08878213817409414,-0.03316446389325269,-0.03229601697268177,-0.00086844692057092,0.23404255319148937,47,3,"Índice implícito (managers índice, ponderado por valor)",-2681135472.4888,22874409625.035107,49645444472.4888,34,53
2020-06-30,Consumer Discretionary,0.1549767612786942,0.14978710238120269,0.0051896588974915114,0.14079518044696845,0.014181580831725743,0.14655649095392817,0.008420270324766027,0.9722222222222222,0.13918021311200737,0.1566496414275812,0.1770245175408356,-0.022047756262141394,-0.02483876026822271,0.0027910040060813157,0.3404255319148936,47,3,"Índice implícito (managers índice, ponderado por valor)",14020356137.629288,52300592113.53457,105837532862.37071,88,98
2020-06-30,Consumer Staples,0.051128344191315386,0.05290389518114784,-0.0017755509898324529,0.04998740629499244,0.001140937896322948,0.05141038318866628,-0.00028203899735089466,0.1111111111111111,0.04655849813540659,0.1152949946693621,0.03646630980213586,0.014662034389179526,0.013293608469332432,0.0013684259198470938,0.48936170212765956,47,3,"Índice implícito (managers índice, ponderado por valor)",8175970668.329361,22435122931.873413,15072831331.670639,52,49
2020-06-30,Energy,0.05627948673786689,0.05546075700408319,0.0008187297337836977,0.05563169639025642,0.0006477903476104704,0.05789382531107444,-0.0016143385732075508,0.1111111111111111,0.05531463104194558,0.08498374345118218,0.04875826201792843,0.007521224719938456,0.0056332675997065595,0.0018879571202318965,0.2978723404255319,47,3,"Índice implícito (managers índice, ponderado por valor)",4088877634.5226264,23923861659.544014,32608409365.477375,36,42
2020-06-30,Financials,0.17752690526488848,0.1759529895560776,0.0015739157088108802,0.19189820678959213,-0.014371301524703645,0.19057325078129167,-0.013046345516403185,0.05555555555555555,0.1759529895560776,0.21773389573973564,0.1316766126459093,0.04585029261897919,0.04539588761122246,0.00045440500775673076,0.6595744680851063,47,3,"Índice implícito (managers índice, ponderado por valor)",15801306590.44511,59686305516.22018,87709137409.55489,126,114
2020-06-30,Health Care,0.0861597952455115,0.09209300520656949,-0.005933209961057992,0.08726156983017988,-0.001101774584668383,0.08850506884062855,-0.002345273595117048,0.05555555555555555,0.08575775087572306,0.1367195180022354,0.10565087706076175,-0.01949108181525025,-0.013893252028272199,-0.005597829786978051,0.1702127659574468,47,3,"Índice implícito (managers índice, ponderado por valor)",-3425060927.548238,32393995263.65129,48052609927.54824,87,95
2020-06-30,Industrials,0.10662506569487419,0.1044765274950395,0.002148538199834696,0.1018305862968391,0.004794479398035095,0.10040680532775292,0.006218260367121267,1.0,0.08462403337590017,0.10662506569487419,0.08600596892455055,0.02061909677032364,0.014511927852719333,0.006107168917604308,0.3404255319148936,47,3,"Índice implícito (managers índice, ponderado por valor)",7075688094.05412,30601619293.654533,39112223905.94588,50,37
2020-06-30,Information Technology,0.23331300062157143,0.23196929276759518,0.0013437078539762504,0.24110283104424465,-0.007789830422673227,0.2272441408890309,0.006068859732540538,0.8888888888888888,0.09948181123838598,0.24174044519594667,0.23796708535736286,-0.0046540847357914306,0.0028436223290681795,-0.00749770706485961,0.40425531914893614,47,3,"Índice implícito (managers índice, ponderado por valor)",-42163097990.367294,83306098432.90138,209392823990.36728,74,96
2020-06-30,Materials,0.04269129546043825,0.042099504020412216,0.0005917914400260307,0.04184922856625731,0.00084206689418094,0.04204428473792038,0.0006470107225178684,0.19444444444444445,0.03894929043606499,0.06195264355819085,0.06033728690796364,-0.01764599144752539,-0.017441077977597842,-0.00020491346992754927,0.19148936170212766,47,3,"Índice implícito (managers índice, ponderado por valor)",7337403126.642026,15893656628.007463,32084779873.35797,22,30
2020-06-30,Real Estate,0.02931312300588791,0.02991878074248076,-0.0006056577365928482,0.027163730228191203,0.002149392777696709,0.029694696437599786,-0.0003815734317118742,0.75,0.02011927875263429,0.03198893159393344,0.019523905815452047,0.009789217190435864,0.008799198739436208,0.0009900184509996565,0.2978723404255319,47,3,"Índice implícito (managers índice, ponderado por valor)",2437993012.626145,8416995315.0779705,7751494987.373856,17,18
2020-06-30,Utilities,0.006368548218110321,0.0072996300653392805,-0.0009310818472289591,0.006811865237813874,-0.0004433170197035525,0.008183154055177198,-0.0018146058370668763,0.08333333333333333,0.005740512703893827,0.010688982504220425,0.0078070357530058195,-0.0014384875348954981,-0.0020084053547106094,0.0005699178198151113,0.3191489361702128,47,3,"Índice implícito (managers índice, ponderado por valor)",-1478584170.4954548,6156186747.092635,315248170.49545497,14,11
2020-09-30,Communication Services,0.05821098443068531,0.055617674280841446,0.002593310149843861,0.05613296156120112,0.002078022869484185,0.05699008986940447,0.0012208945612808345,0.3783783783783784,0.04955093215302272,0.06386235357441375,0.0870177958776793,-0.028806811446993992,-0.03316446389325269,0.0043576524462587,0.2127659574468085,47,3,"Índice implícito (managers índice, ponderado por valor)",5287919677.528771,30041763447.768238,32839300322.47123,44,45
2020-09-30,Consumer Discretionary,0.16051792920484387,0.1549767612786942,0.0055411679261496705,0.1440993337114279,0.016418595493415955,0.14706852978234886,0.013449399422495012,1.0,0.13918021311200737,0.16051792920484387,0.17419005535738255,-0.013672126152538683,-0.022047756262141394,0.00837563010960271,0.3404255319148936,47,3,"Índice implícito (managers índice, ponderado por valor)",-3521392283.201085,55245400485.62975,58537872283.20109,96,72
2020-09-30,Consumer Staples,0.05151156915238938,0.051128344191315386,0.0003832249610739927,0.047645450601440244,0.0038661185509491353,0.051331240226597824,0.00018032892579155496,0.13513513513513514,0.04655849813540659,0.1152949946693621,0.03473142706994432,0.016780142082445056,0.014662034389179526,0.0021181076932655293,0.5106382978723404,47,3,"Índice implícito (managers índice, ponderado por valor)",-4890097894.425509,28185065369.14914,10928974894.42551,52,53
2020-09-30,Energy,0.05801411122219094,0.05627948673786689,0.0017346244843240502,0.05705140105394273,0.0009627101682482125,0.05708607463353801,0.0009280365886529321,0.1891891891891892,0.05531463104194558,0.08498374345118218,0.048513322128648714,0.009500789093542225,0.007521224719938456,0.001979564373603769,0.2978723404255319,47,3,"Índice implícito (managers índice, ponderado por valor)",6520895042.65157,19486163203.97718,11969676957.34843,41,35
2020-09-30,Financials,0.17422376272577458,0.17752690526488848,-0.0033031425391139013,0.18522082415130114,-0.01099706142552656,0.1871528747779597,-0.01292911205218511,0.02702702702702703,0.17422376272577458,0.21773389573973564,0.13255751970091606,0.041666243024858524,0.04585029261897919,-0.004184049594120665,0.6382978723404256,47,3,"Índice implícito (managers índice, ponderado por valor)",8595729006.261274,38417062462.72882,47532646993.73872,117,103
2020-09-30,Health Care,0.08397756230215812,0.0861597952455115,-0.002182232943353374,0.08811704487706064,-0.004139482574902514,0.08778637267363337,-0.003808810371475249,0.02702702702702703,0.08397756230215812,0.1367195180022354,0.10805609321245363,-0.024078530910295506,-0.01949108181525025,-0.004587449095045257,0.2127659574468085,47,3,"Índice implícito (managers índice, ponderado por valor)",6300788070.802133,60995478708.49472,23365236929.19787,88,70
2020-09-30,Industrials,0.10204312020590339,0.10662506569487419,-0.004581945488970798,0.10338030918789885,-0.0013371889819954602,0.10171220425401864,0.00033091595188475265,0.8918918918918919,0.08462403337590017,0.10662506569487419,0.08274021156075112,0.019302908645152272,0.02061909677032364,-0.0013161881251713692,0.2978723404255319,47,3,"Índice implícito (managers índice, ponderado por valor)",-6376770247.13914,31297969559.889393,15567756247.13914,53,35
2020-09-30,Information Technology,0.2383741370946323,0.23331300062157143,0.005061136473060862,0.24040728211907683,-0.0020331450244445437,0.23179459566908917,0.006579541425543123,0.918918918918919,0.09948181123838598,0.24174044519594667,0.24501465765207384,-0.006640520557441548,-0.0046540847357914306,-0.0019864358216501177,0.3829787234042553,47,3,"Índice implícito (managers índice, ponderado por valor)",-70028012217.61546,157978926948.98483,156889605217.61548,100,67
2020-09-30,Materials,0.03840889009500058,0.04269129546043825,-0.004282405365437669,0.04116986060860132,-0.00276097051360074,0.041756451816487045,-0.0033475617214864667,0.02702702702702703,0.03840889009500058,0.06195264355819085,0.06117561904801241,-0.02276672895301183,-0.01764599144752539,-0.005120737505486438,0.19148936170212766,47,3,"Índice implícito (managers índice, ponderado por valor)",-17773635920.668457,27531615045.424683,20775497920.668457,23,43
2020-09-30,Real Estate,0.02868660537722053,0.02931312300588791,-0.0006265176286673821,0.02986591665019715,-0.0011793112729766193,0.029678466527509505,-0.0009918611502889758,0.6216216216216216,0.02011927875263429,0.03198893159393344,0.019060214224924425,0.009626391152296104,0.009789217190435864,-0.00016282603813976004,0.2765957446808511,47,3,"Índice implícito (managers índice, ponderado por valor)",623962063.2768142,6965110560.342777,3886314936.7231855,24,18
2020-09-30,Utilities,0.00603132818920105,0.006368548218110321,-0.00033722002890927173,0.006909615477852085,-0.0008782872886510355,0.007643099769413434,-0.0016117715802123848,0.05405405405405406,0.005740512703893827,0.010688982504220425,0.00694308416721361,-0.00091175597801256,-0.0014384875348954981,0.0005267315568829381,0.2765957446808511,47,3,"Índice implícito (managers índice, ponderado por valor)",-1759096670.2510312,3377195429.2879252,-41404329.74896884,11,8
2020-12-31,Communication Services,0.058405063247688425,0.05821098443068531,0.00019407881700311824,0.056436382407798566,0.0019686808398898595,0.056887339040063864,0.0015177242076245614,0.39473684210526316,0.04955093215302272,0.06386235357441375,0.0876050375384282,-0.029199974290739776,-0.028806811446993992,-0.00039316284374578403,0.23404255319148937,47,3,"Índice implícito (managers índice, ponderado por valor)",-2277407707.651716,19075348314.00282,44792394707.65172,36,44
2020-12-31,Consumer Discretionary,0.15979727591503173,0.16051792920484387,-0.0007206532898121343,0.15062694035772126,0.009170335557310477,0.14859958288369726,0.011197693031334471,0.9736842105263158,0.13918021311200737,0.16051792920484387,0.17315054671580649,-0.013353270800774752,-0.013672126152538683,0.0003188553517639303,0.3617021276595745,47,3,"Índice implícito (managers índice, ponderado por valor)",2667352354.883724,70527848349.56119,72219503645.11627,82,102
2020-12-31,Consumer Staples,0.0503806448469299,0.05151156915238938,-0.0011309243054594756,0.04655849813540659,0.003822146711523311,0.05115831286354746,-0.0007776680166175567,0.10526315789473684,0.04655849813540659,0.1152949946693621,0.03378446608079762,0.016596178766132286,0.016780142082445056,-0.0001839633163127699,0.5319148936170213,47,3,"Índice implícito (managers índice, ponderado por valor)",2899529268.363117,17008342933.125862,11183166731.636883,52,42
2020-12-31,Energy,0.05645483063413766,0.05801411122219094,-0.0015592805880532828,0.05531463104194558,0.0011401995921920746,0.057025223945228326,-0.0005703933110906695,0.13157894736842105,0.05531463104194558,0.08498374345118218,0.04656803656051223,0.00988679407362543,0.009500789093542225,0.0003860049800832044,0.2553191489361702,47,3,"Índice implícito (managers índice, ponderado por valor)",-2816570738.841171,19237908224.788048,18334187738.84117,30,35
2020-12-31,Financials,0.17331374360789176,0.17422376272577458,-0.0009100191178828265,0.18401445959362817,-0.010700715985736409,0.1839392240155675,-0.010625480407675747,0.02631578947368421,0.17331374360789176,0.21773389573973564,0.1331217862158094,0.04019195739208237,0.041666243024858524,-0.0014742856327761567,0.5957446808510638,47,3,"Índice implícito (managers índice, ponderado por valor)",23362651064.26188,81392964337.49533,73324531935.73813,111,117
2020-12-31,Health Care,0.08589237768983776,0.08397756230215812,0.0019148153876796387,0.08736618126062012,-0.0014738035707823616,0.087425179569824,-0.001532801879986237,0.07894736842105263,0.08397756230215812,0.1367195180022354,0.10580155270591944,-0.01990917501608168,-0.024078530910295506,0.004169355894213828,0.2553191489361702,47,3,"Índice implícito (managers índice, ponderado por valor)",10853682179.399488,43292225638.37076,26337456820.600513,94,77
2020-12-31,Industrials,0.10298250079709752,0.10204312020590339,0.000939380591194125,0.10475674823217879,-0.0017742474350812693,0.10224323685010907,0.0007392639469884499,0.8947368421052632,0.08462403337590017,0.10662506569487419,0.08288475044373904,0.02009775035335848,0.019302908645152272,0.0007948417082062065,0.3617021276595745,47,3,"Índice implícito (managers índice, ponderado por valor)",371120677.4456228,25619228543.541565,31232976322.55438,48,51
2020-12-31,Information Technology,0.23713549280071122,0.2383741370946323,-0.0012386442939210651,0.23524680712960946,0.0018886856711017586,0.2347194305590711,0.002416062241640121,0.8947368421052632,0.09948181123838598,0.24174044519594667,0.25001760667530526,-0.012882113874594037,-0.006640520557441548,-0.0062415933171524884,0.3829787234042553,47,3,"Índice implícito (managers índice, ponderado por valor)",-10001363064.008356,82936844260.98792,156543040064.00836,102,88
2020-12-31,Materials,0.041151713959206145,0.03840889009500058,0.0027428238642055666,0.04238941706726606,-0.001237703108059915,0.04135308219149943,-0.0002013682322932822,0.07894736842105263,0.03840889009500058,0.06195264355819085,0.062141391064930364,-0.02098967710572422,-0.02276672895301183,0.0017770518472876098,0.2127659574468085,47,3,"Índice implícito (managers índice, ponderado por valor)",4214603273.447752,16551220027.91824,19173422726.55225,40,32
2020-12-31,Real Estate,0.027676306756655365,0.02868660537722053,-0.001010298620565165,0.031549422069931575,-0.0038731153132762104,0.02954445976583086,-0.0018681530091754946,0.47368421052631576,0.02011927875263429,0.03198893159393344,0.01819403149470317,0.009482275261952194,0.009626391152296104,-0.00014411589034390992,0.2978723404255319,47,3,"Índice implícito (managers índice, ponderado por valor)",-1200233442.4910355,6809613943.171229,4103703442.4910355,12,20
2020-12-31,Utilities,0.006810049744812534,0.00603132818920105,0.0007787215556114844,0.005740512703893827,0.0010695370409187074,0.007104928315561095,-0.0002948785707485614,0.13157894736842105,0.005740512703893827,0.010688982504220425,0.006730794504048826,7.925524076370788e-05,-0.00091175597801256,0.000991011218776268,0.3191489361702128,47,3,"Índice implícito (managers índice, ponderado por valor)",598400572.1150112,1962652558.8562667,3080439427.884989,16,4
2021-03-31,Communication Services,0.059761618525866325,0.058405063247688425,0.0013565552781778997,0.058038515580052276,0.0017231029458140493,0.05677045075275398,0.002991167773112348,0.5897435897435898,0.04955093215302272,0.06386235357441375,0.08651074097711223,-0.026749122451245902,-0.029199974290739776,0.002450851839493874,0.19148936170212766,47,3,"Índice implícito (managers índice, ponderado por valor)",11161924931.937983,43602927935.953354,45626394068.06202,46,43
2021-03-31,Consumer Discretionary,0.16282881471486818,0.15979727591503173,0.0030315387998364474,0.14978710238120269,0.013041712333665495,0.15048014323290243,0.01234867148196575,1.0,0.13918021311200737,0.16282881471486818,0.17343399369073953,-0.010605178975871349,-0.013353270800774752,0.0027480918249034036,0.3404255319148936,47,3,"Índice implícito (managers índice, ponderado por valor)",10913855179.064032,81447614240.56131,69949275820.93597,108,88
2021-03-31,Consumer Staples,0.0491453079595693,0.0503806448469299,-0.0012353368873606052,0.05290389518114784,-0.003758587221578541,0.05041676143803226,-0.0012714534784629625,0.07692307692307693,0.04655849813540659,0.1152949946693621,0.03610188752510059,0.013043420434468711,0.016596178766132286,-0.0035527583316635747,0.46808510638297873,47,3,"Índice implícito (managers índice, ponderado por valor)",7172802404.93026,19378205227.082294,4765264595.06974,50,51
2021-03-31,Energy,0.05874464972912077,0.05645483063413766,0.00228981909498311,0.05546075700408319,0.003283892725037575,0.056498690532116626,0.002245959197004141,0.2564102564102564,0.05531463104194558,0.08498374345118218,0.04380569761097982,0.014938952118140947,0.00988679407362543,0.005052158044515517,0.2765957446808511,47,3,"Índice implícito (managers índice, ponderado por valor)",13822862768.403225,44426826515.253685,8827145231.596777,44,33
2021-03-31,Financials,0.1782961608490523,0.17331374360789176,0.004982417241160553,0.1759529895560776,0.002343171292974705,0.18130190606781338,-0.003005745218761069,0.1282051282051282,0.17331374360789176,0.21773389573973564,0.13440729895127837,0.04388886189777394,0.04019195739208237,0.003696904505691573,0.6170212765957447,47,3,"Índice implícito (managers índice, ponderado por valor)",21809247761.007267,81184131476.68958,53118994238.99274,119,101
2021-03-31,Health Care,0.08446119959530501,0.08589237768983776,-0.001431178094532748,0.09209300520656949,-0.007631805611264475,0.08707816091095757,-0.0026169613156525606,0.05128205128205128,0.08397756230215812,0.1367195180022354,0.10430265016665512,-0.019841450571350103,-0.01990917501608168,6.772444473157613e-05,0.2127659574468085,47,3,"Índice implícito (managers índice, ponderado por valor)",-4006378683.806111,45278544170.62732,30728196683.80611,93,75
2021-03-31,Industrials,0.10559380600129396,0.10298250079709752,0.0026113052041964457,0.1044765274950395,0.0011172785062544682,0.10296885229675881,0.0026249537045351518,0.9743589743589743,0.08462403337590017,0.10662506569487419,0.08244305914491186,0.023150746856382104,0.02009775035335848,0.003052996503023625,0.40425531914893614,47,3,"Índice implícito (managers índice, ponderado por valor)",6994944588.530561,38829727662.87108,31385733411.46944,46,37
2021-03-31,Information Technology,0.23273111425127865,0.23713549280071122,-0.004404378549432569,0.23196929276759518,0.000761821483683478,0.23741116109667346,-0.004680046845394803,0.8205128205128205,0.09948181123838598,0.24174044519594667,0.25514233670548137,-0.02241122245420271,-0.012882113874594037,-0.009529108579608675,0.3617021276595745,47,3,"Índice implícito (managers índice, ponderado por valor)",-27444865848.054874,70670554592.80681,107809413848.05487,82,91
2021-03-31,Materials,0.03667391489797192,0.041151713959206145,-0.004477799061234224,0.042099504020412216,-0.0054255891224402955,0.041088650026655855,-0.0044147351286839345,0.02564102564102564,0.03667391489797192,0.06195264355819085,0.06068204202086875,-0.02400812712289683,-0.02098967710572422,-0.0030184500171726095,0.1702127659574468,47,3,"Índice implícito (managers índice, ponderado por valor)",-9100597365.752462,23193847002.45964,15272350365.752464,26,38
2021-03-31,Real Estate,0.025686296965412872,0.027676306756655365,-0.0019900097912424926,0.02991878074248076,-0.004232483777067888,0.029086034785602476,-0.0033997378201896036,0.358974358974359,0.02011927875263429,0.03198893159393344,0.016910365569259827,0.008775931396153045,0.009482275261952194,-0.0007063438657991493,0.3191489361702128,47,3,"Índice implícito (managers índice, ponderado por valor)",-1734935870.0183353,8395383593.927493,1502171870.018335,18,25
2021-03-31,Utilities,0.006077116510260725,0.006810049744812534,-0.0007329332345518092,0.0072996300653392805,-0.0012225135550785558,0.006899188859733175,-0.0008220723494724502,0.07692307692307693,0.005740512703893827,0.010688982504220425,0.006259927637612549,-0.00018281112735182414,7.925524076370788e-05,-0.000262066368115532,0.3404255319148936,47,3,"Índice implícito (managers índice, ponderado por valor)",-926612693.8570458,3446310874.0061874,-352054306.1429542,9,13
2021-06-30,Communication Services,0.05808212288982306,0.059761618525866325,-0.0016794956360432628,0.055617674280841446,0.002464448608981616,0.05728386236359975,0.00079826052622331,0.35,0.04955093215302272,0.06386235357441375,0.08811150379113426,-0.0300293809013112,-0.026749122451245902,-0.0032802584500652987,0.2127659574468085,47,3,"Índice implícito (managers índice, ponderado por valor)",-7141981223.190169,42815855626.15117,28516422223.19017,46,41
2021-06-30,Consumer Discretionary,0.15788796803000443,0.16282881471486818,-0.004940846684863748,0.1549767612786942,0.0029112067513102358,0.15292866725134477,0.004959300778659664,0.925,0.13918021311200737,0.16282881471486818,0.17703808283853092,-0.01915011480852649,-0.010605178975871349,-0.008544935832655143,0.2978723404255319,47,3,"Índice implícito (managers índice, ponderado por valor)",-784198305.9150977,104953265240.43047,61891013305.9151,91,105
2021-06-30,Consumer Staples,0.050837190719621485,0.0491453079595693,0.0016918827600521866,0.051128344191315386,-0.00029115347169390154,0.04990763954539888,0.0009295511742226023,0.15,0.04655849813540659,0.1152949946693621,0.03300927201767466,0.017827918701946825,0.013043420434468711,0.004784498267478114,0.5319148936170213,47,3,"Índice implícito (managers índice, ponderado por valor)",-151939123.69972017,25623347306.16372,9458039123.69972,57,51
2021-06-30,Energy,0.06119929245819216,0.05874464972912077,0.0024546427290713935,0.05627948673786689,0.004919805720325271,0.05661894547669302,0.004580346981499138,0.3,0.05531463104194558,0.08498374345118218,0.04150961797575188,0.01968967448244028,0.014938952118140947,0.004750722364299333,0.3404255319148936,47,3,"Índice implícito (managers índice, ponderado por valor)",29942484498.656174,42272601626.18274,19875665501.343822,33,32
2021-06-30,Financials,0.18175120102854522,0.1782961608490523,0.003455040179492913,0.17752690526488848,0.004224295763656738,0.18005588156727576,0.0016953194612694678,0.175,0.17331374360789176,0.21773389573973564,0.1349249361940358,0.04682626483450941,0.04388886189777394,0.0029374029367354726,0.5957446808510638,47,3,"Índice implícito (managers índice, ponderado por valor)",-18228386017.49927,115666522787.44183,62021790017.49927,127,119
2021-06-30,Health Care,0.08110538973218025,0.08446119959530501,-0.0033558098631247674,0.0861597952455115,-0.00505440551333125,0.08691609200090532,-0.005810702268725071,0.025,0.08110538973218025,0.1367195180022354,0.1002436750957981,-0.01913828536361785,-0.019841450571350103,0.0007031652077322537,0.2127659574468085,47,3,"Índice implícito (managers índice, ponderado por valor)",-6950614522.539936,49576234668.708405,32680902522.539936,70,82
2021-06-30,Industrials,0.1011888936320007,0.10559380600129396,-0.00440491236929326,0.10662506569487419,-0.005436172062873487,0.10396108298889067,-0.0027721893568899703,0.8,0.08462403337590017,0.10662506569487419,0.08212498335448884,0.019063910277511864,0.023150746856382104,-0.00408683657887024,0.3404255319148936,47,3,"Índice implícito (managers índice, ponderado por valor)",-13951852727.289526,42668414033.16092,28502056727.289528,38,44
2021-06-30,Information Technology,0.24453988795049938,0.23273111425127865,0.011808773699220732,0.23331300062157143,0.01122688732892796,0.23628499472858996,0.00825489322190942,1.0,0.09948181123838598,0.24453988795049938,0.2624638490491045,-0.01792396109860514,-0.02241122245420271,0.0044872613555975716,0.3829787234042553,47,3,"Índice implícito (managers índice, ponderado por valor)",-8129246409.998622,133281974032.98482,183564787409.99863,99,82
2021-06-30,Materials,0.034505907141309564,0.03667391489797192,-0.0021680077566623573,0.04269129546043825,-0.008185388319128684,0.040804228084394226,-0.006298320943084662,0.025,0.034505907141309564,0.06195264355819085,0.0589970009949948,-0.02449109385368524,-0.02400812712289683,-0.0004829667307884103,0.14893617021276595,47,3,"Índice implícito (managers índice, ponderado por valor)",1504876966.3245873,18711135872.003723,11936328033.675413,33,27
2021-06-30,Real Estate,0.02314761796516713,0.025686296965412872,-0.002538679000245743,0.02931312300588791,-0.006165505040720783,0.02873252272449717,-0.0055849047593300415,0.175,0.02011927875263429,0.03198893159393344,0.015252926125312503,0.007894691839854626,0.008775931396153045,-0.0008812395562984195,0.3191489361702128,47,3,"Índice implícito (managers índice, ponderado por valor)",4469408528.830692,9893418336.85456,-692629528.8306923,19,15
2021-06-30,Utilities,0.005754528452656606,0.006077116510260725,-0.0003225880576041189,0.006368548218110321,-0.0006140197654537155,0.0065060832684104624,-0.0007515548157538566,0.05,0.005740512703893827,0.010688982504220425,0.006324152563173701,-0.000569624110517095,-0.00018281112735182414,-0.0003868129831652708,0.3191489361702128,47,3,"Índice implícito (managers índice, ponderado por valor)",2984973099.9922667,3765823138.523676,31258900.007733684,9,8
2021-09-30,Communication Services,0.06231672019098511,0.05808212288982306,0.004234597301162046,0.05821098443068531,0.0041057357602998015,0.057585665365494566,0.004731054825490542,0.926829268292683,0.04955093215302272,0.06386235357441375,0.10317518941421253,-0.04085846922322742,-0.0300293809013112,-0.010829088321916217,0.1276595744680851,47,3,"Índice implícito (managers índice, ponderado por valor)",9223255114.073568,30552431489.332394,19785140885.926434,54,40
2021-09-30,Consumer Discretionary,0.15973369331998058,0.15788796803000443,0.0018457252899761467,0.16051792920484387,-0.000784235884863288,0.15506526569922427,0.00466842762075631,0.926829268292683,0.13918021311200737,0.16282881471486818,0.17692847097448752,-0.017194777654506943,-0.01915011480852649,0.0019553371540195486,0.3617021276595745,47,3,"Índice implícito (managers índice, ponderado por valor)",11612950858.256083,87458440023.46483,-5710732858.2560835,84,75
2021-09-30,Consumer Staples,0.049490410255685215,0.050837190719621485,-0.0013467804639362702,0.05151156915238938,-0.0020211588967041644,0.05001386259847752,-0.0005234523427923021,0.0975609756097561,0.04655849813540659,0.1152949946693621,0.03088788579397817,0.018602524461707046,0.017827918701946825,0.0007746057597602211,0.5531914893617021,47,3,"Índice implícito (managers índice, ponderado por valor)",-2547387987.3828683,17419930593.679066,-7297922012.617132,49,45
2021-09-30,Energy,0.06225583146341231,0.06119929245819216,0.0010565390052201529,0.05801411122219094,0.004241720241221374,0.05731489498518499,0.004940936478227326,0.36585365853658536,0.05531463104194558,0.08498374345118218,0.03994070473705402,0.02231512672635829,0.01968967448244028,0.002625452243918011,0.44680851063829785,47,3,"Índice implícito (managers índice, ponderado por valor)",-2297860472.369917,24481288769.195194,-3394197527.630083,46,38
2021-09-30,Financials,0.17901972281061834,0.18175120102854522,-0.0027314782179268804,0.17422376272577458,0.004795960084843759,0.17878750584714492,0.00023221696347341947,0.14634146341463414,0.17331374360789176,0.21773389573973564,0.13160062766838634,0.047419095142232,0.04682626483450941,0.000592830307722586,0.6170212765957447,47,3,"Índice implícito (managers índice, ponderado por valor)",-21846648176.729412,108741183833.70572,-3434048823.2705874,129,112
2021-09-30,Health Care,0.08025251449509846,0.08110538973218025,-0.0008528752370817877,0.08397756230215812,-0.0037250478070596643,0.08614656948865536,-0.005894054993556899,0.024390243902439025,0.08025251449509846,0.1367195180022354,0.09385663664272642,-0.013604122147627962,-0.01913828536361785,0.005534163215989887,0.2978723404255319,47,3,"Índice implícito (managers índice, ponderado por valor)",12285847899.75807,49130465365.79926,-14602851899.75807,83,81
2021-09-30,Industrials,0.1003917398160605,0.1011888936320007,-0.0007971538159401992,0.10204312020590339,-0.001651380389842888,0.10388087140578586,-0.0034891315897253583,0.7804878048780488,0.08462403337590017,0.10662506569487419,0.08030191148142239,0.020089828334638113,0.019063910277511864,0.0010259180571262488,0.3404255319148936,47,3,"Índice implícito (managers índice, ponderado por valor)",1089151835.5007818,37433930609.04637,-6473047835.500782,44,39
2021-09-30,Information Technology,0.24254421952370217,0.24453988795049938,-0.0019956684267972147,0.2383741370946323,0.004170082429069882,0.2367146268418718,0.0058295926818303645,0.975609756097561,0.09948181123838598,0.24453988795049938,0.2628293074597752,-0.020285087936073004,-0.01792396109860514,-0.002361126837467864,0.40425531914893614,47,3,"Índice implícito (managers índice, ponderado por valor)",-41497943570.64757,112905370916.16118,75522144570.64757,99,83
2021-09-30,Materials,0.039157635232703394,0.034505907141309564,0.004651728091393831,0.03840889009500058,0.0007487451377028165,0.039886312906275756,-0.0007286776735723616,0.12195121951219512,0.034505907141309564,0.06195264355819085,0.05846415095105024,-0.019306515718346844,-0.02449109385368524,0.0051845781353383955,0.2127659574468085,47,3,"Índice implícito (managers índice, ponderado por valor)",12452560298.9882,20762484044.390247,-288695298.988198,50,17
2021-09-30,Real Estate,0.019667421108239873,0.02314761796516713,-0.0034801968569272562,0.02868660537722053,-0.009019184268980657,0.02823050869161916,-0.008563087583379286,0.024390243902439025,0.019667421108239873,0.03198893159393344,0.01583844785408172,0.0038289732541581523,0.007894691839854626,-0.004065718585696473,0.3617021276595745,47,3,"Índice implícito (managers índice, ponderado por valor)",-4556346804.964927,14906662098.707783,1849218804.964927,22,22
2021-09-30,Utilities,0.005170091783513982,0.005754528452656606,-0.0005844366691426239,0.00603132818920105,-0.0008612364056870677,0.0063739161702658035,-0.0012038243867518216,0.024390243902439025,0.005170091783513982,0.010688982504220425,0.006176667022825453,-0.0010065752393114708,-0.000569624110517095,-0.00043695112879437586,0.2978723404255319,47,3,"Índice implícito (managers índice, ponderado por valor)",45511630.12116176,3814506182.6524224,-67083630.121161774,3,11
2021-12-31,Communication Services,0.0642829287817046,0.06231672019098511,0.001966208590719498,0.058405063247688425,0.0058778655340161814,0.058358635194217565,0.005924293587487042,1.0,0.04955093215302272,0.0642829287817046,0.09930978907206028,-0.03502686029035568,-0.04085846922322742,0.00583160893287174,0.1702127659574468,47,3,"Índice implícito (managers índice, ponderado por valor)",31912837427.412285,63375092672.33799,51839522572.587715,42,41
2021-12-31,Consumer Discretionary,0.15485537027662202,0.15973369331998058,-0.004878323043358557,0.15979727591503173,-0.00494190563840971,0.15701956065029338,-0.002164190373671354,0.8333333333333334,0.13918021311200737,0.16282881471486818,0.17504481013885062,-0.020189439862228598,-0.017194777654506943,-0.0029946622077216545,0.2978723404255319,47,3,"Índice implícito (managers índice, ponderado por valor)",19034050417.628315,81469064244.58214,90778140582.37169,93,102
2021-12-31,Consumer Staples,0.048303209008643926,0.049490410255685215,-0.001187201247041289,0.0503806448469299,-0.002077435838285978,0.05024448255525813,-0.0019412735466142056,0.07142857142857142,0.04655849813540659,0.1152949946693621,0.027011729333502304,0.021291479675141622,0.018602524461707046,0.0026889552134345754,0.574468085106383,47,3,"Índice implícito (managers índice, ponderado por valor)",13924726332.72346,35763737538.366425,6850280667.276541,61,42
2021-12-31,Energy,0.06359275751435675,0.06225583146341231,0.0013369260509444383,0.05645483063413766,0.007137926880219095,0.05796544878636869,0.005627308727988063,0.42857142857142855,0.05531463104194558,0.08498374345118218,0.037279702461406716,0.026313055052950035,0.02231512672635829,0.0039979283265917445,0.40425531914893614,47,3,"Índice implícito (managers índice, ponderado por valor)",5939938422.489317,15193157290.142628,20696814577.510685,49,28
2021-12-31,Financials,0.1815101537059694,0.17901972281061834,0.002490430895351059,0.17331374360789176,0.008196410098077644,0.17801236817955957,0.0034977855264098356,0.19047619047619047,0.17331374360789176,0.21773389573973564,0.13314195738240747,0.04836819632356193,0.047419095142232,0.000949101181329931,0.6170212765957447,47,3,"Índice implícito (managers índice, ponderado por valor)",10827156224.27804,99628113766.09467,91981489775.72195,134,96
2021-12-31,Health Care,0.07700098619939533,0.08025251449509846,-0.003251528295703132,0.08589237768983776,-0.008891391490442435,0.0851635031909101,-0.008162516991514768,0.023809523809523808,0.07700098619939533,0.1367195180022354,0.08734240997780202,-0.010341423778406689,-0.013604122147627962,0.003262698369221273,0.2765957446808511,47,3,"Índice implícito (managers índice, ponderado por valor)",-3333263816.9386435,52046213188.538864,32001347816.938644,90,75
2021-12-31,Industrials,0.10097970774011401,0.1003917398160605,0.0005879679240535091,0.10298250079709752,-0.002002793056983504,0.10350730023430607,-0.0025275924941920574,0.7857142857142857,0.08462403337590017,0.10662506569487419,0.08222187360191738,0.018757834138196636,0.020089828334638113,-0.0013319941964414772,0.3617021276595745,47,3,"Índice implícito (managers índice, ponderado por valor)",21668862977.171207,50313685826.83694,56595387022.8288,45,43
2021-12-31,Information Technology,0.24834988967200772,0.24254421952370217,0.005805670148305547,0.23713549280071122,0.011214396871296495,0.23698174401744998,0.011368145654557738,1.0,0.09948181123838598,0.24834988967200772,0.279196410617398,-0.03084652094539031,-0.020285087936073004,-0.010561433009317306,0.3617021276595745,47,3,"Índice implícito (managers índice, ponderado por valor)",-17767152515.655754,133443636197.11406,255397680515.65576,82,103
2021-12-31,Materials,0.037966229155727144,0.039157635232703394,-0.0011914060769762508,0.041151713959206145,-0.003185484803479001,0.03963478473428852,-0.0016685555785613745,0.07142857142857142,0.034505907141309564,0.06195264355819085,0.05605508778545685,-0.018088858629729705,-0.019306515718346844,0.0012176570886171384,0.2127659574468085,47,3,"Índice implícito (managers índice, ponderado por valor)",10250013864.025595,25010350843.932083,19626061135.974403,36,33
2021-12-31,Real Estate,0.018396527189899498,0.019667421108239873,-0.0012708939183403746,0.027676306756655365,-0.009279779566755866,0.026955696748874502,-0.008559169558975004,0.023809523809523808,0.018396527189899498,0.03198893159393344,0.017495409382724796,0.000901117807174702,0.0038289732541581523,-0.0029278554469834503,0.23404255319148937,47,3,"Índice implícito (managers índice, ponderado por valor)",171086131.45437524,8683407636.60143,5799945868.545625,22,17
2021-12-31,Utilities,0.004762240755559559,0.005170091783513982,-0.0004078510279544225,0.006810049744812534,-0.0020478089892529746,0.00615647570847354,-0.0013942349529139806,0.023809523809523808,0.004762240755559559,0.010688982504220425,0.005900820246473536,-0.0011385794909139768,-0.0010065752393114708,-0.000132004251602506,0.2978723404255319,47,3,"Índice implícito (managers índice, ponderado por valor)",394572421.6191551,3487018768.5720525,2133671578.3808448,10,9
2022-03-31,Communication Services,0.06703574861000677,0.0642829287817046,0.0027528198283021665,0.059761618525866325,0.007274130084140448,0.05933945349095582,0.007696295119050955,1.0,0.04955093215302272,0.06703574861000677,0.09949576443986631,-0.03246001582985954,-0.03502686029035568,0.00256684446049614,0.1702127659574468,47,3,"Índice implícito (managers índice, ponderado por valor)",8489413867.583955,37480249066.03785,-17826908867.583954,57,37
2022-03-31,Consumer Discretionary,0.15731575731950592,0.15485537027662202,0.002460387042883899,0.16282881471486818,-0.005513057395362259,0.15754811439015595,-0.00023235707065002997,0.8837209302325582,0.13918021311200737,0.16282881471486818,0.17617761419540365,-0.018861856875897726,-0.020189439862228598,0.001327582986330872,0.2978723404255319,47,3,"Índice implícito (managers índice, ponderado por valor)",-8368515714.561727,94257114241.7861,-21672408285.43827,117,80
2022-03-31,Consumer Staples,0.04776923889233328,0.048303209008643926,-0.0005339701163106433,0.0491453079595693,-0.001376069067236016,0.0504625714144128,-0.002693332522079518,0.06976744186046512,0.04655849813540659,0.1152949946693621,0.02548328591143453,0.022285952980898752,0.021291479675141622,0.0009944733057571306,0.6170212765957447,47,3,"Índice implícito (managers índice, ponderado por valor)",4653258878.7663355,19108538528.295258,-10938245878.766335,40,39
2022-03-31,Energy,0.06516787136558597,0.06359275751435675,0.001575113851229215,0.05874464972912077,0.0064232216364652,0.059000214595420084,0.006167656770165883,0.46511627906976744,0.05531463104194558,0.08498374345118218,0.03652454617450539,0.02864332519108058,0.026313055052950035,0.002330270138130544,0.425531914893617,47,3,"Índice implícito (managers índice, ponderado por valor)",37096586828.61508,54170766574.05563,-13773244828.615086,35,39
2022-03-31,Financials,0.18057912033221918,0.1815101537059694,-0.000931033373750223,0.1782961608490523,0.0022829594831668687,0.1776993299436022,0.002879790388616965,0.18604651162790697,0.17331374360789176,0.21773389573973564,0.13422181345984677,0.04635730687237241,0.04836819632356193,-0.002010889451189518,0.5957446808510638,47,3,"Índice implícito (managers índice, ponderado por valor)",1161285111.748804,99149548259.46481,-22696906111.748802,139,121
2022-03-31,Health Care,0.07430248852030046,0.07700098619939533,-0.0026984976790948717,0.08446119959530501,-0.010158711075004559,0.083867853808257,-0.00956536528795654,0.023255813953488372,0.07430248852030046,0.1367195180022354,0.0865880063705541,-0.012285517850253641,-0.010341423778406689,-0.0019440940718469524,0.2553191489361702,47,3,"Índice implícito (managers índice, ponderado por valor)",285426246.41280943,37953516034.54224,-14108533246.41281,62,68
2022-03-31,Industrials,0.10153190971426693,0.10097970774011401,0.0005522019741529133,0.10559380600129396,-0.004061896287027036,0.10303517017279798,-0.0015032604585310527,0.813953488372093,0.08462403337590017,0.10662506569487419,0.08348589401893908,0.01804601569532785,0.018757834138196636,-0.0007118184428687863,0.3191489361702128,47,3,"Índice implícito (managers índice, ponderado por valor)",-5058797422.5581875,33260287503.862286,-21728564577.44181,45,46
2022-03-31,Information Technology,0.24499547235424768,0.24834988967200772,-0.003354417317760039,0.23273111425127865,0.012264358102969025,0.23861962933524977,0.0063758430189979065,0.9767441860465116,0.09948181123838598,0.24834988967200772,0.2821216285299115,-0.03712615617566384,-0.03084652094539031,-0.006279635230273528,0.3617021276595745,47,3,"Índice implícito (managers índice, ponderado por valor)",6580299298.456696,106787783087.80003,-27385679298.456696,93,100
2022-03-31,Materials,0.039403931138027246,0.037966229155727144,0.001437701982300102,0.03667391489797192,0.0027300162400553246,0.03908188624534615,0.0003220448926810962,0.16279069767441862,0.034505907141309564,0.06195264355819085,0.055270149749093965,-0.01586621861106672,-0.018088858629729705,0.0022226400186629858,0.23404255319148937,47,3,"Índice implícito (managers índice, ponderado por valor)",14083251360.959621,26165682896.159798,-8846504360.959623,35,29
2022-03-31,Real Estate,0.016549971162780123,0.018396527189899498,-0.0018465560271193754,0.025686296965412872,-0.00913632580263275,0.025311584888870493,-0.00876161372609037,0.023255813953488372,0.016549971162780123,0.03198893159393344,0.014479754044678503,0.0020702171181016197,0.000901117807174702,0.0011690993109269177,0.3404255319148936,47,3,"Índice implícito (managers índice, ponderado por valor)",1809845150.0277805,11645942387.891716,-4786555150.027781,26,20
2022-03-31,Utilities,0.005348490590726429,0.004762240755559559,0.0005862498351668693,0.006077116510260725,-0.000728625919534296,0.006034191714931757,-0.0006857011242053287,0.06976744186046512,0.004762240755559559,0.010688982504220425,0.00615154310576618,-0.0008030525150397516,-0.0011385794909139768,0.00033552697587422523,0.3191489361702128,47,3,"Índice implícito (managers índice, ponderado por valor)",1589311711.9128616,5501134461.1580715,247753288.0871384,12,5
2022-06-30,Communication Services,0.06841276981933982,0.06703574861000677,0.001377021209333043,0.05808212288982306,0.010330646929516754,0.060464107619700135,0.007948662199639682,1.0,0.04955093215302272,0.06841276981933982,0.10763650548732667,-0.039223735667986856,-0.03246001582985954,-0.006763719838127319,0.19148936170212766,47,3,"Índice implícito (managers índice, ponderado por valor)",16954391060.668463,66084160270.605,-85978591060.66846,64,42
2022-06-30,Consumer Discretionary,0.15647067642651802,0.15731575731950592,-0.0008450808929879039,0.15788796803000443,-0.0014172916034864147,0.15848919625744387,-0.0020185198309258523,0.8409090909090909,0.13918021311200737,0.16282881471486818,0.17124148901149475,-0.014770812584976728,-0.018861856875897726,0.004091044290920998,0.3617021276595745,47,3,"Índice implícito (managers índice, ponderado por valor)",16034654748.468588,72854664301.18542,-159102826748.4686,98,87
2022-06-30,Consumer Staples,0.049868114261898626,0.04776923889233328,0.0020988753695653437,0.050837190719621485,-0.0009690764577228589,0.04982073937831098,4.737488358764336e-05,0.1590909090909091,0.04655849813540659,0.1152949946693621,0.02873563119406061,0.021132483067838017,0.022285952980898752,-0.0011534699130607354,0.574468085106383,47,3,"Índice implícito (managers índice, ponderado por valor)",-513219866.90027577,21064701380.997063,-26361822133.099724,46,44
2022-06-30,Energy,0.06556193852658339,0.06516787136558597,0.00039406716099742167,0.06119929245819216,0.004362646068391228,0.060213603890607925,0.005348334635975463,0.5,0.05531463104194558,0.08498374345118218,0.0352341201960545,0.03032781833052889,0.02864332519108058,0.0016844931394483093,0.44680851063829785,47,3,"Índice implícito (managers índice, ponderado por valor)",6537065317.194663,20784719449.87852,-58453204317.194664,38,32
2022-06-30,Financials,0.1839505114401294,0.18057912033221918,0.00337139110791021,0.18175120102854522,0.0021993104115841655,0.17827759629061993,0.005672915149509461,0.25,0.17331374360789176,0.21773389573973564,0.13478175288331792,0.049168758556811465,0.04635730687237241,0.0028114516844390536,0.5957446808510638,47,3,"Índice implícito (managers índice, ponderado por valor)",7929920453.126663,81360933175.92178,-132628228453.12666,132,115
2022-06-30,Health Care,0.07958875044566735,0.07430248852030046,0.005286261925366895,0.08110538973218025,-0.001516639286512897,0.08164403922247336,-0.0020552887768060107,0.06818181818181818,0.07430248852030046,0.1367195180022354,0.08862006508017717,-0.009031314634509818,-0.012285517850253641,0.0032542032157438228,0.3191489361702128,47,3,"Índice implícito (managers índice, ponderado por valor)",-1728537525.1665862,41602351526.799164,-64583512474.83341,88,60
2022-06-30,Industrials,0.09793482668985992,0.10153190971426693,-0.003597083024407005,0.1011888936320007,-0.003254066942140782,0.10266709295020139,-0.0047322662603414695,0.7272727272727273,0.08462403337590017,0.10662506569487419,0.08578432986717884,0.012150496822681087,0.01804601569532785,-0.005895518872646763,0.2765957446808511,47,3,"Índice implícito (managers índice, ponderado por valor)",-4102114367.7416763,26708374845.24588,-64089673632.25832,40,55
2022-06-30,Information Technology,0.23718369882640206,0.24499547235424768,-0.007811773527845622,0.24453988795049938,-0.007356189124097329,0.24024790178358132,-0.0030642029571792684,0.8181818181818182,0.09948181123838598,0.24834988967200772,0.2691581495382724,-0.03197445071187033,-0.03712615617566384,0.00515170546379351,0.3617021276595745,47,3,"Índice implícito (managers índice, ponderado por valor)",-31926308305.66911,87011410854.97478,-333586350694.3309,91,88
2022-06-30,Materials,0.03872038495396008,0.039403931138027246,-0.0006835461840671644,0.034505907141309564,0.0042144778126505175,0.03874493963504803,-2.4554681087946006e-05,0.11363636363636363,0.034505907141309564,0.06195264355819085,0.05708890246072934,-0.01836851750676926,-0.01586621861106672,-0.00250229889570254,0.19148936170212766,47,3,"Índice implícito (managers índice, ponderado por valor)",-15466711422.188244,30167055861.398926,-46566388577.81176,30,31
2022-06-30,Real Estate,0.016840218316542865,0.016549971162780123,0.00029024715376274254,0.02314761796516713,-0.006307399648624264,0.023640483691407914,-0.0068002653748650485,0.045454545454545456,0.016549971162780123,0.03198893159393344,0.015025684140479457,0.0018145341760634082,0.0020702171181016197,-0.00025568294203821146,0.3191489361702128,47,3,"Índice implícito (managers índice, ponderado por valor)",322606539.2374909,7383581653.12118,-10481870539.237492,14,19
2022-06-30,Utilities,0.005468110293098512,0.005348490590726429,0.00011961970237208287,0.005754528452656606,-0.00028641815955809426,0.005790299280605151,-0.0003221889875066391,0.09090909090909091,0.004762240755559559,0.010688982504220425,0.006693370140908352,-0.0012252598478098408,-0.0008030525150397516,-0.0004222073327700892,0.3404255319148936,47,3,"Índice implícito (managers índice, ponderado por valor)",-3803285444.9719114,7876013511.893429,-3817899555.0280886,12,12
2022-09-30,Communication Services,0.06977622456361372,0.06841276981933982,0.0013634547442739064,0.06231672019098511,0.007459504372628614,0.062063494562012426,0.0077127300016012965,1.0,0.04955093215302272,0.06977622456361372,0.11177367675681874,-0.04199745219320501,-0.039223735667986856,-0.002773716525218156,0.1702127659574468,47,3,"Índice implícito (managers índice, ponderado por valor)",2483208753.020945,51828025644.883064,-16330928753.020945,49,52
2022-09-30,Consumer Discretionary,0.15895600036220411,0.15647067642651802,0.0024853239356860957,0.15973369331998058,-0.0007776929577764657,0.15867593565092183,0.0002800647112822796,0.9111111111111111,0.13918021311200737,0.16282881471486818,0.17614235538402567,-0.01718635502182156,-0.014770812584976728,-0.002415542436844831,0.3404255319148936,47,3,"Índice implícito (managers índice, ponderado por valor)",20012717848.17241,73320247137.83844,-31754368848.17241,94,87
2022-09-30,Consumer Staples,0.05135810297391299,0.049868114261898626,0.0014899887120143618,0.049490410255685215,0.001867692718227773,0.049663210637133894,0.0016948923367790941,0.26666666666666666,0.04655849813540659,0.1152949946693621,0.028531166263506973,0.022826936710406014,0.021132483067838017,0.0016944536425679974,0.5957446808510638,47,3,"Índice implícito (managers índice, ponderado por valor)",9088090525.01691,22071838671.309444,-11157691525.01691,46,41
2022-09-30,Energy,0.06314872433812488,0.06556193852658339,-0.0024132141884585095,0.06225583146341231,0.0008928928747125656,0.061373910364197495,0.0017748139739273833,0.37777777777777777,0.05531463104194558,0.08498374345118218,0.03389306462749244,0.029255659710632438,0.03032781833052889,-0.0010721586198964503,0.3829787234042553,47,3,"Índice implícito (managers índice, ponderado por valor)",-1035414964.332104,27126922147.789246,-15310267035.667896,44,42
2022-09-30,Financials,0.18381616712924892,0.1839505114401294,-0.00013434431088046872,0.17901972281061834,0.004796444318630577,0.17908054706252502,0.0047356200667239,0.24444444444444444,0.17331374360789176,0.21773389573973564,0.1350042059665748,0.04881196116267411,0.049168758556811465,-0.0003567973941373537,0.5957446808510638,47,3,"Índice implícito (managers índice, ponderado por valor)",13836573374.107082,94993438776.73636,-37316191374.10708,133,94
2022-09-30,Health Care,0.08303350904832911,0.07958875044566735,0.00344475860266176,0.08025251449509846,0.0027809945532306507,0.08082265862249284,0.0022108504258362693,0.13333333333333333,0.07430248852030046,0.1367195180022354,0.08928388328293321,-0.006250374234604103,-0.009031314634509818,0.0027809403999057153,0.3191489361702128,47,3,"Índice implícito (managers índice, ponderado por valor)",14916925366.089256,37918677955.44343,-14149143366.089256,89,76
2022-09-30,Industrials,0.09251876833433001,0.09793482668985992,-0.0054160583555299124,0.1003917398160605,-0.007872971481730495,0.10158081307457462,-0.009062044740244607,0.37777777777777777,0.08462403337590017,0.10662506569487419,0.08383045981889507,0.008688308515434937,0.012150496822681087,-0.00346218830724615,0.23404255319148937,47,3,"Índice implícito (managers índice, ponderado por valor)",-1130879148.9395335,36913098399.307724,-25872015851.060467,41,52
2022-09-30,Information Technology,0.23553658078252698,0.23718369882640206,-0.0016471180438750732,0.24254421952370217,-0.007007638741175187,0.24073173905918513,-0.005195158276658146,0.7777777777777778,0.09948181123838598,0.24834988967200772,0.2607802048650811,-0.025243624082554095,-0.03197445071187033,0.006730826629316233,0.3617021276595745,47,3,"Índice implícito (managers índice, ponderado por valor)",10997142457.15341,59560922475.778534,-119619348457.15341,103,92
2022-09-30,Materials,0.03912699237348561,0.03872038495396008,0.0004066074195255287,0.039157635232703394,-3.064285921778459e-05,0.03824857582173826,0.0008784165517473491,0.15555555555555556,0.034505907141309564,0.06195264355819085,0.0593004529457869,-0.020173460572301287,-0.01836851750676926,-0.0018049430655320275,0.1702127659574468,47,3,"Índice implícito (managers índice, ponderado por valor)",-10346299789.394133,20765796017.349785,-2952236210.605867,25,34
2022-09-30,Real Estate,0.016734803378438808,0.016840218316542865,-0.00010541493810405783,0.019667421108239873,-0.0029326177298010653,0.02208137060523978,-0.005346567226800974,0.044444444444444446,0.016549971162780123,0.03198893159393344,0.014586101278148852,0.0021487021002899558,0.0018145341760634082,0.0003341679242265475,0.3404255319148936,47,3,"Índice implícito (managers índice, ponderado por valor)",835250891.3670799,6189814072.024661,-5559181891.36708,20,16
2022-09-30,Utilities,0.005994126715784881,0.005468110293098512,0.0005260164226863692,0.005170091783513982,0.0008240349322708989,0.005677744539978674,0.00031638217580620687,0.15555555555555556,0.004762240755559559,0.010688982504220425,0.006874428810736244,-0.0008803020949513631,-0.0012252598478098408,0.0003449577528584777,0.3191489361702128,47,3,"Índice implícito (managers índice, ponderado por valor)",2074820690.3812482,6246376755.632569,-1323368690.3812482,10,10
2022-12-31,Communication Services,0.07481507848886008,0.06977622456361372,0.0050388539252463616,0.0642829287817046,0.010532149707155478,0.06350914957862848,0.011305928910231605,1.0,0.04955093215302272,0.07481507848886008,0.11551892978426645,-0.040703851295406365,-0.04199745219320501,0.0012936008977986468,0.14893617021276595,47,3,"Índice implícito (managers índice, ponderado por valor)",30739538635.63962,51187190410.67934,28014736004.36038,58,37
2022-12-31,Consumer Discretionary,0.1566124319714242,0.15895600036220411,-0.0023435683907799265,0.15485537027662202,0.0017570616948021645,0.15848069454559188,-0.001868262574167695,0.8260869565217391,0.13918021311200737,0.16282881471486818,0.17628718579563232,-0.019674753824208135,-0.01718635502182156,-0.0024883988023865766,0.3191489361702128,47,3,"Índice implícito (managers índice, ponderado por valor)",-19280292509.508987,51207318461.60315,61101849591.50899,91,88
2022-12-31,Consumer Staples,0.05046926864188776,0.05135810297391299,-0.0008888343320252248,0.048303209008643926,0.0021660596332438373,0.04964402736482434,0.0008252412770634251,0.21739130434782608,0.04655849813540659,0.1152949946693621,0.025016593105821484,0.02545267553606628,0.022826936710406014,0.002625738825660265,0.6382978723404256,47,3,"Índice implícito (managers índice, ponderado por valor)",-610813208.8538195,22853395353.623863,8034068639.85382,50,43
2022-12-31,Energy,0.0631296772969701,0.06314872433812488,-1.9047041154782174e-05,0.06359275751435675,-0.00046308021738665495,0.06201573700368923,0.0011139402932808656,0.3695652173913043,0.05531463104194558,0.08498374345118218,0.031990315880989724,0.031139361415980372,0.029255659710632438,0.0018837017053479344,0.40425531914893614,47,3,"Índice implícito (managers índice, ponderado por valor)",3243110712.3213067,17501307300.539425,14918995530.678694,36,39
2022-12-31,Financials,0.18679623666326764,0.18381616712924892,0.00298006953401872,0.1815101537059694,0.005286082957298238,0.18027959761295934,0.006516639050308304,0.32608695652173914,0.17331374360789176,0.21773389573973564,0.13286541070229374,0.0539308259609739,0.04881196116267411,0.005118864798299788,0.5957446808510638,47,3,"Índice implícito (managers índice, ponderado por valor)",19995892427.262268,76038717680.06131,38657075686.73773,121,99
2022-12-31,Health Care,0.08307800086770313,0.08303350904832911,4.449181937402069e-05,0.07700098619939533,0.006077014668307804,0.08070465196576421,0.0023733489019389237,0.15217391304347827,0.07430248852030046,0.1367195180022354,0.09915128055167535,-0.016073279683972222,-0.006250374234604103,-0.009822905449368119,0.2553191489361702,47,3,"Índice implícito (managers índice, ponderado por valor)",6609395850.09066,42258392313.99949,30824332299.90934,90,75
2022-12-31,Industrials,0.0918991592544669,0.09251876833433001,-0.0006196090798631093,0.10097970774011401,-0.009080548485647114,0.10039026909062795,-0.008491109836161054,0.34782608695652173,0.08462403337590017,0.10662506569487419,0.08287724311790928,0.009021916136557617,0.008688308515434937,0.0003336076211226807,0.23404255319148937,47,3,"Índice implícito (managers índice, ponderado por valor)",-2735490556.8400745,23628451730.14952,22272239217.840076,43,42
2022-12-31,Information Technology,0.22945685277487257,0.23553658078252698,-0.006079728007654411,0.24834988967200772,-0.018893036897135146,0.240377044520172,-0.010920191745299429,0.6739130434782609,0.09948181123838598,0.24834988967200772,0.25736616129036144,-0.027909308515488868,-0.025243624082554095,-0.002665684432934773,0.3404255319148936,47,3,"Índice implícito (managers índice, ponderado por valor)",-3013352929.258376,52620972602.5449,80350187591.25838,84,88
2022-12-31,Materials,0.040960372126902116,0.03912699237348561,0.0018333797534165058,0.037966229155727144,0.002994142971174972,0.03833833860654889,0.0026220335203532286,0.21739130434782608,0.034505907141309564,0.06195264355819085,0.058586556819282425,-0.01762618469238031,-0.020173460572301287,0.002547275879920978,0.1702127659574468,47,3,"Índice implícito (managers índice, ponderado por valor)",4319362787.511511,16246297405.668358,18156918053.48849,35,26
2022-12-31,Real Estate,0.01628258947807672,0.016734803378438808,-0.0004522139003620869,0.018396527189899498,-0.0021139377118227776,0.020587395355392068,-0.004304805877315347,0.021739130434782608,0.01628258947807672,0.03198893159393344,0.013948512324945848,0.002334077153130873,0.0021487021002899558,0.00018537505284091718,0.3617021276595745,47,3,"Índice implícito (managers índice, ponderado por valor)",-330917462.7522795,7144139636.123083,1684713851.7522793,14,14
2022-12-31,Utilities,0.006500332435568828,0.005994126715784881,0.0005062057197839469,0.004762240755559559,0.0017380916800092683,0.005673094355801654,0.0008272380797671739,0.2608695652173913,0.004762240755559559,0.010688982504220425,0.006391810626821912,0.0001085218087469161,-0.0008803020949513631,0.0009888239036982792,0.40425531914893614,47,3,"Índice implícito (managers índice, ponderado por valor)",356162391.23629284,4303710705.429685,1285886204.7637072,13,6
2023-03-31,Communication Services,0.07554817834052914,0.07481507848886008,0.0007330998516690557,0.06703574861000677,0.008512429730522367,0.06556040148377494,0.009987776856754199,1.0,0.04955093215302272,0.07554817834052914,0.11743355897628172,-0.041885380635752575,-0.040703851295406365,-0.0011815293403462102,0.1702127659574468,47,3,"Índice implícito (managers índice, ponderado por valor)",-3444728754.3773932,35686787068.48481,52264798806.377396,44,46
2023-03-31,Consumer Discretionary,0.1589653248681845,0.1566124319714242,0.0023528928967603002,0.15731575731950592,0.0016495675486785655,0.15808258905264091,0.0008827358155435727,0.9148936170212766,0.13918021311200737,0.16282881471486818,0.17689906687504375,-0.017933742006859266,-0.019674753824208135,0.0017410118173488698,0.2978723404255319,47,3,"Índice implícito (managers índice, ponderado por valor)",-15476254643.319378,103403542663.25386,59664473315.319374,94,85
2023-03-31,Consumer Staples,0.049042939583947544,0.05046926864188776,-0.001426329057940219,0.04776923889233328,0.0012737006916142615,0.049655105339194074,-0.0006121657552465298,0.10638297872340426,0.04655849813540659,0.1152949946693621,0.02487597131845326,0.024166968265494283,0.02545267553606628,-0.0012857072705719959,0.6170212765957447,47,3,"Índice implícito (managers índice, ponderado por valor)",636684537.050703,30042231581.967777,9106192342.949297,49,51
2023-03-31,Energy,0.0638600949870871,0.0631296772969701,0.0007304176901170023,0.06516787136558597,-0.0013077763784988677,0.06285009283654329,0.0010100021505438095,0.44680851063829785,0.05531463104194558,0.08498374345118218,0.03175110682179503,0.03210898816529207,0.031139361415980372,0.0009696267493116972,0.425531914893617,47,3,"Índice implícito (managers índice, ponderado por valor)",-8780091416.360052,32916593037.619205,21023983586.360054,42,32
2023-03-31,Financials,0.18807873686118293,0.18679623666326764,0.0012825001979152872,0.18057912033221918,0.007499616528963748,0.18196490924488132,0.006113827616301609,0.3404255319148936,0.17331374360789176,0.21773389573973564,0.1257896986034795,0.06228903825770343,0.0539308259609739,0.008358212296729534,0.723404255319149,47,3,"Índice implícito (managers índice, ponderado por valor)",6560712019.224541,108637056024.85039,61439808219.77546,133,109
2023-03-31,Health Care,0.0778000008311585,0.08307800086770313,-0.005278000036544633,0.07430248852030046,0.003497512310858042,0.08035285486299738,-0.002552854031838886,0.06382978723404255,0.07430248852030046,0.1367195180022354,0.09596002986933357,-0.01816002903817507,-0.016073279683972222,-0.0020867493542028465,0.23404255319148937,47,3,"Índice implícito (managers índice, ponderado por valor)",2619933739.7957,45900473139.83149,17091690682.2043,76,74
2023-03-31,Industrials,0.09025634785872287,0.0918991592544669,-0.0016428113957440288,0.10153190971426693,-0.011275561855544056,0.09900485139779912,-0.008748503539076247,0.2765957446808511,0.08462403337590017,0.10662506569487419,0.08375366642154244,0.006502681437180427,0.009021916136557617,-0.0025192346993771902,0.23404255319148937,47,3,"Índice implícito (managers índice, ponderado por valor)",13316911819.045248,49445336589.20002,28839480445.95475,52,46
2023-03-31,Information Technology,0.23118164171498293,0.22945685277487257,0.0017247889401103556,0.24499547235424768,-0.013813830639264751,0.23941721451694215,-0.008235572801959218,0.6808510638297872,0.09948181123838598,0.24834988967200772,0.26398578118872285,-0.03280413947373992,-0.027909308515488868,-0.004894830958251051,0.3617021276595745,47,3,"Índice implícito (managers índice, ponderado por valor)",-58786682573.57982,135948318662.25505,156645937475.57983,80,93
2023-03-31,Materials,0.043595653689364355,0.040960372126902116,0.0026352815624622397,0.039403931138027246,0.00419172255133711,0.038314420877510885,0.00528123281185347,0.40425531914893614,0.034505907141309564,0.06195264355819085,0.059749507478664636,-0.01615385378930028,-0.01762618469238031,0.0014723309030800283,0.19148936170212766,47,3,"Índice implícito (managers índice, ponderado por valor)",-1339554173.2525847,17560022281.1962,17495412426.252583,40,30
2023-03-31,Real Estate,0.015213113187296354,0.01628258947807672,-0.0010694762907803666,0.016549971162780123,-0.0013368579754837687,0.01916318069556974,-0.003950067508273385,0.02127659574468085,0.015213113187296354,0.03198893159393344,0.013644910444337965,0.0015682027429583887,0.002334077153130873,-0.0007658744101724842,0.3617021276595745,47,3,"Índice implícito (managers índice, ponderado por valor)",5283903224.4055195,15831484070.894173,1761037687.594481,25,16
2023-03-31,Utilities,0.006457968077543795,0.006500332435568828,-4.236435802503283e-05,0.005348490590726429,0.0011094774868173661,0.0056343796921461894,0.0008235883853976054,0.2553191489361702,0.004762240755559559,0.010688982504220425,0.006156702002345315,0.00030126607519847994,0.0001085218087469161,0.00019274426645156384,0.3617021276595745,47,3,"Índice implícito (managers índice, ponderado por valor)",266190735.9728853,4737600879.648265,531218186.02711475,11,8
2023-06-30,Communication Services,0.07984492117854751,0.07554817834052914,0.004296742838018369,0.06841276981933982,0.011432151359207693,0.06753372146060779,0.012311199717939716,1.0,0.04955093215302272,0.07984492117854751,0.11580634343161118,-0.035961422253063674,-0.041885380635752575,0.005923958382688901,0.1702127659574468,47,3,"Índice implícito (managers índice, ponderado por valor)",-1131466423.3867574,46116619999.80346,61335088616.38676,60,44
2023-06-30,Consumer Discretionary,0.1530398837646159,0.1589653248681845,-0.005925441103568574,0.15647067642651802,-0.0034307926619021045,0.1575996528218055,-0.004559769057189578,0.6458333333333334,0.13918021311200737,0.16282881471486818,0.17253139941270543,-0.019491515648089514,-0.017933742006859266,-0.0015577736412302479,0.3191489361702128,47,3,"Índice implícito (managers índice, ponderado por valor)",1601156536.7138438,121077832450.77942,76250980621.28616,93,93
2023-06-30,Consumer Staples,0.04731063499719871,0.049042939583947544,-0.001732304586748834,0.049868114261898626,-0.002557479264699916,0.04964230929224135,-0.002331674295042642,0.041666666666666664,0.04655849813540659,0.1152949946693621,0.022706043506022903,0.024604591491175807,0.024166968265494283,0.00043762322568152365,0.6595744680851063,47,3,"Índice implícito (managers índice, ponderado por valor)",471742157.82310945,31202438919.898506,14619516704.176891,50,42
2023-06-30,Energy,0.06321282920797573,0.0638600949870871,-0.0006472657791113667,0.06556193852658339,-0.002349109318607656,0.06348952349378909,-0.0002766942858133531,0.3958333333333333,0.05531463104194558,0.08498374345118218,0.03082791546498207,0.03238491374299366,0.03210898816529207,0.0002759255777015912,0.44680851063829785,47,3,"Índice implícito (managers índice, ponderado por valor)",2353963680.8130674,22081156639.20009,17533427966.18693,35,41
2023-06-30,Financials,0.18414374868796202,0.18807873686118293,-0.00393498817322091,0.1839505114401294,0.0001932372478326283,0.18318773124639762,0.0009560174415643996,0.2916666666666667,0.17331374360789176,0.21773389573973564,0.12342677494161394,0.060716973746348074,0.06228903825770343,-0.0015720645113553589,0.7021276595744681,47,3,"Índice implícito (managers índice, ponderado por valor)",885065999.4246813,109988141639.34106,84236045561.57532,132,101
2023-06-30,Health Care,0.07467924455252448,0.0778000008311585,-0.003120756278634021,0.07958875044566735,-0.004909505893142874,0.07952020501747907,-0.004840960464954594,0.041666666666666664,0.07430248852030046,0.1367195180022354,0.09093967429644721,-0.016260429743922736,-0.01816002903817507,0.0018995992942523326,0.2553191489361702,47,3,"Índice implícito (managers índice, ponderado por valor)",4547194678.190974,61476747863.238144,27616353733.809025,86,83
2023-06-30,Industrials,0.08715199128052226,0.09025634785872287,-0.003104356578200615,0.09793482668985992,-0.010782835409337665,0.09708766912997774,-0.009935677849455482,0.14583333333333334,0.08462403337590017,0.10662506569487419,0.08743874985065925,-0.00028675857013699124,0.006502681437180427,-0.006789440007317418,0.23404255319148937,47,3,"Índice implícito (managers índice, ponderado por valor)",-2243154292.8994226,25621325432.52309,43383697921.89942,38,43
2023-06-30,Information Technology,0.2485998947311207,0.23118164171498293,0.01741825301613778,0.23718369882640206,0.011416195904718651,0.2392235304499052,0.009376364281215521,1.0,0.09948181123838598,0.2485998947311207,0.27939002178180194,-0.030790127050681237,-0.03280413947373992,0.002014012423058681,0.3829787234042553,47,3,"Índice implícito (managers índice, ponderado por valor)",22288098613.1415,118969107505.82928,220836684868.8585,86,82
2023-06-30,Materials,0.04310255242328715,0.043595653689364355,-0.0004931012660772047,0.03872038495396008,0.00438216746932707,0.039179638226434936,0.003922914196852215,0.375,0.034505907141309564,0.06195264355819085,0.05866229666170624,-0.01555974423841909,-0.01615385378930028,0.0005941095508811903,0.2127659574468085,47,3,"Índice implícito (managers índice, ponderado por valor)",10880440133.122774,30862664495.092182,26986559963.877228,29,38
2023-06-30,Real Estate,0.012382896157859433,0.015213113187296354,-0.002830217029436921,0.016840218316542865,-0.004457322158683432,0.01785403272330517,-0.0054711365654457386,0.020833333333333332,0.012382896157859433,0.03198893159393344,0.012829994658224668,-0.0004470985003652353,0.0015682027429583887,-0.002015301243323624,0.3191489361702128,47,3,"Índice implícito (managers índice, ponderado por valor)",4845571582.360025,11929845821.829885,4801432921.639975,19,17
2023-06-30,Utilities,0.006531403018386087,0.006457968077543795,7.343494084229192e-05,0.005468110293098512,0.0010632927252875752,0.005681986138056574,0.0008494168803295128,0.2916666666666667,0.004762240755559559,0.010688982504220425,0.005440785994225173,0.001090617024160914,0.00030126607519847994,0.0007893509489624341,0.425531914893617,47,3,"Índice implícito (managers índice, ponderado por valor)",2144407791.577456,7798931790.49994,78050798.42254412,14,10
2023-09-30,Communication Services,0.08379780484783314,0.07984492117854751,0.003952883669285631,0.06977622456361372,0.014021580284219418,0.07025407124669834,0.013543733601134797,1.0,0.04955093215302272,0.08379780484783314,0.11773752747391542,-0.033939722626082275,-0.035961422253063674,0.002021699626981399,0.19148936170212766,47,3,"Índice implícito (managers índice, ponderado por valor)",-23041399673.654907,65525539109.782906,-21278622156.345097,52,47
2023-09-30,Consumer Discretionary,0.15250849595337507,0.1530398837646159,-0.0005313878112408466,0.15895600036220411,-0.006447504408829047,0.1569936422886319,-0.0044851463352568455,0.6326530612244898,0.13918021311200737,0.16282881471486818,0.1730847391481746,-0.02057624319479953,-0.019491515648089514,-0.0010847275467100181,0.3404255319148936,47,3,"Índice implícito (managers índice, ponderado por valor)",-12674378263.803106,66125495383.951904,-32781930918.196896,82,93
2023-09-30,Consumer Staples,0.048124864488120665,0.04731063499719871,0.0008142294909219555,0.05135810297391299,-0.0032332384857923224,0.049201489826938505,-0.0010766253388178396,0.10204081632653061,0.04655849813540659,0.1152949946693621,0.022218036337286102,0.025906828150834563,0.024604591491175807,0.0013022366596587565,0.7021276595744681,47,3,"Índice implícito (managers índice, ponderado por valor)",-10933960226.98976,30735683742.58214,-3152888880.010241,50,54
2023-09-30,Energy,0.06358228922779627,0.06321282920797573,0.0003694600198205361,0.06314872433812488,0.0004335648896713895,0.06374121558751203,-0.00015892635971576086,0.42857142857142855,0.05531463104194558,0.08498374345118218,0.030251366893169467,0.0333309223346268,0.03238491374299366,0.0009460085916331365,0.44680851063829785,47,3,"Índice implícito (managers índice, ponderado por valor)",188991830.24653035,18555028624.41699,-13686139278.24653,37,31
2023-09-30,Financials,0.17997101041226277,0.18414374868796202,-0.00417273827569925,0.18381616712924892,-0.0038451567169861534,0.18348679970382473,-0.0035157892915619604,0.16326530612244897,0.17331374360789176,0.21773389573973564,0.12319013153356943,0.05678087887869333,0.060716973746348074,-0.003936094867654741,0.7021276595744681,47,3,"Índice implícito (managers índice, ponderado por valor)",6000562608.988491,95643456270.97397,-27785579149.98849,107,95
2023-09-30,Health Care,0.07561012523718272,0.07467924455252448,0.0009308806846582418,0.08303350904832911,-0.007423383811146392,0.0787169368700221,-0.003106811632839379,0.061224489795918366,0.07430248852030046,0.1367195180022354,0.0921529913550951,-0.016542866117912378,-0.016260429743922736,-0.00028243637398964183,0.2765957446808511,47,3,"Índice implícito (managers índice, ponderado por valor)",1920908989.230177,49879635837.82359,-10673270145.230177,76,68
2023-09-30,Industrials,0.08841065878801287,0.08715199128052226,0.00125866750749061,0.09251876833433001,-0.004108109546317143,0.09533305633604292,-0.006922397548030049,0.20408163265306123,0.08462403337590017,0.10662506569487419,0.08491070864320563,0.0034999501448072373,-0.00028675857013699124,0.0037867087149442286,0.2127659574468085,47,3,"Índice implícito (managers índice, ponderado por valor)",-4950833787.316378,27188745083.60427,-12553112785.683622,52,39
2023-09-30,Information Technology,0.24856466647496578,0.2485998947311207,-3.522825615492886e-05,0.23553658078252698,0.013028085692438796,0.23973103129748286,0.008833635177482924,0.9795918367346939,0.09948181123838598,0.2485998947311207,0.2780720081543667,-0.029507341679400945,-0.030790127050681237,0.0012827853712802928,0.3829787234042553,47,3,"Índice implícito (managers índice, ponderado por valor)",-15779360972.092745,113137254512.18784,-89681595166.90726,101,81
2023-09-30,Materials,0.041508443949964675,0.04310255242328715,-0.0015941084733224753,0.03912699237348561,0.0023814515764790656,0.04025421888668213,0.0012542250632825436,0.2653061224489796,0.034505907141309564,0.06195264355819085,0.05904831753524333,-0.017539873585278656,-0.01555974423841909,-0.001980129346859566,0.19148936170212766,47,3,"Índice implícito (managers índice, ponderado por valor)",4157299236.160223,52482916114.51481,217629199.8397776,29,30
2023-09-30,Real Estate,0.012314498936603515,0.012382896157859433,-6.839722125591766e-05,0.016734803378438808,-0.004420304441835292,0.01650844249739171,-0.004193943560788194,0.02040816326530612,0.012314498936603515,0.03198893159393344,0.013931496268955236,-0.001616997332351721,-0.0004470985003652353,-0.0011698988319864857,0.3829787234042553,47,3,"Índice implícito (managers índice, ponderado por valor)",419304682.8704197,12571688746.913805,1518539225.1295805,17,17
2023-09-30,Utilities,0.005607141683882519,0.006531403018386087,-0.0009242613345035681,0.005994126715784881,-0.0003869850319023621,0.005779095458772759,-0.00017195377489024038,0.10204081632653061,0.004762240755559559,0.010688982504220425,0.005402676657018953,0.0002044650268635661,0.001090617024160914,-0.000886151997297348,0.40425531914893614,47,3,"Índice implícito (managers índice, ponderado por valor)",-1693704295.6596465,3560179333.8517876,-902773665.3403535,6,13
2023-12-31,Communication Services,0.07467468266279294,0.08379780484783314,-0.009123122185040203,0.07481507848886008,-0.00014039582606714673,0.07293920682880435,0.0017354758339885867,0.92,0.04955093215302272,0.08379780484783314,0.10691512942718581,-0.032240446764392874,-0.033939722626082275,0.0016992758616894005,0.2127659574468085,47,3,"Índice implícito (managers índice, ponderado por valor)",-29757646069.911575,55255988802.30114,31446884155.91157,44,47
2023-12-31,Consumer Discretionary,0.15692172216236916,0.15250849595337507,0.004413226208994092,0.1566124319714242,0.0003092901909449719,0.15609049261780622,0.0008312295445629392,0.84,0.13918021311200737,0.16282881471486818,0.17746986084790792,-0.020548138685538758,-0.02057624319479953,2.8104509260773458e-05,0.3191489361702128,47,3,"Índice implícito (managers índice, ponderado por valor)",10553974524.03437,85972166950.99374,114374823253.96564,106,91
2023-12-31,Consumer Staples,0.047026168589872575,0.048124864488120665,-0.0010986958982480907,0.05046926864188776,-0.0034431000520151883,0.04903079660599294,-0.0020046280161203633,0.04,0.04655849813540659,0.1152949946693621,0.021417171461797932,0.025608997128074643,0.025906828150834563,-0.0002978310227599208,0.6808510638297872,47,3,"Índice implícito (managers índice, ponderado por valor)",16528656413.24838,35195650765.75507,15500914595.75162,47,44
2023-12-31,Energy,0.062303440940575494,0.06358228922779627,-0.001278848287220774,0.0631296772969701,-0.0008262363563946024,0.06390702280806002,-0.0016035818674845215,0.32,0.05531463104194558,0.08498374345118218,0.02937546793685385,0.03292797300372165,0.0333309223346268,-0.00040294933090515017,0.46808510638297873,47,3,"Índice implícito (managers índice, ponderado por valor)",-4880735184.49289,30745543791.252888,21171919476.49289,32,34
2023-12-31,Financials,0.19023917803353182,0.17997101041226277,0.010268167621269059,0.18679623666326764,0.0034429413702641853,0.18360571065403028,0.006633467379501545,0.4,0.17331374360789176,0.21773389573973564,0.1251156451764447,0.06512353285708714,0.05678087887869333,0.008342653978393802,0.7021276595744681,47,3,"Índice implícito (managers índice, ponderado por valor)",21141912502.276505,97244098464.80347,122333046280.7235,133,98
2023-12-31,Health Care,0.07393025895987382,0.07561012523718272,-0.0016798662773089001,0.08307800086770313,-0.009147741907829313,0.07813663821278263,-0.004206379252908815,0.02,0.07393025895987382,0.1367195180022354,0.08985109706185763,-0.015920838101983817,-0.016542866117912378,0.0006220280159285607,0.23404255319148937,47,3,"Índice implícito (managers índice, ponderado por valor)",13039941139.403715,73410553203.0697,49572074078.59628,81,69
2023-12-31,Industrials,0.09099756507166333,0.08841065878801287,0.002586906283650464,0.0918991592544669,-0.0009015941828035695,0.09383542120753696,-0.0028378561358736315,0.34,0.08462403337590017,0.10662506569487419,0.0894714134429462,0.0015261516287171373,0.0034999501448072373,-0.0019737985160901,0.19148936170212766,47,3,"Índice implícito (managers índice, ponderado por valor)",19800928154.23042,61590635895.33944,51578017446.76958,37,45
2023-12-31,Information Technology,0.24539406438670833,0.24856466647496578,-0.0031706020882574515,0.22945685277487257,0.015937211611835755,0.2404835871663908,0.004910477220317538,0.94,0.09948181123838598,0.2485998947311207,0.28426131307135455,-0.03886724868464622,-0.029507341679400945,-0.009359907005245277,0.3404255319148936,47,3,"Índice implícito (managers índice, ponderado por valor)",-44527939361.266525,134929976727.19977,237506059639.26654,84,90
2023-12-31,Materials,0.040823107704831225,0.041508443949964675,-0.0006853362451334499,0.040960372126902116,-0.00013726442207089018,0.04054806997633979,0.00027503772849143265,0.2,0.034505907141309564,0.06195264355819085,0.05643815061213234,-0.015615042907301112,-0.017539873585278656,0.0019248306779775445,0.19148936170212766,47,3,"Índice implícito (managers índice, ponderado por valor)",8146108336.036643,18543774440.635967,19927658386.963356,32,28
2023-12-31,Real Estate,0.012451616136472993,0.012314498936603515,0.0001371171998694777,0.01628258947807672,-0.0038309733416037276,0.015589327225937165,-0.003137711089464172,0.06,0.012314498936603515,0.03198893159393344,0.015038923002432873,-0.0025873068659598795,-0.001616997332351721,-0.0009703095336081585,0.3404255319148936,47,3,"Índice implícito (managers índice, ponderado por valor)",2579650835.135067,13584918193.266748,7911602819.864933,22,18
2023-12-31,Utilities,0.005238195351308331,0.005607141683882519,-0.000368946332574188,0.006500332435568828,-0.001262137084260497,0.005833726696318826,-0.0005955313450104957,0.06,0.004762240755559559,0.010688982504220425,0.00464582795908621,0.000592367392222121,0.0002044650268635661,0.0003879023653585549,0.3829787234042553,47,3,"Índice implícito (managers índice, ponderado por valor)",755815915.7924612,6456150849.937386,362224652.2075388,8,10
2024-03-31,Communication Services,0.07031304498895632,0.07467468266279294,-0.004361637673836613,0.07554817834052914,-0.0052351333515728155,0.0742381760639404,-0.003925131074984073,0.9019607843137255,0.04955093215302272,0.08379780484783314,0.10740180030407602,-0.037088755315119695,-0.032240446764392874,-0.004848308550726821,0.2127659574468085,47,3,"Índice implícito (managers índice, ponderado por valor)",-53442314843.48501,82696115238.19301,102357089414.485,38,55
2024-03-31,Consumer Discretionary,0.15892233054714916,0.15692172216236916,0.0020006083847800005,0.1589653248681845,-4.2994321035327854e-05,0.1563487866035246,0.002573543943624551,0.8823529411764706,0.13918021311200737,0.16282881471486818,0.17840736770624263,-0.01948503715909347,-0.020548138685538758,0.001063101526445287,0.3191489361702128,47,3,"Índice implícito (managers índice, ponderado por valor)",7838524763.7416315,93110493494.06877,128094682897.25836,104,96
2024-03-31,Consumer Staples,0.0437134259227004,0.047026168589872575,-0.003312742667172172,0.049042939583947544,-0.005329513661247141,0.04887116655364652,-0.005157740630946116,0.0196078431372549,0.0437134259227004,0.1152949946693621,0.020454838354545656,0.023258587568154746,0.025608997128074643,-0.0023504095599198964,0.6595744680851063,47,3,"Índice implícito (managers índice, ponderado por valor)",-672312861.3205943,46617702978.82274,8891562213.320595,52,51
2024-03-31,Energy,0.058830341629106116,0.062303440940575494,-0.0034730993114693784,0.0638600949870871,-0.005029753357980983,0.06374585823633737,-0.004915516607231253,0.21568627450980393,0.05531463104194558,0.08498374345118218,0.02764918753515805,0.031181154093948067,0.03292797300372165,-0.00174681890977358,0.44680851063829785,47,3,"Índice implícito (managers índice, ponderado por valor)",-1983923553.3793874,27833777622.253033,20309195477.379387,41,34
2024-03-31,Financials,0.19309324560797442,0.19023917803353182,0.0028540675744425925,0.18807873686118293,0.005014508746791491,0.1846968386949756,0.00839640691299881,0.47058823529411764,0.17331374360789176,0.21773389573973564,0.12371918892829996,0.06937405667967446,0.06512353285708714,0.004250523822587324,0.6808510638297872,47,3,"Índice implícito (managers índice, ponderado por valor)",28874089985.672718,157014957649.27954,134057583229.32729,132,112
2024-03-31,Health Care,0.06923315266520359,0.07393025895987382,-0.004697106294670225,0.0778000008311585,-0.008566848165954905,0.07775279730784244,-0.008519644642638852,0.0196078431372549,0.06923315266520359,0.1367195180022354,0.0847233700827133,-0.015490217417509708,-0.015920838101983817,0.00043062068447410895,0.2553191489361702,47,3,"Índice implícito (managers índice, ponderado por valor)",4916803139.4235,62165674068.28794,35264972254.5765,83,73
2024-03-31,Industrials,0.0919400798903571,0.09099756507166333,0.000942514818693771,0.09025634785872287,0.0016837320316342302,0.09258765337398063,-0.0006475734836235286,0.4117647058823529,0.08462403337590017,0.10662506569487419,0.08572101609640463,0.00621906379395247,0.0015261516287171373,0.004692912165235333,0.23404255319148937,47,3,"Índice implícito (managers índice, ponderado por valor)",10808613669.30538,30075925724.77296,58079105378.69462,51,48
2024-03-31,Information Technology,0.25724420898868977,0.24539406438670833,0.011850144601981444,0.23118164171498293,0.026062567273706844,0.24011410900572838,0.01713009998296139,1.0,0.09948181123838598,0.25724420898868977,0.29543301128626126,-0.03818880229757149,-0.03886724868464622,0.0006784463870747326,0.3617021276595745,47,3,"Índice implícito (managers índice, ponderado por valor)",-19837501496.545467,119029272140.1906,332797689498.5455,88,85
2024-03-31,Materials,0.03972191966118007,0.040823107704831225,-0.001101188043651155,0.043595653689364355,-0.003873734028184285,0.04090517979497781,-0.0011832601337977422,0.19607843137254902,0.034505907141309564,0.06195264355819085,0.0558778033493133,-0.016155883688133227,-0.015615042907301112,-0.000540840780832115,0.2127659574468085,47,3,"Índice implícito (managers índice, ponderado por valor)",-25533562359.92289,53167118888.089455,40261305502.92289,34,28
2024-03-31,Real Estate,0.012642247256811906,0.012451616136472993,0.00019063112033891258,0.015213113187296354,-0.0025708659304844485,0.014846213344258851,-0.0022039660874469454,0.0784313725490196,0.012314498936603515,0.03198893159393344,0.01664985365928689,-0.004007606402474986,-0.0025873068659598795,-0.0014202995365151065,0.2765957446808511,47,3,"Índice implícito (managers índice, ponderado por valor)",2837616875.325733,10290866135.058298,10827611918.674267,21,19
2024-03-31,Utilities,0.004346002841871137,0.005238195351308331,-0.0008921925094371938,0.006457968077543795,-0.002111965235672658,0.005893221020787423,-0.0015472181789162858,0.0196078431372549,0.004346002841871137,0.010688982504220425,0.003962562697698318,0.00038344014417281917,0.000592367392222121,-0.00020892724804930183,0.3617021276595745,47,3,"Índice implícito (managers índice, ponderado por valor)",-3918603985.2672753,8106921129.982759,-494340908.7327249,9,15
2024-06-30,Communication Services,0.06700087626383347,0.07031304498895632,-0.003312168725122855,0.07984492117854751,-0.01284404491471404,0.07464783811130908,-0.007646961847475611,0.8269230769230769,0.04955093215302272,0.08379780484783314,0.10480188999658113,-0.03780101373274766,-0.037088755315119695,-0.0007122584176279673,0.19148936170212766,47,3,"Índice implícito (managers índice, ponderado por valor)",-7307825645.594452,60414966225.62514,930658729.594452,47,49
2024-06-30,Consumer Discretionary,0.1603810839537076,0.15892233054714916,0.0014587534065584329,0.1530398837646159,0.007341200189091679,0.15654960825698003,0.0038314756967275654,0.9615384615384616,0.13918021311200737,0.16282881471486818,0.17390515138030982,-0.013524067426602226,-0.01948503715909347,0.005960969732491245,0.3829787234042553,47,3,"Índice implícito (managers índice, ponderado por valor)",5459702345.601258,93987486576.27823,41593596806.39874,118,86
2024-06-30,Consumer Staples,0.042911784197212484,0.0437134259227004,-0.0008016417254879185,0.04731063499719871,-0.004398850799986226,0.04836418993244241,-0.005452405735229926,0.019230769230769232,0.042911784197212484,0.1152949946693621,0.018893927472779678,0.024017856724432806,0.023258587568154746,0.0007592691562780599,0.7021276595744681,47,3,"Índice implícito (managers índice, ponderado por valor)",8667353333.500618,40661431756.0861,31352359.499381423,58,48
2024-06-30,Energy,0.05712247362770484,0.058830341629106116,-0.0017078680014012762,0.06321282920797573,-0.0060903555802708925,0.06295366701927738,-0.005831193391572537,0.1346153846153846,0.05531463104194558,0.08498374345118218,0.028234407756163676,0.028888065871541163,0.031181154093948067,-0.002293088222406904,0.425531914893617,47,3,"Índice implícito (managers índice, ponderado por valor)",-1136891602.6227279,37697525754.57565,12218664025.622726,30,46
2024-06-30,Financials,0.197130052014924,0.19309324560797442,0.004036806406949589,0.18414374868796202,0.01298630332696199,0.18626110435444498,0.010868947660479022,0.5769230769230769,0.17331374360789176,0.21773389573973564,0.1216767206426489,0.07545333137227511,0.06937405667967446,0.006079274692600653,0.7659574468085106,47,3,"Índice implícito (managers índice, ponderado por valor)",-19257058344.33403,143543575880.8595,42220720013.33403,140,107
2024-06-30,Health Care,0.07380587865543607,0.06923315266520359,0.004572725990232479,0.07467924455252448,-0.0008733658970884045,0.07711913032595534,-0.0033132516705192683,0.038461538461538464,0.06923315266520359,0.1367195180022354,0.08763975673204301,-0.013833878076606937,-0.015490217417509708,0.001656339340902771,0.23404255319148937,47,3,"Índice implícito (managers índice, ponderado por valor)",-7851854434.974164,67470074438.634186,28569128457.974163,75,73
2024-06-30,Industrials,0.09121968290300922,0.0919400798903571,-0.0007203969873478822,0.08715199128052226,0.004067691622486963,0.09138867464599192,-0.00016899174298269648,0.36538461538461536,0.08462403337590017,0.10662506569487419,0.08525449787227134,0.005965185030737882,0.00621906379395247,-0.0002538787632145878,0.2127659574468085,47,3,"Índice implícito (managers índice, ponderado por valor)",1300867835.7785215,64435063785.66245,28438520759.221478,51,51
2024-06-30,Information Technology,0.25046214729744226,0.25724420898868977,-0.00678206169124751,0.2485998947311207,0.001862252566321554,0.24164520108503365,0.00881694621240861,0.9807692307692307,0.09948181123838598,0.25724420898868977,0.29201133994388073,-0.04154919264643847,-0.03818880229757149,-0.0033603903488669817,0.3829787234042553,47,3,"Índice implícito (managers índice, ponderado por valor)",-91255974796.83101,238817678615.66388,99079370648.83101,109,84
2024-06-30,Materials,0.04186435355949321,0.03972191966118007,0.0021424338983131383,0.04310255242328715,-0.001238198863793942,0.04094492836037191,0.0009194251991212973,0.34615384615384615,0.034505907141309564,0.06195264355819085,0.06712081340853668,-0.02525645984904347,-0.016155883688133227,-0.009100576160910243,0.23404255319148937,47,3,"Índice implícito (managers índice, ponderado por valor)",22988463754.62635,53271629823.51336,17925710481.37365,36,25
2024-06-30,Real Estate,0.013504161691048778,0.012642247256811906,0.0008619144342368722,0.012382896157859433,0.0011212655331893449,0.014357747856012825,-0.0008535861649640476,0.09615384615384616,0.012314498936603515,0.03198893159393344,0.016362473983978713,-0.0028583122929299355,-0.004007606402474986,0.0011492941095450505,0.3191489361702128,47,3,"Índice implícito (managers índice, ponderado por valor)",2798277786.0480547,15305966162.944075,5022596365.951945,14,19
2024-06-30,Utilities,0.00459750583618806,0.004346002841871137,0.00025150299431692287,0.006531403018386087,-0.001933897182198027,0.005767910052180511,-0.0011704042159924512,0.038461538461538464,0.004346002841871137,0.010688982504220425,0.004099020810806361,0.0004984850253816984,0.00038344014417281917,0.00011504488120887921,0.40425531914893614,47,3,"Índice implícito (managers índice, ponderado por valor)",5979385823.971,10288712960.834846,1898059183.0290003,12,9
2024-09-30,Communication Services,0.06294699775342529,0.06700087626383347,-0.004053878510408185,0.08379780484783314,-0.020850807094407856,0.07447135141687079,-0.011524353663445508,0.7547169811320755,0.04955093215302272,0.08379780484783314,0.10331476602454114,-0.04036776827111585,-0.03780101373274766,-0.002566754538368188,0.1276595744680851,47,3,"Índice implícito (managers índice, ponderado por valor)",8592156180.266645,71762689844.13249,23832401325.733353,51,49
2024-09-30,Consumer Discretionary,0.15465484754703962,0.1603810839537076,-0.005726236406667973,0.15250849595337507,0.0021463515936645527,0.1570384091978787,-0.0023835616508390833,0.6981132075471698,0.13918021311200737,0.16282881471486818,0.16940979656897712,-0.014754949021937497,-0.013524067426602226,-0.0012308815953352703,0.3404255319148936,47,3,"Índice implícito (managers índice, ponderado por valor)",13487519916.38403,149346647218.99075,55923090932.615974,99,105
2024-09-30,Consumer Staples,0.04206751675195601,0.042911784197212484,-0.0008442674452564733,0.048124864488120665,-0.006057347736164655,0.04749464867435664,-0.00542713192240063,0.018867924528301886,0.04206751675195601,0.1152949946693621,0.017635754006994707,0.024431762744961304,0.024017856724432806,0.00041390602052849765,0.723404255319149,47,3,"Índice implícito (managers índice, ponderado por valor)",-1445304619.0229883,36269051085.60359,5485628942.022988,48,50
2024-09-30,Energy,0.052169179332093134,0.05712247362770484,-0.004953294295611706,0.06358228922779627,-0.011413109895703134,0.061898733906917566,-0.009729554574824432,0.018867924528301886,0.052169179332093134,0.08498374345118218,0.024552705160803906,0.027616474171289228,0.028888065871541163,-0.0012715917002519353,0.46808510638297873,47,3,"Índice implícito (managers índice, ponderado por valor)",-9528183243.54432,65312225769.070755,-17612628369.45568,39,36
2024-09-30,Financials,0.1999008780701529,0.197130052014924,0.002770826055228881,0.17997101041226277,0.01992986765789012,0.18790854692629433,0.011992331143858559,0.6037735849056604,0.17331374360789176,0.21773389573973564,0.12141402341442999,0.0784868546557229,0.07545333137227511,0.0030335232834477893,0.7659574468085106,47,3,"Índice implícito (managers índice, ponderado por valor)",28298753363.143093,155468420465.5422,67195832581.8569,120,110
2024-09-30,Health Care,0.07435846171897098,0.07380587865543607,0.0005525830635349088,0.07561012523718272,-0.0012516635182117375,0.07639627135217643,-0.002037809633205448,0.09433962264150944,0.06923315266520359,0.1367195180022354,0.09100043455697292,-0.016641972838001937,-0.013833878076606937,-0.0028080947613949997,0.23404255319148937,47,3,"Índice implícito (managers índice, ponderado por valor)",-11276107543.966503,76012436390.5059,36276128959.9665,81,75
2024-09-30,Industrials,0.08834658249857609,0.09121968290300922,-0.0028731004044331293,0.08841065878801287,-6.407628943677635e-05,0.09054928167263557,-0.0022026991740594776,0.18867924528301888,0.08462403337590017,0.10662506569487419,0.08208315915706746,0.006263423341508631,0.005965185030737882,0.0002982383107707487,0.2553191489361702,47,3,"Índice implícito (managers índice, ponderado por valor)",12941247186.273773,40306194098.42406,11084711438.726227,52,36
2024-09-30,Information Technology,0.2658400987354082,0.25046214729744226,0.015377951437965942,0.24856466647496578,0.017275432260442425,0.24330500714391368,0.022535091591494527,1.0,0.09948181123838598,0.2658400987354082,0.30828893854219985,-0.04244883980679165,-0.04154919264643847,-0.0008996471603531786,0.40425531914893614,47,3,"Índice implícito (managers índice, ponderado por valor)",-46904724201.121925,158807603440.35074,267512077619.12192,96,91
2024-09-30,Materials,0.04292637696548142,0.04186435355949321,0.0010620234059882105,0.041508443949964675,0.0014179330155167438,0.04133792443606355,0.0015884525294178678,0.41509433962264153,0.034505907141309564,0.06195264355819085,0.06550032245478134,-0.022573945489299918,-0.02525645984904347,0.0026825143597435513,0.19148936170212766,47,3,"Índice implícito (managers índice, ponderado por valor)",33422588365.26913,64932760210.49442,15741267496.730864,35,26
2024-09-30,Real Estate,0.011935296644626968,0.013504161691048778,-0.00156886504642181,0.012314498936603515,-0.00037920229197654746,0.013940740777826062,-0.0020054441331990944,0.018867924528301886,0.011935296644626968,0.03198893159393344,0.01291614644986226,-0.0009808498052352923,-0.0028583122929299355,0.0018774624876946432,0.3404255319148936,47,3,"Índice implícito (managers índice, ponderado por valor)",7800836218.490186,26823882578.44637,-4849327774.490187,25,18
2024-09-30,Utilities,0.004853763982269389,0.00459750583618806,0.000256258146081329,0.005607141683882519,-0.00075337770161313,0.005659084495066705,-0.0008053205127973159,0.07547169811320754,0.004346002841871137,0.010688982504220425,0.0038839536633693437,0.000969810318900045,0.0004984850253816984,0.00047132529351834665,0.40425531914893614,47,3,"Índice implícito (managers índice, ponderado por valor)",361773726.4063054,3942748173.0509157,581957379.5936946,6,5
2024-12-31,Communication Services,0.06460734336250923,0.06294699775342529,0.0016603456090839436,0.07467468266279294,-0.01006733930028371,0.07361769806559723,-0.009010354703088003,0.8148148148148148,0.04955093215302272,0.08379780484783314,0.10485403118669542,-0.040246687824186195,-0.04036776827111585,0.00012108044692965558,0.14893617021276595,47,3,"Índice implícito (managers índice, ponderado por valor)",11003719237.891834,59263521994.59249,27594050482.108166,52,33
2024-12-31,Consumer Discretionary,0.15206703572088984,0.15465484754703962,-0.002587811826149783,0.15692172216236916,-0.004854686441479322,0.15650076509598315,-0.004433729375093315,0.5740740740740741,0.13918021311200737,0.16282881471486818,0.17090087333780335,-0.018833837616913512,-0.014754949021937497,-0.004078888594976016,0.3191489361702128,47,3,"Índice implícito (managers índice, ponderado por valor)",-17618874298.047268,151823561803.4044,64786958466.047264,105,90
2024-12-31,Consumer Staples,0.04159913020006055,0.04206751675195601,-0.0004683865518954611,0.047026168589872575,-0.005427038389812025,0.046333325396612016,-0.004734195196551466,0.018518518518518517,0.04159913020006055,0.1152949946693621,0.01871998553475818,0.02287914466530237,0.024431762744961304,-0.0015526180796589344,0.7021276595744681,47,3,"Índice implícito (managers índice, ponderado por valor)",4506916093.873148,37094172961.339226,1481576351.1268523,56,42
2024-12-31,Energy,0.05403952299202329,0.052169179332093134,0.0018703436599301557,0.062303440940575494,-0.008263917948552205,0.0605262907811636,-0.006486767789140313,0.037037037037037035,0.052169179332093134,0.08498374345118218,0.024581550714483445,0.029457972277539844,0.027616474171289228,0.0018414981062506164,0.46808510638297873,47,3,"Índice implícito (managers índice, ponderado por valor)",5691065120.406515,34604093799.93796,11123576333.593485,38,38
2024-12-31,Financials,0.1955504426549908,0.1999008780701529,-0.004350435415162085,0.19023917803353182,0.005311264621458978,0.1899191357939073,0.005631306861083513,0.5,0.17331374360789176,0.21773389573973564,0.11746445337437972,0.07808598928061108,0.0784868546557229,-0.00040086537511181686,0.7872340425531915,47,3,"Índice implícito (managers índice, ponderado por valor)",-17065329997.589455,129129153172.31427,28596785506.589455,104,111
2024-12-31,Health Care,0.0757330101374865,0.07435846171897098,0.0013745484185155171,0.07393025895987382,0.0018027511776126798,0.07531189043600667,0.00042111970147983013,0.14814814814814814,0.06923315266520359,0.1367195180022354,0.09834615821926075,-0.022613148081774254,-0.016641972838001937,-0.005971175243772317,0.19148936170212766,47,3,"Índice implícito (managers índice, ponderado por valor)",19375960321.215298,78614146262.10371,27864506412.784702,94,83
2024-12-31,Industrials,0.08348037750923945,0.08834658249857609,-0.004866204989336639,0.09099756507166333,-0.00751718756242388,0.09002775844316632,-0.006547380933926872,0.018518518518518517,0.08348037750923945,0.10662506569487419,0.07392716490571961,0.009553212603519837,0.006263423341508631,0.0032897892620112057,0.23404255319148937,47,3,"Índice implícito (managers índice, ponderado por valor)",9174355437.605682,37580784250.84134,-21282982578.605682,51,46
2024-12-31,Information Technology,0.2686947955230486,0.2658400987354082,0.0028546967876403873,0.24539406438670833,0.023300731136340264,0.2470929468880238,0.02160184863502479,1.0,0.09948181123838598,0.2686947955230486,0.3064466670269814,-0.03775187150393283,-0.04244883980679165,0.004696968302858817,0.3829787234042553,47,3,"Índice implícito (managers índice, ponderado por valor)",-46618259222.203514,159536685525.738,192935685045.20352,86,90
2024-12-31,Materials,0.04537127093421129,0.04292637696548142,0.0024448939687298707,0.040823107704831225,0.0045481632293800645,0.041812847510063034,0.0035584234241482562,0.5555555555555556,0.034505907141309564,0.06195264355819085,0.06512293645689379,-0.019751665522682503,-0.022573945489299918,0.002822279966617415,0.2127659574468085,47,3,"Índice implícito (managers índice, ponderado por valor)",-18896207150.57969,47706487269.26316,12646958443.579687,37,28
2024-12-31,Real Estate,0.014166634749977878,0.011935296644626968,0.0022313381053509097,0.012451616136472993,0.0017150186135048845,0.013340802436099584,0.0008258323138782935,0.12962962962962962,0.011935296644626968,0.03198893159393344,0.015876500165287667,-0.0017098654153097897,-0.0009808498052352923,-0.0007290156100744974,0.2978723404255319,47,3,"Índice implícito (managers índice, ponderado por valor)",6588412095.142588,11532107497.921206,3817089828.857412,23,14
2024-12-31,Utilities,0.004690436215562517,0.004853763982269389,-0.00016332776670687204,0.005238195351308331,-0.000547759135745814,0.0055165391533772675,-0.0008261029378147508,0.05555555555555555,0.004346002841871137,0.010688982504220425,0.0037596790777366285,0.0009307571378258882,0.000969810318900045,-3.90531810741568e-05,0.40425531914893614,47,3,"Índice implícito (managers índice, ponderado por valor)",-924184259.1475071,7803687832.175427,-368331924.8524928,13,11
2025-03-31,Communication Services,0.06473687407764635,0.06460734336250923,0.0001295307151371189,0.07031304498895632,-0.005576170911309977,0.07234173117480339,-0.007604857097157039,0.8181818181818182,0.04955093215302272,0.08379780484783314,0.09857088366145189,-0.033834009583805544,-0.040246687824186195,0.006412678240380651,0.1276595744680851,47,3,"Índice implícito (managers índice, ponderado por valor)",15952597727.79896,58479726889.4963,-40416113308.79896,51,50
2025-03-31,Consumer Discretionary,0.14391109103837124,0.15206703572088984,-0.008155944682518596,0.15892233054714916,-0.015011239508777918,0.15593259056466635,-0.01202149952629511,0.14545454545454545,0.13918021311200737,0.16282881471486818,0.16443889546795026,-0.020527804429579022,-0.018833837616913512,-0.0016939668126655094,0.2978723404255319,47,3,"Índice implícito (managers índice, ponderado por valor)",6564301961.639803,127032948143.44946,-100095550518.6398,87,93
2025-03-31,Consumer Staples,0.04741761219614448,0.04159913020006055,0.005818481996083931,0.0437134259227004,0.003704186273444078,0.045224558091383614,0.0021930541047608665,0.14545454545454545,0.04159913020006055,0.1152949946693621,0.020069149358232487,0.027348462837911994,0.02287914466530237,0.004469318172609624,0.7446808510638298,47,3,"Índice implícito (managers índice, ponderado por valor)",24119681375.717297,51903922789.45334,-674186936.7172952,63,51
2025-03-31,Energy,0.050346163756078546,0.05403952299202329,-0.003693359235944743,0.058830341629106116,-0.00848417787302757,0.059390021493045245,-0.009043857736966698,0.01818181818181818,0.050346163756078546,0.08498374345118218,0.02451260727385187,0.025833556482226676,0.029457972277539844,-0.0036244157953131684,0.46808510638297873,47,3,"Índice implícito (managers índice, ponderado por valor)",-23435552280.975616,54773142080.83225,-2763722007.024384,39,37
2025-03-31,Financials,0.1960131017047838,0.1955504426549908,0.0004626590497930072,0.19309324560797442,0.0029198560968093923,0.1910134115428727,0.004999690161911097,0.5272727272727272,0.17331374360789176,0.21773389573973564,0.11511897328884127,0.08089412841594254,0.07808598928061108,0.0028081391353314555,0.8085106382978723,47,3,"Índice implícito (managers índice, ponderado por valor)",26089074365.782677,145919200194.13168,-51726088369.78268,118,109
2025-03-31,Health Care,0.07561091952918732,0.0757330101374865,-0.00012209060829918017,0.06923315266520359,0.006377766863983725,0.07439376659472959,0.0012171529344577325,0.14545454545454545,0.06923315266520359,0.1367195180022354,0.09745199345824089,-0.021841073929053573,-0.022613148081774254,0.0007720741527206809,0.2127659574468085,47,3,"Índice implícito (managers índice, ponderado por valor)",6149127833.924015,57455790682.47631,-14164366468.924015,69,80
2025-03-31,Industrials,0.08312858733880672,0.08348037750923945,-0.0003517901704327281,0.0919400798903571,-0.008811492551550379,0.08897541072501289,-0.005846823386206165,0.01818181818181818,0.08312858733880672,0.10662506569487419,0.07050927226976525,0.012619315069041473,0.009553212603519837,0.0030661024655216362,0.19148936170212766,47,3,"Índice implícito (managers índice, ponderado por valor)",185051024.81824178,31044316596.19146,-32292330480.81824,39,37
2025-03-31,Information Technology,0.27526091231897526,0.2686947955230486,0.006566116795926669,0.25724420898868977,0.01801670333028549,0.25199768973154585,0.02326322258742941,1.0,0.09948181123838598,0.27526091231897526,0.32408210488919437,-0.04882119257021911,-0.03775187150393283,-0.011069321066286275,0.3404255319148936,47,3,"Índice implícito (managers índice, ponderado por valor)",-13732729759.74195,142450088307.86362,33052795050.741947,90,89
2025-03-31,Materials,0.04407450234794321,0.04537127093421129,-0.0012967685862680794,0.03972191966118007,0.00435258268676314,0.04236420986097668,0.0017102924869665317,0.509090909090909,0.034505907141309564,0.06195264355819085,0.062695849558891,-0.01862134721094779,-0.019751665522682503,0.0011303183117347126,0.2127659574468085,47,3,"Índice implícito (managers índice, ponderado por valor)",-25926512771.857323,66722867172.7593,-20475674929.142673,38,28
2025-03-31,Real Estate,0.014945892368528939,0.014166634749977878,0.0007792576185510613,0.012642247256811906,0.002303645111717033,0.013076308095087228,0.0018695842734417108,0.14545454545454545,0.011935296644626968,0.03198893159393344,0.01839517334040635,-0.003449280971877411,-0.0017098654153097897,-0.0017394155565676212,0.2765957446808511,47,3,"Índice implícito (managers índice, ponderado por valor)",10118656127.910133,17529913551.37031,-4564057589.910132,29,16
2025-03-31,Utilities,0.00455434332353412,0.004690436215562517,-0.00013609289202839644,0.004346002841871137,0.00020834048166298337,0.00529030212587648,-0.0007359588023423593,0.03636363636363636,0.004346002841871137,0.010688982504220425,0.0041550974331743575,0.0003992458903597628,0.0009307571378258882,-0.0005315112474661254,0.3829787234042553,47,3,"Índice implícito (managers índice, ponderado por valor)",-10156451.861793026,5139859178.582509,1211121081.861793,8,8
2025-06-30,Communication Services,0.06342498840145525,0.06473687407764635,-0.0013118856761911019,0.06700087626383347,-0.003575887862378224,0.07099031814194302,-0.007565329740487778,0.75,0.04955093215302272,0.08379780484783314,0.09742432505261145,-0.0339993366511562,-0.033834009583805544,-0.0001653270673506596,0.1276595744680851,47,3,"Índice implícito (managers índice, ponderado por valor)",7637871768.707591,78643390045.0287,86268969275.2924,41,51
2025-06-30,Consumer Discretionary,0.15326364482284566,0.14391109103837124,0.009352553784474416,0.1603810839537076,-0.007117439130861936,0.15405081133593967,-0.0007871665130940175,0.6607142857142857,0.13918021311200737,0.16282881471486818,0.16899876761279883,-0.015735122789953176,-0.020527804429579022,0.004792681639625845,0.2765957446808511,47,3,"Índice implícito (managers índice, ponderado por valor)",26973547384.0875,117683120551.03804,185938173664.9125,102,98
2025-06-30,Consumer Staples,0.04643348004434969,0.04741761219614448,-0.0009841321517947907,0.042911784197212484,0.003521695847137206,0.045021392167908236,0.0014120878764414535,0.08928571428571429,0.04159913020006055,0.1152949946693621,0.019922328577480337,0.026511151466869352,0.027348462837911994,-0.0008373113710426414,0.7659574468085106,47,3,"Índice implícito (managers índice, ponderado por valor)",10943557891.272928,54495461023.65408,25362313337.72707,56,52
2025-06-30,Energy,0.05093413540797756,0.050346163756078546,0.0005879716518990136,0.05712247362770484,-0.00618833821972728,0.05770078008916918,-0.006766644681191619,0.03571428571428571,0.050346163756078546,0.08498374345118218,0.024385982605500157,0.026548152802477402,0.025833556482226676,0.0007145963202507266,0.44680851063829785,47,3,"Índice implícito (managers índice, ponderado por valor)",3822638804.997906,31813310004.999,28980735667.002094,43,31
2025-06-30,Financials,0.19098148365724385,0.1960131017047838,-0.00503161804753996,0.197130052014924,-0.006148568357680156,0.1920052071483228,-0.0010237234910789594,0.375,0.17331374360789176,0.21773389573973564,0.11706146691816408,0.07392001673907977,0.08089412841594254,-0.006974111676862765,0.7872340425531915,47,3,"Índice implícito (managers índice, ponderado por valor)",-16829044447.942654,156423480934.08612,139643780202.94266,123,116
2025-06-30,Health Care,0.07672467095780405,0.07561091952918732,0.0011137514286167355,0.07380587865543607,0.0029187923023679813,0.07412013143198318,0.002604539525820876,0.17857142857142858,0.06923315266520359,0.1367195180022354,0.0949680446625848,-0.01824337370478074,-0.021841073929053573,0.0035977002242728318,0.2765957446808511,47,3,"Índice implícito (managers índice, ponderado por valor)",19459015977.75025,71318164110.48582,66963470008.24975,84,63
2025-06-30,Industrials,0.08168908771567512,0.08312858733880672,-0.0014394996231315987,0.09121968290300922,-0.009530595187334095,0.08808444066002338,-0.006395352944348259,0.017857142857142856,0.08168908771567512,0.10662506569487419,0.06715957874234244,0.014529508973332689,0.012619315069041473,0.0019101939042912158,0.23404255319148937,47,3,"Índice implícito (managers índice, ponderado por valor)",-69925203.7827587,35519468747.02035,63484220082.78276,46,38
2025-06-30,Information Technology,0.2746293055779351,0.27526091231897526,-0.0006316067410401804,0.25046214729744226,0.024167158280492818,0.25750759855704486,0.01712170702089022,0.9821428571428571,0.09948181123838598,0.27526091231897526,0.32635448500902303,-0.05172517943108795,-0.04882119257021911,-0.0029039868608688457,0.3404255319148936,47,3,"Índice implícito (managers índice, ponderado por valor)",4267615495.448722,145414642918.99875,355580623359.5513,101,76
2025-06-30,Materials,0.04302736168422321,0.04407450234794321,-0.0010471406637199976,0.04186435355949321,0.0011630081247300042,0.04242406594329903,0.0006032957409241799,0.4107142857142857,0.034505907141309564,0.06195264355819085,0.061619855963276175,-0.018592494279052962,-0.01862134721094779,2.8852931894828016e-05,0.2127659574468085,47,3,"Índice implícito (managers índice, ponderado por valor)",-6265913403.981439,39762360314.85203,49281694403.98144,25,31
2025-06-30,Real Estate,0.014955231957404256,0.014945892368528939,9.339588875317134e-06,0.013504161691048778,0.001451070266355478,0.013042905492741301,0.0019123264646629546,0.16071428571428573,0.011935296644626968,0.03198893159393344,0.01830501326622294,-0.0033497813088186855,-0.003449280971877411,9.94996630587254e-05,0.3191489361702128,47,3,"Índice implícito (managers índice, ponderado por valor)",12201765547.671293,47364066184.651535,14616513689.328709,28,20
2025-06-30,Utilities,0.003936609773086282,0.00455434332353412,-0.000617733550447838,0.00459750583618806,-0.0006608960631017775,0.0050523490316252695,-0.0011157392585389872,0.017857142857142856,0.003936609773086282,0.010688982504220425,0.0038001515899957683,0.000136458183090514,0.0003992458903597628,-0.0002627877072692488,0.2765957446808511,47,3,"Índice implícito (managers índice, ponderado por valor)",413040548.9559759,7364242237.704261,2359274132.044024,8,9
2025-09-30,Communication Services,0.07183381702333078,0.06342498840145525,0.00840882862187553,0.06294699775342529,0.008886819269905491,0.0689378265448065,0.002895990478524277,0.9122807017543859,0.04955093215302272,0.08379780484783314,0.0972080125278056,-0.025374195504474825,-0.0339993366511562,0.008625141146681378,0.14893617021276595,47,3,"Índice implícito (managers índice, ponderado por valor)",74524948075.0,111105024681.0,105991000019.0,64,30
2025-09-30,Consumer Discretionary,0.15926267905095812,0.15326364482284566,0.00599903422811246,0.15465484754703962,0.004607831503918497,0.1540787814682184,0.0051838975827397105,0.9122807017543859,0.13918021311200737,0.16282881471486818,0.17586754011445696,-0.016604861063498844,-0.015735122789953176,-0.0008697382735456671,0.23404255319148937,47,3,"Índice implícito (managers índice, ponderado por valor)",52472282102.097206,211249997430.9028,204292576376.9028,112,78
2025-09-30,Consumer Staples,0.04385073562786737,0.04643348004434969,-0.002582744416482319,0.04206751675195601,0.0017832188759113604,0.04491174779880211,-0.0010610121709347387,0.08771929824561403,0.04159913020006055,0.1152949946693621,0.018763767892587057,0.025086967735280314,0.026511151466869352,-0.0014241837315890384,0.7021276595744681,47,3,"Índice implícito (managers índice, ponderado por valor)",-27207745504.0,64118033580.0,22223274586.0,44,61
2025-09-30,Energy,0.04533756217911933,0.05093413540797756,-0.0055965732288582315,0.052169179332093134,-0.006831617152973805,0.056165943364169406,-0.010828381185050077,0.017543859649122806,0.04533756217911933,0.08498374345118218,0.023622490556829995,0.021715071622289334,0.026548152802477402,-0.004833081180188069,0.5319148936170213,47,3,"Índice implícito (managers índice, ponderado por valor)",-3873045718.0,44681973152.0,21259198865.0,29,36
2025-09-30,Financials,0.1909221805293061,0.19098148365724385,-5.9303127937754274e-05,0.1999008780701529,-0.008978697540846792,0.19285992401948304,-0.0019377434901769464,0.3684210526315789,0.17331374360789176,0.21773389573973564,0.11767734494684258,0.07324483558246352,0.07392001673907977,-0.0006751811566162585,0.7659574468085106,47,3,"Índice implícito (managers índice, ponderado por valor)",-16585809248.0,131316276684.0,135141933907.0,102,107
2025-09-30,Health Care,0.07331057790587357,0.07672467095780405,-0.0034140930519304807,0.07435846171897098,-0.0010478838130974083,0.07437580973264314,-0.0010652318267695693,0.03508771929824561,0.06923315266520359,0.1367195180022354,0.08999299905493327,-0.016682421149059698,-0.01824337370478074,0.001560952555721043,0.2978723404255319,47,3,"Índice implícito (managers índice, ponderado por valor)",-6172547859.0,100035874263.0,27004083068.0,75,78
2025-09-30,Industrials,0.08130494405014815,0.08168908771567512,-0.0003841436655269703,0.08834658249857609,-0.0070416384484279365,0.08740157771441748,-0.006096633664269324,0.017543859649122806,0.08130494405014815,0.10662506569487419,0.06706800781336537,0.01423693623678278,0.014529508973332689,-0.00029257273654990923,0.2127659574468085,47,3,"Índice implícito (managers índice, ponderado por valor)",-5328179380.0,44563346380.0,64505664622.0,33,41
2025-09-30,Information Technology,0.27056092521484093,0.2746293055779351,-0.004068380363094148,0.2658400987354082,0.004720826479432727,0.26076127491289663,0.009799650301944296,0.9649122807017544,0.09948181123838598,0.27526091231897526,0.328344258879879,-0.05778333366503807,-0.05172517943108795,-0.006058154233950119,0.3404255319148936,47,3,"Índice implícito (managers índice, ponderado por valor)",-68560547199.0,196100751095.0,302236519479.0,88,82
2025-09-30,Materials,0.04573922454664552,0.04302736168422321,0.0027118628624223096,0.04292637696548142,0.002812847581164103,0.04241466710091604,0.00332455744572948,0.5789473684210527,0.034505907141309564,0.06195264355819085,0.061723519354136454,-0.01598429480749093,-0.018592494279052962,0.002608199471562031,0.2127659574468085,47,3,"Índice implícito (managers índice, ponderado por valor)",10588410099.0,30062610213.0,43402934200.0,35,23
2025-09-30,Real Estate,0.01425321074358506,0.014955231957404256,-0.0007020212138191956,0.011935296644626968,0.0023179140989580925,0.013364447467684403,0.0008887632759006572,0.14035087719298245,0.011935296644626968,0.03198893159393344,0.016234623492724087,-0.001981412749139027,-0.0033497813088186855,0.0013683685596796585,0.3829787234042553,47,3,"Índice implícito (managers índice, ponderado por valor)",-1098946714.0,12728196426.0,3213807573.0,22,23
2025-09-30,Utilities,0.003624143128325095,0.003936609773086282,-0.0003124666447611871,0.004853763982269389,-0.0012296208539442936,0.004727999875962794,-0.0011038567476376986,0.017543859649122806,0.003624143128325095,0.010688982504220425,0.0034974353664396214,0.00012670776188547376,0.000136458183090514,-9.75042120504024e-06,0.2978723404255319,47,3,"Índice implícito (managers índice, ponderado por valor)",-1012235301.0,5592990681.0,1213350681.0,9,10
2025-12-31,Communication Services,0.07580607066362671,0.07183381702333078,0.003972253640295936,0.06460734336250923,0.011198727301117484,0.0674423280667437,0.008363742596883009,0.9655172413793104,0.04955093215302272,0.08379780484783314,0.09650930990368971,-0.020703239240062996,-0.025374195504474825,0.00467095626441183,0.2127659574468085,47,3,"Índice implícito (managers índice, ponderado por valor)",65409043573.707275,115631431922.1919,40177987903.292725,45,41
2025-12-31,Consumer Discretionary,0.15610265293082784,0.15926267905095812,-0.003160026120130277,0.15206703572088984,0.004035617209938003,0.15492305435541628,0.0011795985754115557,0.7413793103448276,0.13918021311200737,0.16282881471486818,0.1803347878252059,-0.02423213489437806,-0.016604861063498844,-0.0076272738308792165,0.2127659574468085,47,3,"Índice implícito (managers índice, ponderado por valor)",-5212227223.073469,138007344518.76596,54797559707.07347,104,96
2025-12-31,Consumer Staples,0.04383516047455129,0.04385073562786737,-1.5575153316078894e-05,0.04159913020006055,0.0022360302744907426,0.04437748169127045,-0.0005423212167191549,0.08620689655172414,0.04159913020006055,0.1152949946693621,0.018144621310879124,0.025690539163672168,0.025086967735280314,0.0006035714283918539,0.7446808510638298,47,3,"Índice implícito (managers índice, ponderado por valor)",15704488562.779392,59786162491.785645,9009173574.220608,37,49
2025-12-31,Energy,0.045332547491088296,0.04533756217911933,-5.014688031032555e-06,0.05403952299202329,-0.008706975500934994,0.05388535248308479,-0.008552804991996496,0.017241379310344827,0.045332547491088296,0.08498374345118218,0.022123866201273937,0.02320868128981436,0.021715071622289334,0.0014936096675250247,0.5531914893617021,47,3,"Índice implícito (managers índice, ponderado por valor)",18801007535.39026,40954061219.22038,-8046464292.390259,49,29
2025-12-31,Financials,0.1875684527064078,0.1909221805293061,-0.003353727822898306,0.1955504426549908,-0.007981989948583013,0.19422882028411348,-0.006660367577705689,0.3103448275862069,0.17331374360789176,0.21773389573973564,0.11558215197011316,0.07198630073629463,0.07324483558246352,-0.0012585348461688906,0.723404255319149,47,3,"Índice implícito (managers índice, ponderado por valor)",38352349267.13937,251667576354.3583,-5862467630.139375,123,105
2025-12-31,Health Care,0.07184037416569937,0.07331057790587357,-0.001470203740174203,0.0757330101374865,-0.0038926359717871284,0.07408836631622949,-0.0022479921505301204,0.034482758620689655,0.06923315266520359,0.1367195180022354,0.09039096895665359,-0.018550594790954222,-0.016682421149059698,-0.0018681736418945244,0.2765957446808511,47,3,"Índice implícito (managers índice, ponderado por valor)",20589973729.440895,108263842942.53923,12350337784.559105,66,70
2025-12-31,Industrials,0.07857483907162287,0.08130494405014815,-0.0027301049785252857,0.08348037750923945,-0.004905538437616583,0.0865133633721844,-0.007938524300561536,0.017241379310344827,0.07857483907162287,0.10662506569487419,0.06537525826773838,0.01319958080388449,0.01423693623678278,-0.0010373554328982904,0.2127659574468085,47,3,"Índice implícito (managers índice, ponderado por valor)",24445491565.907787,118721018835.18163,-9197217769.907787,48,44
2025-12-31,Information Technology,0.2758461842927417,0.27056092521484093,0.0052852590779007835,0.2686947955230486,0.007151388769693123,0.26351080725538106,0.01233537703736065,1.0,0.09948181123838598,0.2758461842927417,0.3333729059674811,-0.05752672167473938,-0.05778333366503807,0.0002566119902986941,0.3617021276595745,47,3,"Índice implícito (managers índice, ponderado por valor)",60097808150.261826,260014728691.6113,157271424294.73816,106,91
2025-12-31,Materials,0.04693394494482685,0.04573922454664552,0.0011947203981813245,0.04537127093421129,0.001562674010615557,0.04294351467550115,0.003990430269325697,0.5862068965517241,0.034505907141309564,0.06195264355819085,0.05898863207782268,-0.012054687132995831,-0.01598429480749093,0.0039296076744951,0.2553191489361702,47,3,"Índice implícito (managers índice, ponderado por valor)",8235819383.137901,48639692319.42454,19815763504.8621,35,32
2025-12-31,Real Estate,0.01442122522686946,0.01425321074358506,0.00016801448328439966,0.014166634749977878,0.0002545904768915825,0.013606786443557096,0.0008144387833123636,0.15517241379310345,0.011935296644626968,0.03198893159393344,0.015886864472789787,-0.001465639245920327,-0.001981412749139027,0.0005157735032187,0.3617021276595745,47,3,"Índice implícito (managers índice, ponderado por valor)",8408175570.86965,36084962648.59057,6496977180.130349,24,17
2025-12-31,Utilities,0.0037385480317378168,0.003624143128325095,0.00011440490341272161,0.004690436215562517,-0.0009518881838247,0.004480125056518116,-0.0007415770247802995,0.034482758620689655,0.003624143128325095,0.010688982504220425,0.0032906330463526464,0.00044791498538517037,0.00012670776188547376,0.0003212072234996966,0.3404255319148936,47,3,"Índice implícito (managers índice, ponderado por valor)",5091861997.191286,6010611348.394799,-1104195079.1912856,10,4
2026-03-31,Communication Services,0.07313029112378444,0.07580607066362671,-0.0026757795398422712,0.06473687407764635,0.008393417046138094,0.06758375156684793,0.005546539556936514,0.8983050847457628,0.04955093215302272,0.08379780484783314,0.09687097524508138,-0.023740684121296943,-0.020703239240062996,-0.003037444881233947,0.19148936170212766,47,3,"Índice implícito (managers índice, ponderado por valor)",-17067436346.593052,147326788501.1952,15944839860.59305,64,37
2026-03-31,Consumer Discretionary,0.15580242023520763,0.15610265293082784,-0.0003002326956202117,0.14391109103837124,0.011891329196836387,0.15482067070147362,0.0009817495337340054,0.7288135593220338,0.13918021311200737,0.16282881471486818,0.17835195296624656,-0.022549532731038935,-0.02423213489437806,0.0016826021633391253,0.23404255319148937,47,3,"Índice implícito (managers índice, ponderado por valor)",162118129597.62045,304365234016.2932,72443242151.37956,89,103
2026-03-31,Consumer Staples,0.045838245695161026,0.04383516047455129,0.0020030852206097335,0.04741761219614448,-0.0015793665009834548,0.043978605676855284,0.0018596400183057415,0.11864406779661017,0.04159913020006055,0.1152949946693621,0.01759113335292251,0.028247112342238517,0.025690539163672168,0.0025565731785663487,0.7021276595744681,47,3,"Índice implícito (managers índice, ponderado por valor)",18810023602.58847,66645394971.14648,9681410506.41153,46,38
2026-03-31,Energy,0.04853804767853091,0.045332547491088296,0.003205500187442617,0.050346163756078546,-0.0018081160775476335,0.05176399080189889,-0.0032259431233679775,0.05084745762711865,0.045332547491088296,0.08498374345118218,0.022120430258901445,0.026417617419629467,0.02320868128981436,0.003208936129815109,0.5106382978723404,47,3,"Índice implícito (managers índice, ponderado por valor)",40097783707.683716,98599144664.22943,9443974965.31628,35,41
2026-03-31,Financials,0.18370405310899254,0.1875684527064078,-0.0038643995974152467,0.1960131017047838,-0.012309048595791267,0.19389497961822294,-0.010190926509230397,0.2033898305084746,0.17331374360789176,0.21773389573973564,0.11464659171547621,0.06905746139351633,0.07198630073629463,-0.0029288393427782944,0.6808510638297872,47,3,"Índice implícito (managers índice, ponderado por valor)",-51426226981.43253,199830426560.02484,38692035798.43253,115,142
2026-03-31,Health Care,0.07078828872909457,0.07184037416569937,-0.0010520854366048021,0.07561091952918732,-0.00482263080009275,0.07382713071695768,-0.003038841987863111,0.03389830508474576,0.06923315266520359,0.1367195180022354,0.08171940566011564,-0.01093111693102107,-0.018550594790954222,0.007619477859933152,0.2765957446808511,47,3,"Índice implícito (managers índice, ponderado por valor)",4113863863.265817,78347285912.65143,5572712586.734183,81,56
2026-03-31,Industrials,0.07909225212457024,0.07857483907162287,0.0005174130529473769,0.08312858733880672,-0.004036335214236478,0.08496052262217935,-0.005868270497609102,0.03389830508474576,0.07857483907162287,0.10662506569487419,0.06734553364446062,0.011746718480109622,0.01319958080388449,-0.0014528623237748672,0.19148936170212766,47,3,"Índice implícito (managers índice, ponderado por valor)",-807582650.7569699,59005204559.330986,57179823605.75697,40,33
2026-03-31,Information Technology,0.27845345397788046,0.2758461842927417,0.0026072696851387467,0.27526091231897526,0.0031925416589052014,0.2673173222436352,0.01113613173424527,1.0,0.09948181123838598,0.27845345397788046,0.3428443077535579,-0.06439085377567744,-0.05752672167473938,-0.0068641321009380585,0.23404255319148937,47,3,"Índice implícito (managers índice, ponderado por valor)",40173790025.37844,315017780601.3814,317255218992.6215,108,87
2026-03-31,Materials,0.047088566044978825,0.04693394494482685,0.0001546211001519776,0.04407450234794321,0.003014063697035614,0.043707369330500595,0.0033811967144782296,0.5932203389830508,0.034505907141309564,0.06195264355819085,0.05991443599900597,-0.012825869954027146,-0.012054687132995831,-0.0007711828210313146,0.2978723404255319,47,3,"Índice implícito (managers índice, ponderado por valor)",-9873237255.659525,43331571616.563736,13365821847.659525,30,35
2026-03-31,Real Estate,0.014097276823999163,0.01442122522686946,-0.00032394840287029714,0.014945892368528939,-0.0008486155445297759,0.013852987579856655,0.00024428924414250826,0.11864406779661017,0.011935296644626968,0.03198893159393344,0.015340479656810657,-0.001243202832811494,-0.001465639245920327,0.00022243641310883307,0.3404255319148936,47,3,"Índice implícito (managers índice, ponderado por valor)",13637507582.678846,31311945175.880627,5046543530.321153,17,24
2026-03-31,Utilities,0.003467104457800145,0.0037385480317378168,-0.0002714435739376718,0.00455434332353412,-0.0010872388657339753,0.004292669141571802,-0.0008255646837716569,0.01694915254237288,0.003467104457800145,0.010688982504220425,0.0032547537474211332,0.00021235071037901173,0.00044791498538517037,-0.00023556427500615864,0.3191489361702128,47,3,"Índice implícito (managers índice, ponderado por valor)",-87118604.40654802,6390985997.446951,878900570.4065479,6,7
2026-06-30,Communication Services,0.06855237304900934,0.07313029112378444,-0.004577918074775103,0.06342498840145525,0.005127384647554092,0.06793590733370145,0.0006164657153078928,0.8333333333333334,0.04955093215302272,0.08379780484783314,0.09710226461792701,-0.02854989156891767,-0.023740684121296943,-0.004809207447620728,0.1702127659574468,47,3,"Índice implícito (managers índice, ponderado por valor)",-38111106288.29709,130835636552.2621,45713755758.29709,53,58
2026-06-30,Consumer Discretionary,0.15797713798237073,0.15580242023520763,0.002174717747163102,0.15326364482284566,0.004713493159525073,0.15443068191248094,0.003546456069889792,0.85,0.13918021311200737,0.16282881471486818,0.18546902259348647,-0.027491884611115736,-0.022549532731038935,-0.004942351880076801,0.2127659574468085,47,3,"Índice implícito (managers índice, ponderado por valor)",18703336888.937267,189398906319.25653,224552625999.0627,90,93
2026-06-30,Consumer Staples,0.049168162539648355,0.045838245695161026,0.0033299168444873295,0.04643348004434969,0.0027346824952986654,0.04424420814841286,0.004923954391235497,0.31666666666666665,0.04159913020006055,0.1152949946693621,0.017060210116217146,0.03210795242343121,0.028247112342238517,0.0038608400811926923,0.7021276595744681,47,3,"Índice implícito (managers índice, ponderado por valor)",26499828104.764545,69451384998.81114,15013997695.235455,50,41
2026-06-30,Energy,0.05055511524798538,0.04853804767853091,0.002017067569454467,0.05093413540797756,-0.00037902015999217997,0.050477454058076986,7.766118990839427e-05,0.08333333333333333,0.045332547491088296,0.08498374345118218,0.022911998957764693,0.027643116290220687,0.026417617419629467,0.0012254988705912191,0.5106382978723404,47,3,"Índice implícito (managers índice, ponderado por valor)",12593999350.103786,37691085419.75836,29986274912.896214,38,35
2026-06-30,Financials,0.18378973901117385,0.18370405310899254,8.56859021813039e-05,0.19098148365724385,-0.007191744646070003,0.19272133055585022,-0.008931591544676376,0.21666666666666667,0.17331374360789176,0.21773389573973564,0.11306223499721403,0.07072750401395982,0.06905746139351633,0.0016700426204434848,0.6808510638297872,47,3,"Índice implícito (managers índice, ponderado por valor)",28371409250.54613,222694082026.57358,70329125955.45386,125,117
2026-06-30,Health Care,0.06842528337105684,0.07078828872909457,-0.002363005358037726,0.07672467095780405,-0.008299387586747212,0.07402152272494406,-0.005596239353887214,0.016666666666666666,0.06842528337105684,0.1367195180022354,0.07845491053878723,-0.010029627167730384,-0.01093111693102107,0.000901489763290686,0.3191489361702128,47,3,"Índice implícito (managers índice, ponderado por valor)",1897419599.122498,99318424926.99005,28808108797.877502,89,80
2026-06-30,Industrials,0.07878126234604686,0.07909225212457024,-0.0003109897785233823,0.08168908771567512,-0.0029078253696282613,0.08335454415145598,-0.004573281805409113,0.03333333333333333,0.07857483907162287,0.10662506569487419,0.06620710649676276,0.012574155849284105,0.011746718480109622,0.000827437369174483,0.2553191489361702,47,3,"Índice implícito (managers índice, ponderado por valor)",30725705284.77088,85988170538.16995,57967725919.22912,38,47
2026-06-30,Information Technology,0.2789379687278593,0.27845345397788046,0.00048451474997884825,0.2746293055779351,0.00430866314992423,0.26996847786728406,0.008969490860575247,1.0,0.09948181123838598,0.2789379687278593,0.3432367599830211,-0.0642987912551618,-0.06439085377567744,9.206252051563446e-05,0.2765957446808511,47,3,"Índice implícito (managers índice, ponderado por valor)",13590019720.986444,222356621760.5968,321684200476.01355,94,103
2026-06-30,Materials,0.04606150292361587,0.047088566044978825,-0.001027063121362956,0.04302736168422321,0.0030341412393926556,0.044628200128475445,0.0014333027951404231,0.5666666666666667,0.034505907141309564,0.06195264355819085,0.05773145620073832,-0.011669953277122454,-0.012825869954027146,0.001155916676904692,0.3191489361702128,47,3,"Índice implícito (managers índice, ponderado por valor)",17476680639.170372,46357130486.08725,9938031868.829628,30,25
2026-06-30,Real Estate,0.014379677854538137,0.014097276823999163,0.00028240103053897396,0.014955231957404256,-0.0005755541028661191,0.014034866275755063,0.000344811578783074,0.16666666666666666,0.011935296644626968,0.03198893159393344,0.01567551073597261,-0.0012958328814344725,-0.001243202832811494,-5.26300486229786e-05,0.3191489361702128,47,3,"Índice implícito (managers índice, ponderado por valor)",4891612956.665839,17354677862.579426,7099594007.334161,25,15
2026-06-30,Utilities,0.003371776946695326,0.003467104457800145,-9.532751110481914e-05,0.003936609773086282,-0.0005648328263909565,0.004182806843562928,-0.0008110298968676019,0.016666666666666666,0.003371776946695326,0.010688982504220425,0.0030885247621086076,0.0002832521845867182,0.00021235071037901173,7.090147420770647e-05,0.3191489361702128,47,3,"Índice implícito (managers índice, ponderado por valor)",1860637266.3009872,6457553283.765287,901397824.6990126,8,7
