period,manager_type,sector,net_flow,gross_flow
2023-12-31,Asset Manager - Active,Communication Services,239174303.52568185,4438633980.722809
2023-12-31,Asset Manager - Active,Consumer Discretionary,2420767716.355806,6391703542.320959
2023-12-31,Asset Manager - Active,Consumer Staples,1146713497.4344985,2837368601.379643
2023-12-31,Asset Manager - Active,ETF - Broad Equity,1751794494.2021878,4368471943.4646225
2023-12-31,Asset Manager - Active,ETF - Commodity,-16547531.286531545,38392099.751560025
2023-12-31,Asset Manager - Active,ETF - Fixed Income,1206716851.3726904,4171516098.6929326
2023-12-31,Asset Manager - Active,ETF - International Equity,395884974.5125366,465681909.4905327
2023-12-31,Asset Manager - Active,ETF - Sector,4406817.406945744,8516349.456547452
2023-12-31,Asset Manager - Active,ETF - Thematic,252419.25502620725,308132.8126627736
2023-12-31,Asset Manager - Active,Energy,-716075361.0173755,5812243249.205883
2023-12-31,Asset Manager - Active,Financials,4571550465.063959,8422762439.599196
2023-12-31,Asset Manager - Active,Health Care,-3344990878.3042336,11718980252.278137
2023-12-31,Asset Manager - Active,Industrials,-1592085224.7756867,3199577187.2999477
2023-12-31,Asset Manager - Active,Information Technology,864071986.9729486,9200158854.268518
2023-12-31,Asset Manager - Active,Materials,-60404554.129546165,1221350949.119687
2023-12-31,Asset Manager - Active,Real Estate,205365775.2350591,1429326441.1137471
2023-12-31,Asset Manager - Active,Unclassified,-3117851086.3475738,57760126001.51262
2023-12-31,Asset Manager - Active,Utilities,672122809.8770053,1151750562.055874
2023-12-31,Asset Manager - Growth,Communication Services,-326604858.22889584,1089557143.1888957
2023-12-31,Asset Manager - Growth,Consumer Discretionary,-950624750.4842346,3126888748.8212137
2023-12-31,Asset Manager - Growth,Consumer Staples,-2561918.751864518,18931859.2501404
2023-12-31,Asset Manager - Growth,Energy,528064738.95371675,629578514.9860082
2023-12-31,Asset Manager - Growth,Financials,-186330626.0915431,394115983.33742636
2023-12-31,Asset Manager - Growth,Health Care,415813519.7582826,598146880.5798833
2023-12-31,Asset Manager - Growth,Industrials,-12588777.73673287,70436032.70536995
2023-12-31,Asset Manager - Growth,Information Technology,-28991749.753979865,758081983.1896176
2023-12-31,Asset Manager - Growth,Materials,-65892512.52680494,90271955.11145736
2023-12-31,Asset Manager - Growth,Real Estate,-1308024.7785389833,40599022.76107779
2023-12-31,Asset Manager - Growth,Unclassified,-1120655416.270712,5713961557.598244
2023-12-31,Asset Manager - Growth,Utilities,25932946.67469879,25932946.67469879
2023-12-31,Asset Manager - Index,Communication Services,8252976692.769613,8983244261.612682
2023-12-31,Asset Manager - Index,Consumer Discretionary,9725843743.164171,13262126829.931667
2023-12-31,Asset Manager - Index,Consumer Staples,2032801167.0259664,3766892143.1246767
2023-12-31,Asset Manager - Index,ETF - Broad Equity,2506301954.0841336,3187349333.036606
2023-12-31,Asset Manager - Index,ETF - Commodity,26604499.013756808,26604499.013756808
2023-12-31,Asset Manager - Index,ETF - Fixed Income,470195795.9245246,972839539.3105664
2023-12-31,Asset Manager - Index,ETF - International Equity,-47801489.33676166,453836018.54272604
2023-12-31,Asset Manager - Index,ETF - Sector,66168198.046796724,555137209.4916807
2023-12-31,Asset Manager - Index,Energy,3312129355.1658416,8264808386.023734
2023-12-31,Asset Manager - Index,Financials,11032420940.82727,15374514185.824598
2023-12-31,Asset Manager - Index,Health Care,2948008110.970488,11276100969.134161
2023-12-31,Asset Manager - Index,Industrials,5377496625.229146,7725033160.773446
2023-12-31,Asset Manager - Index,Information Technology,32390335114.57811,33288258055.778473
2023-12-31,Asset Manager - Index,Materials,2284203206.786106,2950119595.8288956
2023-12-31,Asset Manager - Index,Real Estate,1290712688.9330359,2354838454.813695
2023-12-31,Asset Manager - Index,Unclassified,10879090453.653397,76432755351.09859
2023-12-31,Asset Manager - Index,Utilities,528326105.97853076,754577153.0349518
2023-12-31,Asset Manager - Index/Active,Communication Services,2730009351.6045275,4646856823.372929
2023-12-31,Asset Manager - Index/Active,Consumer Discretionary,4364520340.731587,9073030908.089075
2023-12-31,Asset Manager - Index/Active,Consumer Staples,1201864262.9853337,3286956965.529879
2023-12-31,Asset Manager - Index/Active,ETF - Broad Equity,5444093874.292446,9921962308.269821
2023-12-31,Asset Manager - Index/Active,ETF - Commodity,12686724.078968808,69762342.56154592
2023-12-31,Asset Manager - Index/Active,ETF - Fixed Income,647592295.0812709,3782933028.3784513
2023-12-31,Asset Manager - Index/Active,ETF - International Equity,-28592333.212598644,635343500.991804
2023-12-31,Asset Manager - Index/Active,ETF - Sector,31960092.607593663,159108075.98928246
2023-12-31,Asset Manager - Index/Active,ETF - Thematic,44594678.0,44594678.0
2023-12-31,Asset Manager - Index/Active,Energy,1638997365.0843143,5693142505.470757
2023-12-31,Asset Manager - Index/Active,Financials,5235603274.5222645,10564004127.220928
2023-12-31,Asset Manager - Index/Active,Health Care,-1403597336.1447208,10077925910.371452
2023-12-31,Asset Manager - Index/Active,Industrials,4179482623.192111,5149105992.590966
2023-12-31,Asset Manager - Index/Active,Information Technology,13687328370.730778,16525638981.335041
2023-12-31,Asset Manager - Index/Active,Materials,679008393.9940419,2231479568.702064
2023-12-31,Asset Manager - Index/Active,Real Estate,1742973443.6880684,2598898354.889307
2023-12-31,Asset Manager - Index/Active,Unclassified,7913989412.372555,73343674670.71594
2023-12-31,Asset Manager - Index/Active,Utilities,-776581061.540525,1024036559.4397757
2023-12-31,Asset Manager - Value,Communication Services,-1039629258.193347,1601156531.1830919
2023-12-31,Asset Manager - Value,Consumer Discretionary,-726462946.2927446,1132528115.2574902
2023-12-31,Asset Manager - Value,Consumer Staples,246461273.1148598,268418433.21226263
2023-12-31,Asset Manager - Value,ETF - Broad Equity,11669841.054501243,11669841.054501243
2023-12-31,Asset Manager - Value,ETF - International Equity,771885.0,771885.0
2023-12-31,Asset Manager - Value,Energy,-21134818.599357486,1960584978.0584106
2023-12-31,Asset Manager - Value,Financials,-165361813.0352273,3971442129.8640895
2023-12-31,Asset Manager - Value,Health Care,222486234.49034947,526979964.0098673
2023-12-31,Asset Manager - Value,Industrials,575028336.0945811,1971604902.4749143
2023-12-31,Asset Manager - Value,Information Technology,-1524986700.015931,2055514595.8335705
2023-12-31,Asset Manager - Value,Materials,-32026.573021181717,32026.573021181717
2023-12-31,Asset Manager - Value,Real Estate,8605488.420786211,21215729.546180546
2023-12-31,Asset Manager - Value,Unclassified,-816909209.1350634,15988775727.023222
2023-12-31,Asset Manager - Value,Utilities,0.0,0.0
2023-12-31,Conglomerate / Long-only Value,Financials,2702162220.0,2702162220.0
2023-12-31,Family Office - Macro,Communication Services,1699906.7282398294,53816570.66753831
2023-12-31,Family Office - Macro,Consumer Discretionary,-333189086.3426702,423225146.972479
2023-12-31,Family Office - Macro,Consumer Staples,28805000.0,28805000.0
2023-12-31,Family Office - Macro,ETF - Broad Equity,240501258.5842175,915740738.5842175
2023-12-31,Family Office - Macro,ETF - Fixed Income,-23975700.0,565705700.0
2023-12-31,Family Office - Macro,ETF - International Equity,0.0,0.0
2023-12-31,Family Office - Macro,ETF - Sector,-96746048.0,97668752.0
2023-12-31,Family Office - Macro,ETF - Thematic,-19835000.0,19835000.0
2023-12-31,Family Office - Macro,Energy,-7375656.881990665,25957723.118009336
2023-12-31,Family Office - Macro,Financials,94904895.9622071,215448122.69364795
2023-12-31,Family Office - Macro,Health Care,-314791690.5413979,484982263.8839405
2023-12-31,Family Office - Macro,Industrials,-4778928.899462663,18198002.28112427
2023-12-31,Family Office - Macro,Information Technology,-172612671.7299201,332476353.56865406
2023-12-31,Family Office - Macro,Materials,77225.74238522333,77225.74238522333
2023-12-31,Family Office - Macro,Real Estate,18944.0,18944.0
2023-12-31,Family Office - Macro,Unclassified,593321990.4832743,2902414331.680959
2023-12-31,Family Office - Macro,Utilities,-11649960.0,11649960.0
2023-12-31,Foundation / Endowment,Communication Services,-16348741.0,16348741.0
2023-12-31,Foundation / Endowment,Consumer Discretionary,-18046120.0,18046120.0
2023-12-31,Foundation / Endowment,Consumer Staples,-4994702.0,4994702.0
2023-12-31,Foundation / Endowment,ETF - Broad Equity,-8057711.0,8057711.0
2023-12-31,Foundation / Endowment,ETF - Sector,-5738154.0,5738154.0
2023-12-31,Foundation / Endowment,Energy,-10896342.0,10896342.0
2023-12-31,Foundation / Endowment,Financials,-952474629.2753881,952474629.2753881
2023-12-31,Foundation / Endowment,Health Care,-21078346.0,21078346.0
2023-12-31,Foundation / Endowment,Industrials,-147945817.06418014,147945817.06418014
2023-12-31,Foundation / Endowment,Information Technology,-433129635.0467539,433129635.0467539
2023-12-31,Foundation / Endowment,Materials,-1918000.0,1918000.0
2023-12-31,Foundation / Endowment,Real Estate,-1808949.9999999998,1808949.9999999998
2023-12-31,Foundation / Endowment,Unclassified,-13255258.0,33710524.0
2023-12-31,Hedge Fund - Activist,Communication Services,595264886.8741721,780534529.1258279
2023-12-31,Hedge Fund - Activist,Consumer Discretionary,-1791525938.594623,1797155938.594623
2023-12-31,Hedge Fund - Activist,Consumer Staples,205115959.0,205115959.0
2023-12-31,Hedge Fund - Activist,ETF - Broad Equity,5161357852.0,5161357852.0
2023-12-31,Hedge Fund - Activist,ETF - Fixed Income,0.0,0.0
2023-12-31,Hedge Fund - Activist,ETF - Sector,430697899.99999994,1160633900.0
2023-12-31,Hedge Fund - Activist,Energy,-348170906.24,348170906.24
2023-12-31,Hedge Fund - Activist,Financials,-460195630.1836312,460195630.1836312
2023-12-31,Hedge Fund - Activist,Health Care,370156126.17994857,386592818.17994857
2023-12-31,Hedge Fund - Activist,Industrials,-107946694.01001757,221102905.98998243
2023-12-31,Hedge Fund - Activist,Information Technology,-109411047.7095225,360782567.7095225
2023-12-31,Hedge Fund - Activist,Materials,0.0,0.0
2023-12-31,Hedge Fund - Activist,Real Estate,197594554.77830312,197594554.77830312
2023-12-31,Hedge Fund - Activist,Unclassified,65721040.86714097,5336864780.128252
2023-12-31,Hedge Fund - Activist,Utilities,97894.0,97894.0
2023-12-31,Hedge Fund - Contrarian Value,Communication Services,6624980.75,11688319.25
2023-12-31,Hedge Fund - Contrarian Value,Consumer Discretionary,9331420.0,26524780.0
2023-12-31,Hedge Fund - Contrarian Value,ETF - Broad Equity,-47365000.0,47365000.0
2023-12-31,Hedge Fund - Contrarian Value,Energy,1452375.0,6508375.0
2023-12-31,Hedge Fund - Contrarian Value,Financials,5144000.0,5144000.0
2023-12-31,Hedge Fund - Contrarian Value,Health Care,10546000.0,10546000.0
2023-12-31,Hedge Fund - Contrarian Value,Information Technology,5271500.0,5271500.0
2023-12-31,Hedge Fund - Contrarian Value,Unclassified,3128465.1595458663,34009900.84045413
2023-12-31,Hedge Fund - Event Driven,Communication Services,-63261709.99999997,452386290.0
2023-12-31,Hedge Fund - Event Driven,Consumer Discretionary,-72931200.0,72931200.0
2023-12-31,Hedge Fund - Event Driven,ETF - Sector,-29465000.0,29465000.0
2023-12-31,Hedge Fund - Event Driven,Energy,0.0,0.0
2023-12-31,Hedge Fund - Event Driven,Financials,-201330602.62,436822602.62
2023-12-31,Hedge Fund - Event Driven,Health Care,-475044511.0,549287911.0
2023-12-31,Hedge Fund - Event Driven,Industrials,-197024000.0,197024000.0
2023-12-31,Hedge Fund - Event Driven,Information Technology,-159678400.0,159678400.0
2023-12-31,Hedge Fund - Event Driven,Materials,0.0,0.0
2023-12-31,Hedge Fund - Event Driven,Real Estate,0.0,0.0
2023-12-31,Hedge Fund - Event Driven,Unclassified,328171360.1666181,847898760.1666181
2023-12-31,Hedge Fund - Event Driven,Utilities,0.0,0.0
2023-12-31,Hedge Fund - Global Macro,Communication Services,235239583.4280005,555665005.9858108
2023-12-31,Hedge Fund - Global Macro,Consumer Discretionary,-239156695.3685001,938035512.5312778
2023-12-31,Hedge Fund - Global Macro,Consumer Staples,-97092008.0523413,799567796.9643456
2023-12-31,Hedge Fund - Global Macro,ETF - Broad Equity,420726425.13000906,1311749004.0862734
2023-12-31,Hedge Fund - Global Macro,ETF - Commodity,-14460500.648226436,64961457.35177356
2023-12-31,Hedge Fund - Global Macro,ETF - Fixed Income,-161845616.59847945,182714900.5591341
2023-12-31,Hedge Fund - Global Macro,ETF - International Equity,117038973.47759746,180496524.61455232
2023-12-31,Hedge Fund - Global Macro,ETF - Sector,134205990.24568348,226153960.75974554
2023-12-31,Hedge Fund - Global Macro,ETF - Thematic,859444.0,859444.0
2023-12-31,Hedge Fund - Global Macro,Energy,434921642.468778,996176364.468617
2023-12-31,Hedge Fund - Global Macro,Financials,619392882.5391606,1441568985.5419014
2023-12-31,Hedge Fund - Global Macro,Health Care,439270208.9316273,1467982358.9281187
2023-12-31,Hedge Fund - Global Macro,Industrials,161363542.06719854,572969342.3319399
2023-12-31,Hedge Fund - Global Macro,Information Technology,-37417153.254718915,1370684729.323885
2023-12-31,Hedge Fund - Global Macro,Materials,59991537.72437225,296333274.84577924
2023-12-31,Hedge Fund - Global Macro,Real Estate,151907423.53319466,556777445.1926473
2023-12-31,Hedge Fund - Global Macro,Unclassified,-696913692.8759034,6836173004.600335
2023-12-31,Hedge Fund - Global Macro,Utilities,26588478.2186184,120830826.17117779
2023-12-31,Hedge Fund - Long/Short,Communication Services,914487341.5565491,1497119315.3995688
2023-12-31,Hedge Fund - Long/Short,Consumer Discretionary,-711340068.6578912,2218430419.6907115
2023-12-31,Hedge Fund - Long/Short,Consumer Staples,160040256.19781154,923245441.8536301
2023-12-31,Hedge Fund - Long/Short,ETF - Broad Equity,-314754804.0,711197196.0
2023-12-31,Hedge Fund - Long/Short,ETF - Commodity,19743900.0,19743900.0
2023-12-31,Hedge Fund - Long/Short,Energy,-155411671.40420288,964767830.7498409
2023-12-31,Hedge Fund - Long/Short,Financials,2005531390.6444871,4024590403.379482
2023-12-31,Hedge Fund - Long/Short,Health Care,-831988348.8552382,4385478515.147155
2023-12-31,Hedge Fund - Long/Short,Industrials,642765965.8585697,2333994071.8215704
2023-12-31,Hedge Fund - Long/Short,Information Technology,-529059886.0907732,2763825736.6168394
2023-12-31,Hedge Fund - Long/Short,Materials,66577137.9440498,109265361.42894283
2023-12-31,Hedge Fund - Long/Short,Real Estate,7934229.826151222,294308040.0701982
2023-12-31,Hedge Fund - Long/Short,Unclassified,-2173020707.4216676,15176481025.91076
2023-12-31,Hedge Fund - Long/Short,Utilities,-82505355.33538128,83515453.33538128
2023-12-31,Hedge Fund - Long/Short Growth,Communication Services,-1821616281.591067,2165051728.1287594
2023-12-31,Hedge Fund - Long/Short Growth,Consumer Discretionary,631274278.3595684,1569961800.8238506
2023-12-31,Hedge Fund - Long/Short Growth,Consumer Staples,282784817.0,282784817.0
2023-12-31,Hedge Fund - Long/Short Growth,ETF - Broad Equity,18544537.0,18544537.0
2023-12-31,Hedge Fund - Long/Short Growth,Energy,14475184.664523277,14475184.664523277
2023-12-31,Hedge Fund - Long/Short Growth,Financials,-25631378.687631294,805771341.2717545
2023-12-31,Hedge Fund - Long/Short Growth,Health Care,-168195900.79603583,526805206.1454985
2023-12-31,Hedge Fund - Long/Short Growth,Industrials,-36488285.07784128,573525971.0778413
2023-12-31,Hedge Fund - Long/Short Growth,Information Technology,285538049.44872236,3332138490.986552
2023-12-31,Hedge Fund - Long/Short Growth,Materials,0.0,0.0
2023-12-31,Hedge Fund - Long/Short Growth,Real Estate,-60663248.7282277,60663248.7282277
2023-12-31,Hedge Fund - Long/Short Growth,Unclassified,-596345298.2016077,5792830728.004775
2023-12-31,Hedge Fund - Long/Short Growth,Utilities,13041647.0,52660811.0
2023-12-31,Hedge Fund - Multi-strategy,Communication Services,836940028.5653703,16702061139.429287
2023-12-31,Hedge Fund - Multi-strategy,Consumer Discretionary,768353165.7108552,20985326967.691814
2023-12-31,Hedge Fund - Multi-strategy,Consumer Staples,1140351942.4712796,6544558850.135899
2023-12-31,Hedge Fund - Multi-strategy,ETF - Broad Equity,-6306270048.783462,51935453779.28671
2023-12-31,Hedge Fund - Multi-strategy,ETF - Commodity,-2005926301.8906941,2877649921.075864
2023-12-31,Hedge Fund - Multi-strategy,ETF - Fixed Income,1883926462.3753471,5095076632.939348
2023-12-31,Hedge Fund - Multi-strategy,ETF - International Equity,-56820344.334735356,1767998632.4400177
2023-12-31,Hedge Fund - Multi-strategy,ETF - Sector,-177879478.29732597,7057269603.253998
2023-12-31,Hedge Fund - Multi-strategy,ETF - Thematic,389621760.5117511,519729763.58539385
2023-12-31,Hedge Fund - Multi-strategy,Energy,945054671.0690922,11317664105.344446
2023-12-31,Hedge Fund - Multi-strategy,Financials,4170251180.6978316,24237007554.45236
2023-12-31,Hedge Fund - Multi-strategy,Health Care,-1354352707.7970228,21030291669.290123
2023-12-31,Hedge Fund - Multi-strategy,Industrials,-279335382.3316349,9990140159.494963
2023-12-31,Hedge Fund - Multi-strategy,Information Technology,-3344389757.437379,35500307423.365746
2023-12-31,Hedge Fund - Multi-strategy,Materials,391321289.33423096,3534102570.6496253
2023-12-31,Hedge Fund - Multi-strategy,Real Estate,-674070826.7088163,3284772878.900937
2023-12-31,Hedge Fund - Multi-strategy,Unclassified,-6092146614.002427,139863527992.22253
2023-12-31,Hedge Fund - Multi-strategy,Utilities,-37185127.94468286,990477066.1403314
2023-12-31,Hedge Fund - Opportunistic,Communication Services,-64826500.0,132802500.0
2023-12-31,Hedge Fund - Opportunistic,Consumer Discretionary,-42197199.99999999,238275800.0
2023-12-31,Hedge Fund - Opportunistic,ETF - Thematic,133543500.0,133543500.0
2023-12-31,Hedge Fund - Opportunistic,Energy,907200.0,907200.0
2023-12-31,Hedge Fund - Opportunistic,Health Care,31723155.000000004,31723155.000000004
2023-12-31,Hedge Fund - Opportunistic,Industrials,1652500.0,155577500.0
2023-12-31,Hedge Fund - Opportunistic,Information Technology,-231374900.0,559649600.0
2023-12-31,Hedge Fund - Opportunistic,Unclassified,39636483.0,124110569.0
2023-12-31,Hedge Fund - Quant,Communication Services,-5718696267.551059,10141905753.786415
2023-12-31,Hedge Fund - Quant,Consumer Discretionary,-12347455171.358736,19596668241.53448
2023-12-31,Hedge Fund - Quant,Consumer Staples,-2883688134.8665047,5907399442.26659
2023-12-31,Hedge Fund - Quant,ETF - Broad Equity,6485903066.990825,8556532931.554525
2023-12-31,Hedge Fund - Quant,ETF - Commodity,274316617.0625529,323286853.22588325
2023-12-31,Hedge Fund - Quant,ETF - Fixed Income,-27056645.361940745,1108714384.4229116
2023-12-31,Hedge Fund - Quant,ETF - International Equity,35199887.625695184,47665178.660177946
2023-12-31,Hedge Fund - Quant,ETF - Sector,-424899837.4913008,1312725984.7735958
2023-12-31,Hedge Fund - Quant,ETF - Thematic,130193651.50501846,131395309.50501846
2023-12-31,Hedge Fund - Quant,Energy,-3997415774.551388,6585357963.853168
2023-12-31,Hedge Fund - Quant,Financials,-8911893890.294638,14177055687.256512
2023-12-31,Hedge Fund - Quant,Health Care,-7920257382.034508,14221220474.318459
2023-12-31,Hedge Fund - Quant,Industrials,-3306561635.7426825,4728542121.056811
2023-12-31,Hedge Fund - Quant,Information Technology,-16590549423.509455,24018318228.007755
2023-12-31,Hedge Fund - Quant,Materials,-1005454847.949285,1996797450.4777339
2023-12-31,Hedge Fund - Quant,Real Estate,-232903009.83305022,976727115.3401045
2023-12-31,Hedge Fund - Quant,Unclassified,-33611025045.57056,70949377644.41016
2023-12-31,Hedge Fund - Quant,Utilities,-211389407.04086024,698374942.70543
2023-12-31,Hedge Fund - Value,Communication Services,-171487.35840095943,171487.35840095943
2023-12-31,Hedge Fund - Value,Consumer Discretionary,-2101290.0,2101290.0
2023-12-31,Hedge Fund - Value,Consumer Staples,-98077.0,98077.0
2023-12-31,Hedge Fund - Value,ETF - Broad Equity,34657121.0,34657121.0
2023-12-31,Hedge Fund - Value,ETF - Commodity,-32965514.19555656,34395496.894585684
2023-12-31,Hedge Fund - Value,Energy,-89721632.6438734,100667202.12642662
2023-12-31,Hedge Fund - Value,Financials,-2100574.085148493,10353288.769563144
2023-12-31,Hedge Fund - Value,Health Care,39319620.73580094,39319620.73580094
2023-12-31,Hedge Fund - Value,Materials,15146037.5,15148319.5
2023-12-31,Hedge Fund - Value,Real Estate,-4246.786537959283,4246.786537959283
2023-12-31,Hedge Fund - Value,Unclassified,124445451.62796475,281998803.5511904
2023-12-31,Hedge Fund - Value,Utilities,1565500.0,1565500.0
2023-12-31,Market Maker - Quant,Communication Services,899098349.6346072,10370099891.592474
2023-12-31,Market Maker - Quant,Consumer Discretionary,5739730135.726765,21217971123.775555
2023-12-31,Market Maker - Quant,Consumer Staples,1501086142.9891949,4596558904.009868
2023-12-31,Market Maker - Quant,ETF - Broad Equity,-11964274267.193985,74420260078.73112
2023-12-31,Market Maker - Quant,ETF - Commodity,1685324244.9271297,2551951502.136257
2023-12-31,Market Maker - Quant,ETF - Fixed Income,2043744860.9948478,10351521922.346617
2023-12-31,Market Maker - Quant,ETF - International Equity,2245136856.8393,5143367591.532983
2023-12-31,Market Maker - Quant,ETF - Sector,2142672779.338287,6658248792.93123
2023-12-31,Market Maker - Quant,ETF - Thematic,145667654.931343,629972678.3947612
2023-12-31,Market Maker - Quant,Energy,-861257160.8373846,6957767968.252751
2023-12-31,Market Maker - Quant,Financials,1743165096.997604,16291571045.814312
2023-12-31,Market Maker - Quant,Health Care,1160140772.9970891,9575998597.586784
2023-12-31,Market Maker - Quant,Industrials,3624075885.5744677,7161047584.849111
2023-12-31,Market Maker - Quant,Information Technology,4010791868.3855805,26118160956.35701
2023-12-31,Market Maker - Quant,Materials,255096310.98499647,2302050433.217755
2023-12-31,Market Maker - Quant,Real Estate,-98547002.83959177,1058572023.7987262
2023-12-31,Market Maker - Quant,Unclassified,9805269843.439943,62169204528.81468
2023-12-31,Market Maker - Quant,Utilities,-643813002.5322695,895506480.459355
2023-12-31,Pension Fund,Communication Services,129121119.43486711,581375486.23708
2023-12-31,Pension Fund,Consumer Discretionary,251743968.52202547,647438496.2392604
2023-12-31,Pension Fund,Consumer Staples,427521464.6161435,928956600.4240181
2023-12-31,Pension Fund,ETF - Sector,0.0,0.0
2023-12-31,Pension Fund,Energy,-102157909.8107738,142672327.49355513
2023-12-31,Pension Fund,Financials,-39496376.20243033,842065912.2783239
2023-12-31,Pension Fund,Health Care,862296302.1921408,1242547712.4929173
2023-12-31,Pension Fund,Industrials,181279276.25159344,295863337.7807565
2023-12-31,Pension Fund,Information Technology,2048775524.8874238,2971870120.9754095
2023-12-31,Pension Fund,Materials,-455334.888256754,57784062.04179915
2023-12-31,Pension Fund,Real Estate,-3489720.2894531935,48610561.79592594
2023-12-31,Pension Fund,Unclassified,-441635976.6178643,2566703111.238572
2023-12-31,Pension Fund,Utilities,19580141.273747526,185264436.99390575
2023-12-31,Sovereign Wealth Fund,Communication Services,2361032873.924422,3563895942.462331
2023-12-31,Sovereign Wealth Fund,Consumer Discretionary,2281827645.4989076,2687160362.4320374
2023-12-31,Sovereign Wealth Fund,Consumer Staples,949289368.6121154,992768277.0313103
2023-12-31,Sovereign Wealth Fund,ETF - Broad Equity,0.0,0.0
2023-12-31,Sovereign Wealth Fund,ETF - Sector,1131773.4488299163,1131773.4488299163
2023-12-31,Sovereign Wealth Fund,Energy,462645602.2922778,1312467323.3613384
2023-12-31,Sovereign Wealth Fund,Financials,2272979282.8560185,6406566064.693849
2023-12-31,Sovereign Wealth Fund,Health Care,861064103.7021841,4178543935.126377
2023-12-31,Sovereign Wealth Fund,Industrials,-293347870.2525166,1359065171.769385
2023-12-31,Sovereign Wealth Fund,Information Technology,5523434815.334355,8014298378.327227
2023-12-31,Sovereign Wealth Fund,Materials,586215973.6486862,1046436919.647574
2023-12-31,Sovereign Wealth Fund,Real Estate,1417892926.31145,1804278517.3006651
2023-12-31,Sovereign Wealth Fund,Unclassified,3891402362.091576,24054266457.47087
2023-12-31,Sovereign Wealth Fund,Utilities,348063530.4748333,410083733.6302861
2024-03-31,Asset Manager - Active,Communication Services,31479641734.187077,38421306864.479164
2024-03-31,Asset Manager - Active,Consumer Discretionary,41694543216.152824,48795398004.01291
2024-03-31,Asset Manager - Active,Consumer Staples,20731313509.240257,24151670114.024963
2024-03-31,Asset Manager - Active,ETF - Broad Equity,3198899815.9922447,6798812563.232438
2024-03-31,Asset Manager - Active,ETF - Commodity,59259940.840353385,69535669.97794813
2024-03-31,Asset Manager - Active,ETF - Fixed Income,-737104322.193762,1539962681.1156635
2024-03-31,Asset Manager - Active,ETF - International Equity,169787480.16213977,519596048.75790197
2024-03-31,Asset Manager - Active,ETF - Sector,-211886632.03116375,234728425.5326968
2024-03-31,Asset Manager - Active,ETF - Thematic,235726.24201915413,358990.0349648528
2024-03-31,Asset Manager - Active,Energy,21510123834.8687,31562535206.920116
2024-03-31,Asset Manager - Active,Financials,70527308936.62074,75486653734.75314
2024-03-31,Asset Manager - Active,Health Care,81475529503.52527,98083193752.9564
2024-03-31,Asset Manager - Active,Industrials,20579881290.058895,21794562156.489075
2024-03-31,Asset Manager - Active,Information Technology,74466773828.06262,107060093209.25237
2024-03-31,Asset Manager - Active,Materials,2933664673.868769,4774997543.134911
2024-03-31,Asset Manager - Active,Real Estate,8730097692.357763,9355338129.699587
2024-03-31,Asset Manager - Active,Unclassified,201719764596.19128,251354860815.3732
2024-03-31,Asset Manager - Active,Utilities,4018412881.929718,5370475397.109964
2024-03-31,Asset Manager - Growth,Communication Services,-594854328.9942191,1387621407.0462868
2024-03-31,Asset Manager - Growth,Consumer Discretionary,-665509717.9002508,2016895809.233647
2024-03-31,Asset Manager - Growth,Consumer Staples,-225974556.24392882,268832361.8197964
2024-03-31,Asset Manager - Growth,Energy,-101461980.03915495,105322626.03915495
2024-03-31,Asset Manager - Growth,Financials,-416575576.5246198,2478402492.4709625
2024-03-31,Asset Manager - Growth,Health Care,-337197638.30117905,450639591.3140356
2024-03-31,Asset Manager - Growth,Industrials,-31082296.57557361,31082296.57557361
2024-03-31,Asset Manager - Growth,Information Technology,-3826880574.278718,4244265143.145117
2024-03-31,Asset Manager - Growth,Materials,-202079343.7878971,246883716.30878145
2024-03-31,Asset Manager - Growth,Real Estate,-177802472.5723852,187393834.21690762
2024-03-31,Asset Manager - Growth,Unclassified,-1905187759.292334,4951716680.737678
2024-03-31,Asset Manager - Growth,Utilities,-4290851.585946234,6801751.585946234
2024-03-31,Asset Manager - Index,Communication Services,1839643518.0909526,5159291908.175575
2024-03-31,Asset Manager - Index,Consumer Discretionary,7090379521.8633795,12078503161.554499
2024-03-31,Asset Manager - Index,Consumer Staples,23370024013.39562,27387684527.73649
2024-03-31,Asset Manager - Index,ETF - Broad Equity,3766970471.8041515,4453626943.362544
2024-03-31,Asset Manager - Index,ETF - Commodity,-5066367.51833016,13459952.817758504
2024-03-31,Asset Manager - Index,ETF - Fixed Income,234874156.30089235,962798477.0748461
2024-03-31,Asset Manager - Index,ETF - International Equity,-492265766.67438674,835001621.0147301
2024-03-31,Asset Manager - Index,ETF - Sector,10965841.034811739,318437253.7846888
2024-03-31,Asset Manager - Index,Energy,-873497215.6972029,8399274637.448605
2024-03-31,Asset Manager - Index,Financials,445954625.10256785,12778952356.192865
2024-03-31,Asset Manager - Index,Health Care,7806051115.641948,17020446996.982624
2024-03-31,Asset Manager - Index,Industrials,1408951616.7079678,7927618645.801537
2024-03-31,Asset Manager - Index,Information Technology,18613095332.47555,26984195442.738125
2024-03-31,Asset Manager - Index,Materials,1636695245.8555171,2596573066.5988116
2024-03-31,Asset Manager - Index,Real Estate,1808106808.2475855,6236187996.769867
2024-03-31,Asset Manager - Index,Unclassified,12637334129.753506,79034091649.48758
2024-03-31,Asset Manager - Index,Utilities,-1148172445.9377449,2295044150.9246674
2024-03-31,Asset Manager - Index/Active,Communication Services,1013702518.1567651,3447277749.706537
2024-03-31,Asset Manager - Index/Active,Consumer Discretionary,1371734421.4310598,7697377720.073101
2024-03-31,Asset Manager - Index/Active,Consumer Staples,12730947841.823906,15349765317.283546
2024-03-31,Asset Manager - Index/Active,ETF - Broad Equity,2735939559.1983123,17645505209.435074
2024-03-31,Asset Manager - Index/Active,ETF - Commodity,-1387554578.7276425,1406707522.700624
2024-03-31,Asset Manager - Index/Active,ETF - Fixed Income,-1309091963.3979907,2353644088.427199
2024-03-31,Asset Manager - Index/Active,ETF - International Equity,1207935666.6478937,3413841851.898613
2024-03-31,Asset Manager - Index/Active,ETF - Sector,302644842.1680697,414918552.9615506
2024-03-31,Asset Manager - Index/Active,ETF - Thematic,-37467320.0,37467320.0
2024-03-31,Asset Manager - Index/Active,Energy,184332770.3160606,5372543464.660359
2024-03-31,Asset Manager - Index/Active,Financials,3572873208.0847716,11385168152.795977
2024-03-31,Asset Manager - Index/Active,Health Care,2170094982.9922066,9727693457.44607
2024-03-31,Asset Manager - Index/Active,Industrials,1887886354.0022452,5183432269.252062
2024-03-31,Asset Manager - Index/Active,Information Technology,6225640555.226387,13099881681.632929
2024-03-31,Asset Manager - Index/Active,Materials,-63057528.32717427,2373524417.6848702
2024-03-31,Asset Manager - Index/Active,Real Estate,2278201523.4371834,2903446969.913952
2024-03-31,Asset Manager - Index/Active,Unclassified,1603501454.6721709,61167240111.222046
2024-03-31,Asset Manager - Index/Active,Utilities,-58365203.213735424,424147449.60487264
2024-03-31,Asset Manager - Value,Communication Services,564436650.984083,2735505553.9589696
2024-03-31,Asset Manager - Value,Consumer Discretionary,-1044396520.1822288,1582485443.36488
2024-03-31,Asset Manager - Value,Consumer Staples,148145443.80932584,168186850.22263464
2024-03-31,Asset Manager - Value,ETF - Broad Equity,-12451040.353500431,12451040.353500431
2024-03-31,Asset Manager - Value,ETF - International Equity,-771885.0,771885.0
2024-03-31,Asset Manager - Value,Energy,-285753509.55936223,946478785.8258923
2024-03-31,Asset Manager - Value,Financials,-2039442003.7992423,4229349352.8476634
2024-03-31,Asset Manager - Value,Health Care,193903511.986315,2066205934.114383
2024-03-31,Asset Manager - Value,Industrials,1508532592.8985648,2175586381.1023555
2024-03-31,Asset Manager - Value,Information Technology,-765948726.6856883,1747177374.2776616
2024-03-31,Asset Manager - Value,Materials,-136981.3700853271,136981.3700853271
2024-03-31,Asset Manager - Value,Real Estate,-8536344.911776535,11282669.750942461
2024-03-31,Asset Manager - Value,Unclassified,1669783404.2915828,10924777683.03196
2024-03-31,Asset Manager - Value,Utilities,978466661.0,978466661.0
2024-03-31,Conglomerate / Long-only Value,Communication Services,6095215620.0,6095215620.0
2024-03-31,Conglomerate / Long-only Value,Consumer Discretionary,1827323551.0,1827323551.0
2024-03-31,Conglomerate / Long-only Value,Consumer Staples,39344424784.0,39344424784.0
2024-03-31,Conglomerate / Long-only Value,ETF - Broad Equity,41279058.0,41279058.0
2024-03-31,Conglomerate / Long-only Value,Energy,35517595992.0,35517595992.0
2024-03-31,Conglomerate / Long-only Value,Financials,97039886566.15508,97039886566.15508
2024-03-31,Conglomerate / Long-only Value,Health Care,4982993438.0,4982993438.0
2024-03-31,Conglomerate / Long-only Value,Information Technology,138779449386.0,138779449386.0
2024-03-31,Conglomerate / Long-only Value,Materials,553633733.0,553633733.0
2024-03-31,Conglomerate / Long-only Value,Unclassified,2290091204.0,2290091204.0
2024-03-31,Family Office - Macro,Communication Services,21321558.18981634,60707657.01583622
2024-03-31,Family Office - Macro,Consumer Discretionary,-61394972.72570767,462371952.5644741
2024-03-31,Family Office - Macro,Consumer Staples,-28805000.0,28805000.0
2024-03-31,Family Office - Macro,ETF - Broad Equity,-572356616.0321509,1014900697.9678491
2024-03-31,Family Office - Macro,ETF - Fixed Income,4378400.0,159158400.0
2024-03-31,Family Office - Macro,ETF - International Equity,0.0,0.0
2024-03-31,Family Office - Macro,ETF - Sector,83353000.0,115018000.0
2024-03-31,Family Office - Macro,Energy,24094907.679138668,52099352.21857662
2024-03-31,Family Office - Macro,Financials,-53134333.5039876,166451009.5039876
2024-03-31,Family Office - Macro,Health Care,59660636.019481905,348103151.9805181
2024-03-31,Family Office - Macro,Industrials,16654503.900241606,29919077.863811042
2024-03-31,Family Office - Macro,Information Technology,-253832998.96441483,257282853.1494151
2024-03-31,Family Office - Macro,Materials,27793280.322563685,27915296.322563685
2024-03-31,Family Office - Macro,Real Estate,10515853.0,10553741.0
2024-03-31,Family Office - Macro,Unclassified,-1292187406.0038607,3484971751.8014803
2024-03-31,Family Office - Macro,Utilities,1080335.0,1080335.0
2024-03-31,Foundation / Endowment,Consumer Discretionary,0.0,0.0
2024-03-31,Foundation / Endowment,Consumer Staples,364649334.0,364649334.0
2024-03-31,Foundation / Endowment,Financials,-1098924730.9735477,1098924730.9735477
2024-03-31,Foundation / Endowment,Health Care,0.0,0.0
2024-03-31,Foundation / Endowment,Industrials,0.0,0.0
2024-03-31,Foundation / Endowment,Information Technology,-719966355.8475015,719966355.8475015
2024-03-31,Foundation / Endowment,Unclassified,-1086562.0,1925938.0
2024-03-31,Hedge Fund - Activist,Communication Services,23891196.914507262,141286659.0658686
2024-03-31,Hedge Fund - Activist,Consumer Discretionary,-464456435.81484544,561003551.8148454
2024-03-31,Hedge Fund - Activist,Consumer Staples,0.0,0.0
2024-03-31,Hedge Fund - Activist,ETF - Broad Equity,-3934605377.0577435,4272822978.9422565
2024-03-31,Hedge Fund - Activist,ETF - Fixed Income,39446500.0,476553500.0
2024-03-31,Hedge Fund - Activist,ETF - Sector,-285496650.0,652665150.0
2024-03-31,Hedge Fund - Activist,Energy,942256571.9198949,2890172371.919895
2024-03-31,Hedge Fund - Activist,Financials,-379301777.63946813,441455567.63946813
2024-03-31,Hedge Fund - Activist,Health Care,-15781927.108572528,105773927.13142747
2024-03-31,Hedge Fund - Activist,Industrials,-326980500.0,326980500.0
2024-03-31,Hedge Fund - Activist,Information Technology,-612002255.5342247,906766253.7060624
2024-03-31,Hedge Fund - Activist,Materials,0.0,0.0
2024-03-31,Hedge Fund - Activist,Real Estate,18074727.0,18074727.0
2024-03-31,Hedge Fund - Activist,Unclassified,-535529032.51044345,3989462041.985158
2024-03-31,Hedge Fund - Activist,Utilities,0.0,0.0
2024-03-31,Hedge Fund - Contrarian Value,Communication Services,-14251025.0,14251025.0
2024-03-31,Hedge Fund - Contrarian Value,Consumer Discretionary,-4708775.0,23262275.0
2024-03-31,Hedge Fund - Contrarian Value,ETF - Commodity,7624612.0,7624612.0
2024-03-31,Hedge Fund - Contrarian Value,Energy,1970250.0,1970250.0
2024-03-31,Hedge Fund - Contrarian Value,Financials,1581000.0,1581000.0
2024-03-31,Hedge Fund - Contrarian Value,Health Care,3799050.0,14063850.0
2024-03-31,Hedge Fund - Contrarian Value,Information Technology,-5271500.0,5271500.0
2024-03-31,Hedge Fund - Contrarian Value,Unclassified,11403158.931088146,36826362.93108815
2024-03-31,Hedge Fund - Event Driven,Communication Services,489694080.0,489694080.0
2024-03-31,Hedge Fund - Event Driven,Consumer Discretionary,290127619.0,290127619.0
2024-03-31,Hedge Fund - Event Driven,Energy,1791000.0,1791000.0
2024-03-31,Hedge Fund - Event Driven,Financials,299422250.0,299422250.0
2024-03-31,Hedge Fund - Event Driven,Health Care,-37121700.0,37121700.0
2024-03-31,Hedge Fund - Event Driven,Industrials,-38495000.0,38495000.0
2024-03-31,Hedge Fund - Event Driven,Information Technology,-93165000.0,117195000.0
2024-03-31,Hedge Fund - Event Driven,Materials,-21646500.0,21646500.0
2024-03-31,Hedge Fund - Event Driven,Real Estate,1563962.522246179,1563962.522246179
2024-03-31,Hedge Fund - Event Driven,Unclassified,-298387713.04,1541932349.76
2024-03-31,Hedge Fund - Event Driven,Utilities,0.0,0.0
2024-03-31,Hedge Fund - Global Macro,Communication Services,621849467.569802,1143050439.4020936
2024-03-31,Hedge Fund - Global Macro,Consumer Discretionary,136847954.82163104,1198604512.0436962
2024-03-31,Hedge Fund - Global Macro,Consumer Staples,-394513812.4543309,1266677308.9261632
2024-03-31,Hedge Fund - Global Macro,ETF - Broad Equity,2857028574.1818466,3240480227.5917797
2024-03-31,Hedge Fund - Global Macro,ETF - Commodity,-5864280.955840718,17126172.804159284
2024-03-31,Hedge Fund - Global Macro,ETF - Fixed Income,71690162.81688577,88001247.72326614
2024-03-31,Hedge Fund - Global Macro,ETF - International Equity,-153589035.46461472,235846121.81165698
2024-03-31,Hedge Fund - Global Macro,ETF - Sector,283990274.4177391,395966666.7141391
2024-03-31,Hedge Fund - Global Macro,ETF - Thematic,1933488.9768261875,1933488.9768261875
2024-03-31,Hedge Fund - Global Macro,Energy,-83392668.87786011,880753692.8160434
2024-03-31,Hedge Fund - Global Macro,Financials,-134730072.22615954,1474976342.7150655
2024-03-31,Hedge Fund - Global Macro,Health Care,-332846864.378114,1548451446.7455447
2024-03-31,Hedge Fund - Global Macro,Industrials,-49621531.38287475,530230669.507132
2024-03-31,Hedge Fund - Global Macro,Information Technology,1121160118.9329412,2359963837.353526
2024-03-31,Hedge Fund - Global Macro,Materials,2268940.5828570956,320330903.24154824
2024-03-31,Hedge Fund - Global Macro,Real Estate,-124801648.09643182,459273388.29519665
2024-03-31,Hedge Fund - Global Macro,Unclassified,-341255814.587761,7120665199.343743
2024-03-31,Hedge Fund - Global Macro,Utilities,-52785180.95962798,97775057.00400808
2024-03-31,Hedge Fund - Long/Short,Communication Services,-1339577749.7365904,2395681929.391354
2024-03-31,Hedge Fund - Long/Short,Consumer Discretionary,-549006005.890509,2086917845.6932178
2024-03-31,Hedge Fund - Long/Short,Consumer Staples,340399028.7208322,1050142861.1018261
2024-03-31,Hedge Fund - Long/Short,ETF - Broad Equity,254313510.00000006,436138890.00000006
2024-03-31,Hedge Fund - Long/Short,ETF - Commodity,-19743900.0,19743900.0
2024-03-31,Hedge Fund - Long/Short,Energy,-27354173.69185052,796801658.6655461
2024-03-31,Hedge Fund - Long/Short,Financials,-998912435.3020402,3497242901.601569
2024-03-31,Hedge Fund - Long/Short,Health Care,-440061883.13412344,4940368241.223497
2024-03-31,Hedge Fund - Long/Short,Industrials,-2642818320.8309317,3273008167.1516075
2024-03-31,Hedge Fund - Long/Short,Information Technology,1694862597.5398428,2420406493.0824723
2024-03-31,Hedge Fund - Long/Short,Materials,39641333.534078464,187845560.8407288
2024-03-31,Hedge Fund - Long/Short,Real Estate,53166045.23288698,280065731.3637829
2024-03-31,Hedge Fund - Long/Short,Unclassified,1050770944.1362433,15556273061.71915
2024-03-31,Hedge Fund - Long/Short,Utilities,32445410.11309269,95592487.55309269
2024-03-31,Hedge Fund - Long/Short Growth,Communication Services,19752536.294456247,4359021209.053026
2024-03-31,Hedge Fund - Long/Short Growth,Consumer Discretionary,-387369051.09060633,1930086488.8048198
2024-03-31,Hedge Fund - Long/Short Growth,Consumer Staples,335818267.57098866,335818267.57098866
2024-03-31,Hedge Fund - Long/Short Growth,ETF - Broad Equity,31208971.0,68298045.0
2024-03-31,Hedge Fund - Long/Short Growth,Energy,594814421.0,726146693.0
2024-03-31,Hedge Fund - Long/Short Growth,Financials,-441182493.0744366,1675367446.731903
2024-03-31,Hedge Fund - Long/Short Growth,Health Care,-1104156766.0317626,1221771024.280503
2024-03-31,Hedge Fund - Long/Short Growth,Industrials,-271598750.9594678,271598750.9594678
2024-03-31,Hedge Fund - Long/Short Growth,Information Technology,-973963662.5219834,9462835133.795712
2024-03-31,Hedge Fund - Long/Short Growth,Materials,-85474801.0,85474801.0
2024-03-31,Hedge Fund - Long/Short Growth,Real Estate,-123857272.96870899,123857272.96870899
2024-03-31,Hedge Fund - Long/Short Growth,Unclassified,-313226920.0961578,5837697052.064804
2024-03-31,Hedge Fund - Long/Short Growth,Utilities,27343767.838230133,27343767.838230133
2024-03-31,Hedge Fund - Multi-strategy,Communication Services,-12263477678.239876,23111109570.11281
2024-03-31,Hedge Fund - Multi-strategy,Consumer Discretionary,-8245476021.527314,24624117605.618404
2024-03-31,Hedge Fund - Multi-strategy,Consumer Staples,1818821676.5288334,8381627036.411682
2024-03-31,Hedge Fund - Multi-strategy,ETF - Broad Equity,-42005872774.87521,65485214643.47701
2024-03-31,Hedge Fund - Multi-strategy,ETF - Commodity,-424020394.45736474,1317056204.8536506
2024-03-31,Hedge Fund - Multi-strategy,ETF - Fixed Income,-1619456669.571372,7486223660.970416
2024-03-31,Hedge Fund - Multi-strategy,ETF - International Equity,2496735046.184024,3429331802.764906
2024-03-31,Hedge Fund - Multi-strategy,ETF - Sector,-2346564186.5342097,7241100959.624921
2024-03-31,Hedge Fund - Multi-strategy,ETF - Thematic,-219740818.98075098,556436238.4822676
2024-03-31,Hedge Fund - Multi-strategy,Energy,-311811558.46131694,12357064210.119246
2024-03-31,Hedge Fund - Multi-strategy,Financials,1222302893.3805902,25211588653.065815
2024-03-31,Hedge Fund - Multi-strategy,Health Care,-1358685947.441869,22546210387.50734
2024-03-31,Hedge Fund - Multi-strategy,Industrials,-1238284707.3414395,9637903235.057482
2024-03-31,Hedge Fund - Multi-strategy,Information Technology,2201973907.0681376,49709780220.05812
2024-03-31,Hedge Fund - Multi-strategy,Materials,897064989.8173343,3611532415.711491
2024-03-31,Hedge Fund - Multi-strategy,Real Estate,-337875068.04726833,2720697653.403712
2024-03-31,Hedge Fund - Multi-strategy,Unclassified,4028597683.0228214,144377109635.15714
2024-03-31,Hedge Fund - Multi-strategy,Utilities,77644307.87764826,1026127586.654871
2024-03-31,Hedge Fund - Opportunistic,Communication Services,-385330950.0,389704950.0
2024-03-31,Hedge Fund - Opportunistic,Consumer Discretionary,721759838.0,784810158.0
2024-03-31,Hedge Fund - Opportunistic,ETF - Broad Equity,153446250.0,153446250.0
2024-03-31,Hedge Fund - Opportunistic,ETF - Thematic,-133543500.0,133543500.0
2024-03-31,Hedge Fund - Opportunistic,Energy,-17892056.982104078,17892056.982104078
2024-03-31,Hedge Fund - Opportunistic,Health Care,-31723155.000000004,31723155.000000004
2024-03-31,Hedge Fund - Opportunistic,Industrials,-298947850.0,415519350.0
2024-03-31,Hedge Fund - Opportunistic,Information Technology,-186290830.0,910666330.0
2024-03-31,Hedge Fund - Opportunistic,Unclassified,91903748.0,356038568.0
2024-03-31,Hedge Fund - Quant,Communication Services,-1076411.7074338794,3630340520.0053306
2024-03-31,Hedge Fund - Quant,Consumer Discretionary,-861111956.1242537,5322117246.624833
2024-03-31,Hedge Fund - Quant,Consumer Staples,366287654.74845445,3521555058.638426
2024-03-31,Hedge Fund - Quant,ETF - Broad Equity,-152117422.0126555,3308660252.653892
2024-03-31,Hedge Fund - Quant,ETF - Commodity,-201287070.0566748,345316147.3233014
2024-03-31,Hedge Fund - Quant,ETF - Fixed Income,-264907007.22738585,761618956.7339061
2024-03-31,Hedge Fund - Quant,ETF - International Equity,26171241.553146206,96634993.17387652
2024-03-31,Hedge Fund - Quant,ETF - Sector,-9230006.80883413,962939282.3067544
2024-03-31,Hedge Fund - Quant,ETF - Thematic,-54815483.2,54821747.2
2024-03-31,Hedge Fund - Quant,Energy,196409196.27910507,2760612801.1509266
2024-03-31,Hedge Fund - Quant,Financials,816711787.776682,6262199174.717149
2024-03-31,Hedge Fund - Quant,Health Care,-1351375128.0364287,7280180830.578256
2024-03-31,Hedge Fund - Quant,Industrials,357664857.34643024,1894920134.0317576
2024-03-31,Hedge Fund - Quant,Information Technology,-2764448487.065606,8187051504.447867
2024-03-31,Hedge Fund - Quant,Materials,147100946.87723264,1124864298.769375
2024-03-31,Hedge Fund - Quant,Real Estate,63004408.59425105,560356912.4931719
2024-03-31,Hedge Fund - Quant,Unclassified,1835465915.2395926,39022863700.381615
2024-03-31,Hedge Fund - Quant,Utilities,-26427558.066380575,600821811.4768591
2024-03-31,Hedge Fund - Value,Communication Services,82183034.31824093,83701976.55652595
2024-03-31,Hedge Fund - Value,ETF - Broad Equity,-264964.24558417016,939439.376178551
2024-03-31,Hedge Fund - Value,ETF - Commodity,-24678965.922241565,33034957.061278995
2024-03-31,Hedge Fund - Value,Energy,-68633513.52,68633513.52
2024-03-31,Hedge Fund - Value,Financials,15264860.600144684,54934005.399855316
2024-03-31,Hedge Fund - Value,Health Care,-44438893.03130427,46029936.80486129
2024-03-31,Hedge Fund - Value,Materials,-21592324.43520792,21592324.43520792
2024-03-31,Hedge Fund - Value,Real Estate,-82735.0,82735.0
2024-03-31,Hedge Fund - Value,Unclassified,42037172.614535116,271224677.5916067
2024-03-31,Hedge Fund - Value,Utilities,-11763934.121718181,11763934.121718181
2024-03-31,Market Maker - Quant,Communication Services,-11119114852.24184,16516404591.965664
2024-03-31,Market Maker - Quant,Consumer Discretionary,-18207684264.209938,25421947907.035526
2024-03-31,Market Maker - Quant,Consumer Staples,1175186355.8462806,3976274506.414584
2024-03-31,Market Maker - Quant,ETF - Broad Equity,77486829684.9638,135730334174.84651
2024-03-31,Market Maker - Quant,ETF - Commodity,-1411852275.469772,4103994208.236514
2024-03-31,Market Maker - Quant,ETF - Fixed Income,1079379040.4184673,9766279910.40944
2024-03-31,Market Maker - Quant,ETF - International Equity,-1256967863.5888631,3669787443.7184687
2024-03-31,Market Maker - Quant,ETF - Sector,-646324478.989882,7067849726.652667
2024-03-31,Market Maker - Quant,ETF - Thematic,-186991191.30309156,875335639.5944227
2024-03-31,Market Maker - Quant,Energy,-2000388680.2282777,7124050800.406275
2024-03-31,Market Maker - Quant,Financials,-5196863464.605596,18116982671.970833
2024-03-31,Market Maker - Quant,Health Care,-994918372.1765941,11193024025.886402
2024-03-31,Market Maker - Quant,Industrials,1080107095.026016,9861188593.583784
2024-03-31,Market Maker - Quant,Information Technology,24561658034.25131,64156832277.814285
2024-03-31,Market Maker - Quant,Materials,770365794.4210536,2895633387.329846
2024-03-31,Market Maker - Quant,Real Estate,124733534.84468807,1130617482.6042726
2024-03-31,Market Maker - Quant,Unclassified,-11254435172.558603,72144935844.70836
2024-03-31,Market Maker - Quant,Utilities,-50857522.99298781,624453159.6734474
2024-03-31,Pension Fund,Communication Services,-249522700.03263384,727536047.3159729
2024-03-31,Pension Fund,Consumer Discretionary,-91781899.36153293,1094390404.7329636
2024-03-31,Pension Fund,Consumer Staples,1096786039.926549,1212256726.5608258
2024-03-31,Pension Fund,ETF - Sector,0.0,0.0
2024-03-31,Pension Fund,Energy,-188557657.5385765,263976834.56811646
2024-03-31,Pension Fund,Financials,-233899754.34771228,684305046.7812893
2024-03-31,Pension Fund,Health Care,-391986473.0182039,935984644.9638321
2024-03-31,Pension Fund,Industrials,-62789595.679532684,443495524.22947294
2024-03-31,Pension Fund,Information Technology,-451172437.2285351,1862994760.7460074
2024-03-31,Pension Fund,Materials,-78678941.61806785,205420488.32472456
2024-03-31,Pension Fund,Real Estate,-4690731.930693399,198823332.9085933
2024-03-31,Pension Fund,Unclassified,-418216629.19104195,2557379120.2541513
2024-03-31,Pension Fund,Utilities,26354117.66333935,127139700.10959433
2024-03-31,Sovereign Wealth Fund,Communication Services,-2626406119.3693705,6094826127.33441
2024-03-31,Sovereign Wealth Fund,Consumer Discretionary,-1484408883.2676947,3015788541.613107
2024-03-31,Sovereign Wealth Fund,Consumer Staples,3568765366.06937,4243598514.429003
2024-03-31,Sovereign Wealth Fund,ETF - Broad Equity,0.0,0.0
2024-03-31,Sovereign Wealth Fund,ETF - Sector,1704537.1749076892,1704537.1749076892
2024-03-31,Sovereign Wealth Fund,Energy,680314045.7735381,779447252.0184917
2024-03-31,Sovereign Wealth Fund,Financials,2116802580.5797737,5036506978.555064
2024-03-31,Sovereign Wealth Fund,Health Care,3011568784.28544,4100873923.846814
2024-03-31,Sovereign Wealth Fund,Industrials,1436074149.295982,1623545113.5758457
2024-03-31,Sovereign Wealth Fund,Information Technology,-2289581353.0681915,6348546715.527319
2024-03-31,Sovereign Wealth Fund,Materials,404928686.5842322,688196051.1010991
2024-03-31,Sovereign Wealth Fund,Real Estate,472865417.565826,640534095.9996083
2024-03-31,Sovereign Wealth Fund,Unclassified,4470561049.97485,21565316826.185635
2024-03-31,Sovereign Wealth Fund,Utilities,437717777.3612067,460447713.35224605
2024-06-30,Asset Manager - Active,Communication Services,-2002221686.2295022,12047571487.50582
2024-06-30,Asset Manager - Active,Consumer Discretionary,3536221327.3118668,18649478090.380207
2024-06-30,Asset Manager - Active,Consumer Staples,-3364385644.6082053,7051451610.158802
2024-06-30,Asset Manager - Active,ETF - Broad Equity,608893817.2789055,6144740392.357028
2024-06-30,Asset Manager - Active,ETF - Commodity,-4359584.258095957,29535230.108694278
2024-06-30,Asset Manager - Active,ETF - Fixed Income,-181276669.89406934,1738898052.457079
2024-06-30,Asset Manager - Active,ETF - International Equity,-14842383.406963376,337763859.8031817
2024-06-30,Asset Manager - Active,ETF - Sector,80183119.04147466,80319036.14521073
2024-06-30,Asset Manager - Active,ETF - Thematic,-20197.896487306916,222465.65273292895
2024-06-30,Asset Manager - Active,Energy,539022344.3513099,9489706216.251936
2024-06-30,Asset Manager - Active,Financials,-1834079609.2932658,20611060882.714935
2024-06-30,Asset Manager - Active,Health Care,-3557349865.9019146,18927152282.525345
2024-06-30,Asset Manager - Active,Industrials,-1786230390.3366976,5792286699.346366
2024-06-30,Asset Manager - Active,Information Technology,152742035204.38895,182875828041.44583
2024-06-30,Asset Manager - Active,Materials,-589683753.4314449,2183085020.509505
2024-06-30,Asset Manager - Active,Real Estate,-443467995.0891201,3274680785.8009973
2024-06-30,Asset Manager - Active,Unclassified,8741897261.054739,112750277892.7921
2024-06-30,Asset Manager - Active,Utilities,-232086108.41234297,1424724966.7920358
2024-06-30,Asset Manager - Growth,Communication Services,-1847583973.0842257,2038072754.0532796
2024-06-30,Asset Manager - Growth,Consumer Discretionary,-918239228.3609838,1381752490.6347241
2024-06-30,Asset Manager - Growth,Consumer Staples,10687605.451120753,11142359.058961373
2024-06-30,Asset Manager - Growth,Energy,212659264.92695394,247661861.4263668
2024-06-30,Asset Manager - Growth,Financials,-311475979.27319264,796724050.5511761
2024-06-30,Asset Manager - Growth,Health Care,101322205.76564176,893099699.3508015
2024-06-30,Asset Manager - Growth,Industrials,-38751959.94835933,41413145.05131765
2024-06-30,Asset Manager - Growth,Information Technology,8158337103.525479,9651216749.991997
2024-06-30,Asset Manager - Growth,Materials,-36034864.63171588,38979627.407953545
2024-06-30,Asset Manager - Growth,Real Estate,-27403356.586348683,28303860.001251146
2024-06-30,Asset Manager - Growth,Unclassified,305359673.44413537,5769596391.475061
2024-06-30,Asset Manager - Growth,Utilities,-14197216.846307002,14931184.326762222
2024-06-30,Asset Manager - Index,Communication Services,2597084976.6673403,6476232056.357021
2024-06-30,Asset Manager - Index,Consumer Discretionary,9838407034.5033,21297407840.191875
2024-06-30,Asset Manager - Index,Consumer Staples,1205118354.6796572,3037413607.1664844
2024-06-30,Asset Manager - Index,ETF - Broad Equity,2958943958.568665,3758837982.808638
2024-06-30,Asset Manager - Index,ETF - Commodity,-42148192.51929601,43159968.51929601
2024-06-30,Asset Manager - Index,ETF - Fixed Income,430104224.001102,653993777.006332
2024-06-30,Asset Manager - Index,ETF - International Equity,331522997.2003151,418287499.48120517
2024-06-30,Asset Manager - Index,ETF - Sector,37711174.2674509,497685920.58379734
2024-06-30,Asset Manager - Index,Energy,11810809971.233032,20536513491.62995
2024-06-30,Asset Manager - Index,Financials,4156462074.03413,13549412124.716803
2024-06-30,Asset Manager - Index,Health Care,1734902896.928336,9849295153.83755
2024-06-30,Asset Manager - Index,Industrials,-865033999.253356,4143845300.3147936
2024-06-30,Asset Manager - Index,Information Technology,346907049880.7704,380847297700.50574
2024-06-30,Asset Manager - Index,Materials,356327037.4351908,1502488801.0252151
2024-06-30,Asset Manager - Index,Real Estate,-762929796.9964311,2647561334.0011606
2024-06-30,Asset Manager - Index,Unclassified,23732647166.083126,95517522334.71252
2024-06-30,Asset Manager - Index,Utilities,322697839.29462487,712003480.9243546
2024-06-30,Asset Manager - Index/Active,Communication Services,2846643464.1918583,5481162101.125473
2024-06-30,Asset Manager - Index/Active,Consumer Discretionary,7543290720.340391,15897499725.193453
2024-06-30,Asset Manager - Index/Active,Consumer Staples,1525170945.7685823,2953066217.690209
2024-06-30,Asset Manager - Index/Active,ETF - Broad Equity,-7101616064.06617,17201610554.711754
2024-06-30,Asset Manager - Index/Active,ETF - Commodity,132956435.84674422,224576120.7606096
2024-06-30,Asset Manager - Index/Active,ETF - Fixed Income,539242854.9432681,1958694981.741741
2024-06-30,Asset Manager - Index/Active,ETF - International Equity,133879883.99739124,831009110.3826694
2024-06-30,Asset Manager - Index/Active,ETF - Sector,-723942733.3874482,880189363.4356409
2024-06-30,Asset Manager - Index/Active,ETF - Thematic,46201927.0,46201927.0
2024-06-30,Asset Manager - Index/Active,Energy,1489918687.3425715,8971050323.002956
2024-06-30,Asset Manager - Index/Active,Financials,818784868.3262619,12888965568.107767
2024-06-30,Asset Manager - Index/Active,Health Care,2822155394.0124865,12756650058.438591
2024-06-30,Asset Manager - Index/Active,Industrials,1063343068.2261149,6424982317.841511
2024-06-30,Asset Manager - Index/Active,Information Technology,215713001295.54904,223797728786.2596
2024-06-30,Asset Manager - Index/Active,Materials,-251363251.69769672,1504624719.5935533
2024-06-30,Asset Manager - Index/Active,Real Estate,691099480.8113219,2877680329.270046
2024-06-30,Asset Manager - Index/Active,Unclassified,9245316574.451927,86909134640.74837
2024-06-30,Asset Manager - Index/Active,Utilities,832883328.8531624,928530147.972152
2024-06-30,Asset Manager - Value,Communication Services,-747884429.1157917,1129623392.5823493
2024-06-30,Asset Manager - Value,Consumer Discretionary,-19124761.09919391,711170902.5940286
2024-06-30,Asset Manager - Value,Consumer Staples,-3193904.275821657,55114896.64566683
2024-06-30,Asset Manager - Value,ETF - Broad Equity,337144.9439163498,451431.0560836502
2024-06-30,Asset Manager - Value,Energy,-496932614.30648476,770131121.7493236
2024-06-30,Asset Manager - Value,Financials,-4562761592.155391,6128023713.217481
2024-06-30,Asset Manager - Value,Health Care,914015990.4058255,4885093098.82067
2024-06-30,Asset Manager - Value,Industrials,441485585.1905101,1040814711.0786102
2024-06-30,Asset Manager - Value,Information Technology,169283648.2481688,991638330.6642812
2024-06-30,Asset Manager - Value,Materials,-126678.01557902027,126678.01557902027
2024-06-30,Asset Manager - Value,Real Estate,8062002.287765989,8062002.287765989
2024-06-30,Asset Manager - Value,Unclassified,754024519.0896105,7750824860.588107
2024-06-30,Asset Manager - Value,Utilities,40990126.01185364,41046774.01185364
2024-06-30,Conglomerate / Long-only Value,Communication Services,42738673.697654575,264935595.90292096
2024-06-30,Conglomerate / Long-only Value,Consumer Discretionary,266291202.0,266291202.0
2024-06-30,Conglomerate / Long-only Value,Consumer Staples,0.0,0.0
2024-06-30,Conglomerate / Long-only Value,ETF - Broad Equity,0.0,0.0
2024-06-30,Conglomerate / Long-only Value,Energy,-225692400.76171798,1141316100.5376513
2024-06-30,Conglomerate / Long-only Value,Financials,-172690712.73055482,738939743.7935472
2024-06-30,Conglomerate / Long-only Value,Health Care,0.0,0.0
2024-06-30,Conglomerate / Long-only Value,Industrials,185373840.0,185373840.0
2024-06-30,Conglomerate / Long-only Value,Information Technology,-82998643701.0,82998643701.0
2024-06-30,Conglomerate / Long-only Value,Materials,-52127568.85290604,52127568.85290604
2024-06-30,Conglomerate / Long-only Value,Unclassified,192495788.6215337,351975275.34252256
2024-06-30,Family Office - Macro,Communication Services,-204290014.98120746,205559129.39801878
2024-06-30,Family Office - Macro,Consumer Discretionary,135272750.35641545,324416163.4593832
2024-06-30,Family Office - Macro,Consumer Staples,85186699.0,85186699.0
2024-06-30,Family Office - Macro,ETF - Broad Equity,-141774037.2064956,824991046.86607
2024-06-30,Family Office - Macro,ETF - Fixed Income,-18761573.83765965,84843173.83765966
2024-06-30,Family Office - Macro,ETF - International Equity,0.0,0.0
2024-06-30,Family Office - Macro,ETF - Sector,-99185500.0,99185500.0
2024-06-30,Family Office - Macro,Energy,-51796637.41151774,51796637.41151774
2024-06-30,Family Office - Macro,Financials,-69888060.8754758,110324112.8754758
2024-06-30,Family Office - Macro,Health Care,107224906.03232789,427183467.7123279
2024-06-30,Family Office - Macro,Industrials,814160.5010716114,34280448.50107161
2024-06-30,Family Office - Macro,Information Technology,-14932352.98136639,565740983.2486885
2024-06-30,Family Office - Macro,Materials,-25192595.893329922,25192595.893329922
2024-06-30,Family Office - Macro,Real Estate,-10471741.0,10597853.0
2024-06-30,Family Office - Macro,Unclassified,-238210630.53697327,2395252296.109298
2024-06-30,Family Office - Macro,Utilities,43235710.0,45396380.0
2024-06-30,Foundation / Endowment,Consumer Discretionary,0.0,0.0
2024-06-30,Foundation / Endowment,Consumer Staples,0.0,0.0
2024-06-30,Foundation / Endowment,Financials,2976598314.11888,2976598314.11888
2024-06-30,Foundation / Endowment,Health Care,0.0,0.0
2024-06-30,Foundation / Endowment,Industrials,0.0,0.0
2024-06-30,Foundation / Endowment,Information Technology,-719589499.9930782,719589499.9930782
2024-06-30,Foundation / Endowment,Unclassified,-45713200.0,45713200.0
2024-06-30,Hedge Fund - Activist,Communication Services,-3204809706.227742,3594771221.5478587
2024-06-30,Hedge Fund - Activist,Consumer Discretionary,1938135590.9923682,2070412885.8205414
2024-06-30,Hedge Fund - Activist,Consumer Staples,-137662836.96,137901803.04
2024-06-30,Hedge Fund - Activist,ETF - Broad Equity,939427110.1432291,1574119951.8567708
2024-06-30,Hedge Fund - Activist,ETF - Fixed Income,-163380000.0,163380000.0
2024-06-30,Hedge Fund - Activist,ETF - Sector,-695626250.0,695626250.0
2024-06-30,Hedge Fund - Activist,Energy,-1142634519.0,1142634519.0
2024-06-30,Hedge Fund - Activist,Financials,247872323.02367842,394703171.1161364
2024-06-30,Hedge Fund - Activist,Health Care,-176567850.0,176567850.0
2024-06-30,Hedge Fund - Activist,Industrials,-10226003.510607531,10226003.510607531
2024-06-30,Hedge Fund - Activist,Information Technology,108419722.79269886,404163586.22916967
2024-06-30,Hedge Fund - Activist,Materials,0.0,0.0
2024-06-30,Hedge Fund - Activist,Real Estate,-41266500.0,41266500.0
2024-06-30,Hedge Fund - Activist,Unclassified,926468079.4227599,5232023540.785343
2024-06-30,Hedge Fund - Activist,Utilities,0.0,0.0
2024-06-30,Hedge Fund - Contrarian Value,Consumer Discretionary,-7915050.0,12235050.0
2024-06-30,Hedge Fund - Contrarian Value,ETF - Commodity,-7624612.0,7624612.0
2024-06-30,Hedge Fund - Contrarian Value,Energy,-6567500.0,6567500.0
2024-06-30,Hedge Fund - Contrarian Value,Financials,-7905000.0,7905000.0
2024-06-30,Hedge Fund - Contrarian Value,Health Care,-8309280.999999999,22894819.0
2024-06-30,Hedge Fund - Contrarian Value,Unclassified,-10270446.48,46805928.48
2024-06-30,Hedge Fund - Event Driven,Communication Services,-126411820.0,382322020.0
2024-06-30,Hedge Fund - Event Driven,Consumer Discretionary,143208363.0,151547637.0
2024-06-30,Hedge Fund - Event Driven,Energy,-1791000.0,1791000.0
2024-06-30,Hedge Fund - Event Driven,Financials,-174685750.0,319210750.0
2024-06-30,Hedge Fund - Event Driven,Health Care,0.0,0.0
2024-06-30,Hedge Fund - Event Driven,Industrials,116288000.00000001,116288000.00000001
2024-06-30,Hedge Fund - Event Driven,Information Technology,584383171.4514055,773784671.4514055
2024-06-30,Hedge Fund - Event Driven,Materials,0.0,0.0
2024-06-30,Hedge Fund - Event Driven,Real Estate,0.0,0.0
2024-06-30,Hedge Fund - Event Driven,Unclassified,143138624.5077231,989489721.4922769
2024-06-30,Hedge Fund - Event Driven,Utilities,0.0,0.0
2024-06-30,Hedge Fund - Global Macro,Communication Services,-339236758.53221536,726411760.1762624
2024-06-30,Hedge Fund - Global Macro,Consumer Discretionary,437676040.2617171,1427958375.6226604
2024-06-30,Hedge Fund - Global Macro,Consumer Staples,-221990728.38036922,862679002.7292193
2024-06-30,Hedge Fund - Global Macro,ETF - Broad Equity,2681773508.2523084,2913959000.8123574
2024-06-30,Hedge Fund - Global Macro,ETF - Commodity,24378796.786755398,35000257.98891372
2024-06-30,Hedge Fund - Global Macro,ETF - Fixed Income,-21754675.107565593,31991001.57439451
2024-06-30,Hedge Fund - Global Macro,ETF - International Equity,151167338.3265546,267017402.1619242
2024-06-30,Hedge Fund - Global Macro,ETF - Sector,111363496.57010181,376811266.51794434
2024-06-30,Hedge Fund - Global Macro,ETF - Thematic,1551617.9500000002,1551617.9500000002
2024-06-30,Hedge Fund - Global Macro,Energy,-92359466.54267085,1278053987.1804533
2024-06-30,Hedge Fund - Global Macro,Financials,-42889931.029822335,1213840953.7279963
2024-06-30,Hedge Fund - Global Macro,Health Care,-472090409.87781703,1568733488.1323526
2024-06-30,Hedge Fund - Global Macro,Industrials,-9519600.684506495,651734460.47611
2024-06-30,Hedge Fund - Global Macro,Information Technology,1511897299.3703942,3024507535.672964
2024-06-30,Hedge Fund - Global Macro,Materials,-8792018.895285357,260635272.74407893
2024-06-30,Hedge Fund - Global Macro,Real Estate,160818643.79493904,566772145.4182869
2024-06-30,Hedge Fund - Global Macro,Unclassified,463500339.1856536,6935678179.32125
2024-06-30,Hedge Fund - Global Macro,Utilities,26751372.40867524,92287178.73731318
2024-06-30,Hedge Fund - Long/Short,Communication Services,996731.6213974645,2083530808.6285186
2024-06-30,Hedge Fund - Long/Short,Consumer Discretionary,746357964.0978366,2821910713.9258175
2024-06-30,Hedge Fund - Long/Short,Consumer Staples,-254503736.72046086,702285361.0182077
2024-06-30,Hedge Fund - Long/Short,ETF - Broad Equity,-233085610.0,233085610.0
2024-06-30,Hedge Fund - Long/Short,Energy,324139452.90809494,980043900.0862923
2024-06-30,Hedge Fund - Long/Short,Financials,-1828916561.5495307,5179648302.614314
2024-06-30,Hedge Fund - Long/Short,Health Care,-1070649245.2166777,4203604264.73446
2024-06-30,Hedge Fund - Long/Short,Industrials,-693808582.9412508,1230855906.2603369
2024-06-30,Hedge Fund - Long/Short,Information Technology,4443617404.197958,6633170379.218961
2024-06-30,Hedge Fund - Long/Short,Materials,-272957075.1964744,298242003.2994413
2024-06-30,Hedge Fund - Long/Short,Real Estate,295027905.1666533,411272986.582744
2024-06-30,Hedge Fund - Long/Short,Unclassified,914394039.0687145,15028595558.665262
2024-06-30,Hedge Fund - Long/Short,Utilities,-53481345.41139716,131649193.02364554
2024-06-30,Hedge Fund - Long/Short Growth,Communication Services,-1458679524.4927955,1600064355.0681589
2024-06-30,Hedge Fund - Long/Short Growth,Consumer Discretionary,-620222825.8575857,1253415420.9735107
2024-06-30,Hedge Fund - Long/Short Growth,Consumer Staples,0.0,0.0
2024-06-30,Hedge Fund - Long/Short Growth,ETF - Broad Equity,-49753508.0,49753508.0
2024-06-30,Hedge Fund - Long/Short Growth,Energy,715563604.568312,721247074.568312
2024-06-30,Hedge Fund - Long/Short Growth,Financials,-413426115.38138723,810255627.857873
2024-06-30,Hedge Fund - Long/Short Growth,Health Care,1488431635.2231677,2036121562.7768323
2024-06-30,Hedge Fund - Long/Short Growth,Industrials,297509341.8026409,297509341.8026409
2024-06-30,Hedge Fund - Long/Short Growth,Information Technology,3018192254.5843854,7566240831.117632
2024-06-30,Hedge Fund - Long/Short Growth,Real Estate,-41205192.66101543,41205192.66101543
2024-06-30,Hedge Fund - Long/Short Growth,Unclassified,-8260164.598910425,4837755748.433508
2024-06-30,Hedge Fund - Long/Short Growth,Utilities,18064999.723462634,21948881.434623554
2024-06-30,Hedge Fund - Multi-strategy,Communication Services,-13208216738.138348,21632931948.23144
2024-06-30,Hedge Fund - Multi-strategy,Consumer Discretionary,672755283.1818602,23168643369.75511
2024-06-30,Hedge Fund - Multi-strategy,Consumer Staples,-709337032.7376559,9056865138.041977
2024-06-30,Hedge Fund - Multi-strategy,ETF - Broad Equity,-17975026572.934174,36455588284.512436
2024-06-30,Hedge Fund - Multi-strategy,ETF - Commodity,342299227.1846265,772793278.6634965
2024-06-30,Hedge Fund - Multi-strategy,ETF - Fixed Income,-1211021583.257852,5402441124.642748
2024-06-30,Hedge Fund - Multi-strategy,ETF - International Equity,179034540.63394582,1526774789.808099
2024-06-30,Hedge Fund - Multi-strategy,ETF - Sector,-41459078.03724578,5637800447.571589
2024-06-30,Hedge Fund - Multi-strategy,ETF - Thematic,43032553.18301371,208698025.90110803
2024-06-30,Hedge Fund - Multi-strategy,Energy,-821183836.924177,13574220644.485174
2024-06-30,Hedge Fund - Multi-strategy,Financials,-5176373929.757741,28162694910.567223
2024-06-30,Hedge Fund - Multi-strategy,Health Care,652608052.8481305,20109531527.644447
2024-06-30,Hedge Fund - Multi-strategy,Industrials,-1562500047.2416885,8093501570.441819
2024-06-30,Hedge Fund - Multi-strategy,Information Technology,30366668051.12056,74823956908.52742
2024-06-30,Hedge Fund - Multi-strategy,Materials,-321029575.0348215,2976951524.8988137
2024-06-30,Hedge Fund - Multi-strategy,Real Estate,279750413.19716346,2520888244.265158
2024-06-30,Hedge Fund - Multi-strategy,Unclassified,-3418930826.065021,139354373714.10004
2024-06-30,Hedge Fund - Multi-strategy,Utilities,347655603.50837976,1388400198.0236976
2024-06-30,Hedge Fund - Opportunistic,Communication Services,-126028250.0,126028250.0
2024-06-30,Hedge Fund - Opportunistic,Consumer Discretionary,-126415805.92,160562694.07999998
2024-06-30,Hedge Fund - Opportunistic,ETF - Broad Equity,14684350.0,14684350.0
2024-06-30,Hedge Fund - Opportunistic,Energy,-23796949.980478756,23796949.980478756
2024-06-30,Hedge Fund - Opportunistic,Health Care,-7638900.0,7638900.0
2024-06-30,Hedge Fund - Opportunistic,Industrials,8129300.000000002,13589600.000000002
2024-06-30,Hedge Fund - Opportunistic,Information Technology,-273633240.7629842,361360830.7629842
2024-06-30,Hedge Fund - Opportunistic,Unclassified,83548045.18237899,193377175.182379
2024-06-30,Hedge Fund - Quant,Communication Services,4649590763.676001,10626689499.43228
2024-06-30,Hedge Fund - Quant,Consumer Discretionary,13212410168.566725,20093841158.864727
2024-06-30,Hedge Fund - Quant,Consumer Staples,1379874683.0965018,6339665688.454463
2024-06-30,Hedge Fund - Quant,ETF - Broad Equity,4758549513.388808,8533038218.367218
2024-06-30,Hedge Fund - Quant,ETF - Commodity,142829952.4720511,460382230.6764084
2024-06-30,Hedge Fund - Quant,ETF - Fixed Income,387437267.5755821,1108661145.5510795
2024-06-30,Hedge Fund - Quant,ETF - International Equity,40233375.83468236,114664080.94820657
2024-06-30,Hedge Fund - Quant,ETF - Sector,-13574114.960279949,1556350785.372925
2024-06-30,Hedge Fund - Quant,ETF - Thematic,-15444409.0,178949157.0
2024-06-30,Hedge Fund - Quant,Energy,3955652999.0173397,8500918059.17636
2024-06-30,Hedge Fund - Quant,Financials,12745602181.5496,18265019838.740627
2024-06-30,Hedge Fund - Quant,Health Care,7898105239.284357,14548832521.403439
2024-06-30,Hedge Fund - Quant,Industrials,3788254172.090427,6269443640.205874
2024-06-30,Hedge Fund - Quant,Information Technology,28058993165.51983,35309718272.441315
2024-06-30,Hedge Fund - Quant,Materials,1186662432.9923556,2379879909.146249
2024-06-30,Hedge Fund - Quant,Real Estate,524626950.67993975,1293286193.3847253
2024-06-30,Hedge Fund - Quant,Unclassified,45373204164.501335,87498529994.92665
2024-06-30,Hedge Fund - Quant,Utilities,191358196.46427462,1181333117.520415
2024-06-30,Hedge Fund - Value,Communication Services,32913479.420527227,33908893.94313447
2024-06-30,Hedge Fund - Value,ETF - Broad Equity,0.0,0.0
2024-06-30,Hedge Fund - Value,ETF - Commodity,-9533543.55121064,9533543.55121064
2024-06-30,Hedge Fund - Value,Energy,-22292660.128485095,22292660.128485095
2024-06-30,Hedge Fund - Value,Financials,-43248644.88754002,43248644.88754002
2024-06-30,Hedge Fund - Value,Health Care,-38875948.92820536,39189814.92820536
2024-06-30,Hedge Fund - Value,Information Technology,18805.0,18805.0
2024-06-30,Hedge Fund - Value,Materials,-10484000.20055439,10484000.20055439
2024-06-30,Hedge Fund - Value,Unclassified,-2857898.392436873,318209086.05928737
2024-06-30,Hedge Fund - Value,Utilities,-22316200.0,22316200.0
2024-06-30,Market Maker - Quant,Communication Services,-13587421051.939514,20432262688.99377
2024-06-30,Market Maker - Quant,Consumer Discretionary,-1545618131.3739343,32852009690.92271
2024-06-30,Market Maker - Quant,Consumer Staples,-2737317633.5656137,4847586043.769528
2024-06-30,Market Maker - Quant,ETF - Broad Equity,-88579968332.90579,110755321026.92867
2024-06-30,Market Maker - Quant,ETF - Commodity,31548225.99259944,2762560067.8694015
2024-06-30,Market Maker - Quant,ETF - Fixed Income,-5943568274.725318,9958399788.251545
2024-06-30,Market Maker - Quant,ETF - International Equity,2913261305.889711,5388281340.027304
2024-06-30,Market Maker - Quant,ETF - Sector,-1408214382.7830863,8709817445.190277
2024-06-30,Market Maker - Quant,ETF - Thematic,119500879.1009678,312501834.9084593
2024-06-30,Market Maker - Quant,Energy,-482241109.91923743,7909318678.146834
2024-06-30,Market Maker - Quant,Financials,538692124.8508825,15264757539.552828
2024-06-30,Market Maker - Quant,Health Care,1121487841.3455238,12348903217.523764
2024-06-30,Market Maker - Quant,Industrials,-5012532445.5858555,8422184024.46776
2024-06-30,Market Maker - Quant,Information Technology,94673637351.1223,121883266470.43956
2024-06-30,Market Maker - Quant,Materials,-686739266.1948965,2607374171.7574244
2024-06-30,Market Maker - Quant,Real Estate,-137507068.4413324,1135401854.5961835
2024-06-30,Market Maker - Quant,Unclassified,-1684939449.345089,69164685023.67323
2024-06-30,Market Maker - Quant,Utilities,293369043.7151599,706145070.7557461
2024-06-30,Pension Fund,Communication Services,-245927849.53494257,949845243.1139907
2024-06-30,Pension Fund,Consumer Discretionary,-274360511.64716864,1240413347.7090173
2024-06-30,Pension Fund,Consumer Staples,-1368221772.173774,1418724376.6428878
2024-06-30,Pension Fund,ETF - Sector,-505439999.99999994,505439999.99999994
2024-06-30,Pension Fund,Energy,-476707391.81016064,619347370.9669662
2024-06-30,Pension Fund,Financials,-381125924.1754553,1470545482.2377539
2024-06-30,Pension Fund,Health Care,-1378940413.544551,1549983104.7358117
2024-06-30,Pension Fund,Industrials,-39052068.72077554,279276741.2286861
2024-06-30,Pension Fund,Information Technology,6103539433.441058,8627786469.748617
2024-06-30,Pension Fund,Materials,-5363234.778203061,18794621.224611826
2024-06-30,Pension Fund,Real Estate,-80076259.18535033,143716405.7685699
2024-06-30,Pension Fund,Unclassified,-2331006878.5062737,4708133063.347304
2024-06-30,Pension Fund,Utilities,-350990684.4595241,354453492.7771398
2024-06-30,Sovereign Wealth Fund,Communication Services,844538281.0778828,5486444089.046424
2024-06-30,Sovereign Wealth Fund,Consumer Discretionary,2768429445.0455217,5277537288.640191
2024-06-30,Sovereign Wealth Fund,Consumer Staples,1002235463.4153508,1378700437.767177
2024-06-30,Sovereign Wealth Fund,ETF - Broad Equity,0.0,0.0
2024-06-30,Sovereign Wealth Fund,ETF - Sector,5584600.195620737,5584600.195620737
2024-06-30,Sovereign Wealth Fund,Energy,1395468987.3750274,1581482640.3590753
2024-06-30,Sovereign Wealth Fund,Financials,2331549485.217613,4031477600.8857946
2024-06-30,Sovereign Wealth Fund,Health Care,1313958413.4220371,3119030162.4654603
2024-06-30,Sovereign Wealth Fund,Industrials,449962682.07343423,1131289612.1455953
2024-06-30,Sovereign Wealth Fund,Information Technology,36436582366.67046,40110201354.72587
2024-06-30,Sovereign Wealth Fund,Materials,-89245655.29977547,473107827.1088003
2024-06-30,Sovereign Wealth Fund,Real Estate,-384546438.7763969,969963036.5334818
2024-06-30,Sovereign Wealth Fund,Unclassified,5182687376.824538,21006411652.966003
2024-06-30,Sovereign Wealth Fund,Utilities,289976871.1900147,301219919.9806731
2024-09-30,Asset Manager - Active,Communication Services,563568753.5331111,5381784841.781116
2024-09-30,Asset Manager - Active,Consumer Discretionary,-1590466056.4666264,18317626568.95282
2024-09-30,Asset Manager - Active,Consumer Staples,-352429865.7291087,8693414158.532396
2024-09-30,Asset Manager - Active,ETF - Broad Equity,-247495547.35462812,6386686168.478233
2024-09-30,Asset Manager - Active,ETF - Commodity,1898199.045410498,41709244.74934051
2024-09-30,Asset Manager - Active,ETF - Fixed Income,-1669115543.2050033,2331649825.2483215
2024-09-30,Asset Manager - Active,ETF - International Equity,4980230.592891648,211410305.1503762
2024-09-30,Asset Manager - Active,ETF - Sector,-103543656.42828138,151481163.7922545
2024-09-30,Asset Manager - Active,ETF - Thematic,79031.18125531428,105689.6296990144
2024-09-30,Asset Manager - Active,Energy,-1824370584.2548854,14270405533.550348
2024-09-30,Asset Manager - Active,Financials,823424293.8623855,24908323458.95453
2024-09-30,Asset Manager - Active,Health Care,3757246832.61074,19776098296.919476
2024-09-30,Asset Manager - Active,Industrials,-1137028829.949932,6693003219.0023775
2024-09-30,Asset Manager - Active,Information Technology,9657268191.655146,53936748266.19214
2024-09-30,Asset Manager - Active,Materials,-893391587.9726741,3337256057.6885133
2024-09-30,Asset Manager - Active,Real Estate,327430797.6056477,3184427121.2125964
2024-09-30,Asset Manager - Active,Unclassified,6093403947.424173,124734014115.55252
2024-09-30,Asset Manager - Active,Utilities,-805775996.4126549,1464713125.8881998
2024-09-30,Asset Manager - Growth,Communication Services,-366035746.53522885,753306289.9136301
2024-09-30,Asset Manager - Growth,Consumer Discretionary,70798512.2907294,1957772854.0358496
2024-09-30,Asset Manager - Growth,Consumer Staples,11501393.819348875,36158581.98957929
2024-09-30,Asset Manager - Growth,Energy,316518207.2566882,321681068.65129787
2024-09-30,Asset Manager - Growth,Financials,-168887587.81168407,1035329754.4430016
2024-09-30,Asset Manager - Growth,Health Care,-316299855.55952865,361528007.1919976
2024-09-30,Asset Manager - Growth,Industrials,-162438903.05590865,162438903.05590865
2024-09-30,Asset Manager - Growth,Information Technology,-1682543131.380446,4941800191.292049
2024-09-30,Asset Manager - Growth,Materials,-54301020.03884381,54323936.84735444
2024-09-30,Asset Manager - Growth,Real Estate,-29971379.19038133,29971379.19038133
2024-09-30,Asset Manager - Growth,Unclassified,1148233811.799536,5189532272.826906
2024-09-30,Asset Manager - Growth,Utilities,-1558479.6134699716,1558479.6134699716
2024-09-30,Asset Manager - Index,Communication Services,-2196747625.0902376,7707454432.633284
2024-09-30,Asset Manager - Index,Consumer Discretionary,9967435090.518066,14171843703.052774
2024-09-30,Asset Manager - Index,Consumer Staples,2788045282.8559375,6350640192.525238
2024-09-30,Asset Manager - Index,ETF - Broad Equity,3957768079.6677036,4792808450.229844
2024-09-30,Asset Manager - Index,ETF - Commodity,10498069.11760319,13463581.73482807
2024-09-30,Asset Manager - Index,ETF - Fixed Income,612313980.7339959,752639531.6442473
2024-09-30,Asset Manager - Index,ETF - International Equity,-461066666.6754198,945811875.2920336
2024-09-30,Asset Manager - Index,ETF - Sector,63336354.65201999,669766677.548003
2024-09-30,Asset Manager - Index,Energy,1313785142.4990976,8606521581.55618
2024-09-30,Asset Manager - Index,Financials,9761384984.638577,16117790974.407394
2024-09-30,Asset Manager - Index,Health Care,4883054299.925349,10049608875.954071
2024-09-30,Asset Manager - Index,Industrials,1271277997.4036782,3214043352.0920053
2024-09-30,Asset Manager - Index,Information Technology,124387125808.01843,146816402296.584
2024-09-30,Asset Manager - Index,Materials,94637192.16828673,1043683644.271876
2024-09-30,Asset Manager - Index,Real Estate,477058299.60370916,1602404194.8967555
2024-09-30,Asset Manager - Index,Unclassified,42673293735.96508,102248684158.28162
2024-09-30,Asset Manager - Index,Utilities,1390259254.626039,1423831378.5700595
2024-09-30,Asset Manager - Index/Active,Communication Services,2521691105.3491,6047607952.944052
2024-09-30,Asset Manager - Index/Active,Consumer Discretionary,5037141146.890195,10166810891.563578
2024-09-30,Asset Manager - Index/Active,Consumer Staples,7557501550.474546,8142739658.758866
2024-09-30,Asset Manager - Index/Active,ETF - Broad Equity,7212586053.744878,12245296255.809334
2024-09-30,Asset Manager - Index/Active,ETF - Commodity,1825717978.2118485,1829753632.9750972
2024-09-30,Asset Manager - Index/Active,ETF - Fixed Income,120869952.25444534,1670170695.885634
2024-09-30,Asset Manager - Index/Active,ETF - International Equity,-1553835774.903015,1960458005.4443858
2024-09-30,Asset Manager - Index/Active,ETF - Sector,36789077.70389924,332550446.80294126
2024-09-30,Asset Manager - Index/Active,ETF - Thematic,-46200891.0,46203039.0
2024-09-30,Asset Manager - Index/Active,Energy,399985158.2854703,6245175589.512372
2024-09-30,Asset Manager - Index/Active,Financials,9603456390.619465,17131537003.08542
2024-09-30,Asset Manager - Index/Active,Health Care,1156199712.9620519,8402662159.506244
2024-09-30,Asset Manager - Index/Active,Industrials,1057508657.3504496,3374071340.508131
2024-09-30,Asset Manager - Index/Active,Information Technology,79102908917.04005,82678446901.32462
2024-09-30,Asset Manager - Index/Active,Materials,708639158.9826678,1032371956.6051013
2024-09-30,Asset Manager - Index/Active,Real Estate,2502431745.340288,2658007394.7539196
2024-09-30,Asset Manager - Index/Active,Unclassified,27984431353.45249,85833597193.5698
2024-09-30,Asset Manager - Index/Active,Utilities,1549328811.5457432,1648548624.0339885
2024-09-30,Asset Manager - Value,Communication Services,-999205115.6593342,1898454091.9404087
2024-09-30,Asset Manager - Value,Consumer Discretionary,11022777.041735329,457891255.7573008
2024-09-30,Asset Manager - Value,Consumer Staples,1487193461.4966042,2445294404.1023207
2024-09-30,Asset Manager - Value,ETF - Broad Equity,4097353.3029487142,4097353.3029487142
2024-09-30,Asset Manager - Value,ETF - Fixed Income,444657.0,444657.0
2024-09-30,Asset Manager - Value,ETF - International Equity,92717.0,92717.0
2024-09-30,Asset Manager - Value,Energy,-16852992.2893714,420603930.0921431
2024-09-30,Asset Manager - Value,Financials,-3598025976.33568,5643003930.07656
2024-09-30,Asset Manager - Value,Health Care,701308285.4885145,901811386.4343911
2024-09-30,Asset Manager - Value,Industrials,200395874.55190066,325849457.56367064
2024-09-30,Asset Manager - Value,Information Technology,-1527114829.355648,1568874900.522146
2024-09-30,Asset Manager - Value,Materials,-49658.67774936062,49658.67774936062
2024-09-30,Asset Manager - Value,Real Estate,59841364.03024546,61217604.84613558
2024-09-30,Asset Manager - Value,Unclassified,15669513169.73406,26741930428.25669
2024-09-30,Asset Manager - Value,Utilities,-25783380.0,25783380.0
2024-09-30,Conglomerate / Long-only Value,Communication Services,-2656919002.8457994,2656919002.8457994
2024-09-30,Conglomerate / Long-only Value,Consumer Discretionary,442531408.54476714,960763739.4552329
2024-09-30,Conglomerate / Long-only Value,Consumer Staples,0.0,0.0
2024-09-30,Conglomerate / Long-only Value,ETF - Broad Equity,0.0,0.0
2024-09-30,Conglomerate / Long-only Value,Energy,0.0,0.0
2024-09-30,Conglomerate / Long-only Value,Financials,-9721436724.888794,9721436724.888794
2024-09-30,Conglomerate / Long-only Value,Health Care,0.0,0.0
2024-09-30,Conglomerate / Long-only Value,Industrials,1109473.1993775286,1109473.1993775286
2024-09-30,Conglomerate / Long-only Value,Information Technology,-23300000000.0,23300000000.0
2024-09-30,Conglomerate / Long-only Value,Materials,0.0,0.0
2024-09-30,Conglomerate / Long-only Value,Unclassified,1715431037.0,3258401837.0
2024-09-30,Family Office - Macro,Communication Services,-95934407.411438,98198067.411438
2024-09-30,Family Office - Macro,Consumer Discretionary,-33811218.93788918,399437052.78117853
2024-09-30,Family Office - Macro,Consumer Staples,-66518805.97761829,66578360.0960793
2024-09-30,Family Office - Macro,ETF - Broad Equity,1120824362.2945352,1728523913.094535
2024-09-30,Family Office - Macro,ETF - Fixed Income,-195108826.0,195108826.0
2024-09-30,Family Office - Macro,ETF - International Equity,0.0,0.0
2024-09-30,Family Office - Macro,ETF - Sector,234496923.6,234496923.6
2024-09-30,Family Office - Macro,Energy,44760639.97986363,48290085.62735622
2024-09-30,Family Office - Macro,Financials,76463062.73847347,167800413.888293
2024-09-30,Family Office - Macro,Health Care,-192256294.1934378,331856136.0923397
2024-09-30,Family Office - Macro,Industrials,10143896.332961868,32302118.08423984
2024-09-30,Family Office - Macro,Information Technology,-225640248.48765758,401496424.4876576
2024-09-30,Family Office - Macro,Materials,9995172.16179413,9995172.16179413
2024-09-30,Family Office - Macro,Real Estate,-35453.37641579156,35453.37641579156
2024-09-30,Family Office - Macro,Unclassified,510797238.6479637,2347278308.0275154
2024-09-30,Family Office - Macro,Utilities,-40222622.0,48409468.0
2024-09-30,Foundation / Endowment,Consumer Discretionary,0.0,0.0
2024-09-30,Foundation / Endowment,Consumer Staples,0.0,0.0
2024-09-30,Foundation / Endowment,Financials,-1142636413.0973854,1142636413.0973854
2024-09-30,Foundation / Endowment,Health Care,0.0,0.0
2024-09-30,Foundation / Endowment,Industrials,0.0,0.0
2024-09-30,Foundation / Endowment,Information Technology,-2552690204.9795136,2552690204.9795136
2024-09-30,Foundation / Endowment,Unclassified,-250440000.0259049,995159999.8996403
2024-09-30,Hedge Fund - Activist,Communication Services,147413826.99518424,1500098802.5140555
2024-09-30,Hedge Fund - Activist,Consumer Discretionary,872080877.8753769,1621867542.5993178
2024-09-30,Hedge Fund - Activist,Consumer Staples,0.0,0.0
2024-09-30,Hedge Fund - Activist,ETF - Broad Equity,1221469912.8100293,7368498312.810029
2024-09-30,Hedge Fund - Activist,ETF - Fixed Income,-170462800.0,170462800.0
2024-09-30,Hedge Fund - Activist,ETF - Sector,840771800.0,1000787800.0
2024-09-30,Hedge Fund - Activist,Energy,-1340630300.0,1340630300.0
2024-09-30,Hedge Fund - Activist,Financials,-340564250.0,546006890.0
2024-09-30,Hedge Fund - Activist,Health Care,-225070711.70215935,226402711.70215935
2024-09-30,Hedge Fund - Activist,Industrials,-7526664.60272055,7526664.60272055
2024-09-30,Hedge Fund - Activist,Information Technology,129555072.39331746,451288627.60668254
2024-09-30,Hedge Fund - Activist,Materials,0.0,0.0
2024-09-30,Hedge Fund - Activist,Real Estate,44381500.0,44381500.0
2024-09-30,Hedge Fund - Activist,Unclassified,3701810569.4582143,7564683832.028789
2024-09-30,Hedge Fund - Activist,Utilities,0.0,0.0
2024-09-30,Hedge Fund - Contrarian Value,Consumer Discretionary,52699068.0,52699068.0
2024-09-30,Hedge Fund - Contrarian Value,Health Care,1884743.2,1884743.2
2024-09-30,Hedge Fund - Contrarian Value,Unclassified,8821240.66,28131398.34
2024-09-30,Hedge Fund - Event Driven,Communication Services,-764405450.0,977910950.0
2024-09-30,Hedge Fund - Event Driven,Consumer Discretionary,-398205307.0,607509307.0
2024-09-30,Hedge Fund - Event Driven,Energy,15642000.0,15642000.0
2024-09-30,Hedge Fund - Event Driven,Financials,-47516049.99999997,621755950.0
2024-09-30,Hedge Fund - Event Driven,Health Care,71234000.0,126838000.0
2024-09-30,Hedge Fund - Event Driven,Industrials,-137769200.0,167486800.0
2024-09-30,Hedge Fund - Event Driven,Information Technology,-689521820.0,717837530.0
2024-09-30,Hedge Fund - Event Driven,Materials,0.0,0.0
2024-09-30,Hedge Fund - Event Driven,Real Estate,0.0,0.0
2024-09-30,Hedge Fund - Event Driven,Unclassified,245854912.8818971,1638787775.2053428
2024-09-30,Hedge Fund - Event Driven,Utilities,0.0,0.0
2024-09-30,Hedge Fund - Global Macro,Communication Services,-185117346.7562481,629135604.1308392
2024-09-30,Hedge Fund - Global Macro,Consumer Discretionary,-502621448.84050447,1812170597.6885655
2024-09-30,Hedge Fund - Global Macro,Consumer Staples,-1742804922.321096,2062598228.4659736
2024-09-30,Hedge Fund - Global Macro,ETF - Broad Equity,5784353351.489639,6366584961.719363
2024-09-30,Hedge Fund - Global Macro,ETF - Commodity,14576795.398538487,77886051.50789607
2024-09-30,Hedge Fund - Global Macro,ETF - Fixed Income,-41172418.85580507,49768581.432456635
2024-09-30,Hedge Fund - Global Macro,ETF - International Equity,239039761.97799933,362848537.45487165
2024-09-30,Hedge Fund - Global Macro,ETF - Sector,79797635.32376572,193870686.87717155
2024-09-30,Hedge Fund - Global Macro,ETF - Thematic,-3969703.0,3969703.0
2024-09-30,Hedge Fund - Global Macro,Energy,387481998.7055409,1144718587.9291685
2024-09-30,Hedge Fund - Global Macro,Financials,159205673.74198273,1622068033.150817
2024-09-30,Hedge Fund - Global Macro,Health Care,-778289909.5522144,1549321008.3008287
2024-09-30,Hedge Fund - Global Macro,Industrials,99193755.55552146,713713130.0940291
2024-09-30,Hedge Fund - Global Macro,Information Technology,605737795.6498218,2829870227.9516015
2024-09-30,Hedge Fund - Global Macro,Materials,87016299.85700366,329925741.3744661
2024-09-30,Hedge Fund - Global Macro,Real Estate,59902916.25400736,691153151.902275
2024-09-30,Hedge Fund - Global Macro,Unclassified,202619217.779336,8697916219.576288
2024-09-30,Hedge Fund - Global Macro,Utilities,-609738.5109553132,69391797.90762588
2024-09-30,Hedge Fund - Long/Short,Communication Services,-122224671.08031225,2815495846.399291
2024-09-30,Hedge Fund - Long/Short,Consumer Discretionary,-1385436777.0440135,3429063686.8427296
2024-09-30,Hedge Fund - Long/Short,Consumer Staples,-276028807.74867374,487154438.7074812
2024-09-30,Hedge Fund - Long/Short,ETF - Broad Equity,41151807.0,41151807.0
2024-09-30,Hedge Fund - Long/Short,ETF - Sector,7132120.0,7132120.0
2024-09-30,Hedge Fund - Long/Short,Energy,83333476.6339677,1003536697.0601192
2024-09-30,Hedge Fund - Long/Short,Financials,1731781340.2630808,5257612223.062917
2024-09-30,Hedge Fund - Long/Short,Health Care,-373513375.28207386,3372637340.249547
2024-09-30,Hedge Fund - Long/Short,Industrials,-82130463.62527895,745712636.9980792
2024-09-30,Hedge Fund - Long/Short,Information Technology,706222964.192151,2578010174.9346943
2024-09-30,Hedge Fund - Long/Short,Materials,-95678561.35281743,164026497.4928791
2024-09-30,Hedge Fund - Long/Short,Real Estate,-146301022.9647693,277905440.4107079
2024-09-30,Hedge Fund - Long/Short,Unclassified,-919486241.4301788,17323790855.15935
2024-09-30,Hedge Fund - Long/Short,Utilities,-95368728.58926916,121995228.62275213
2024-09-30,Hedge Fund - Long/Short Growth,Communication Services,414208664.1820756,1109493246.4074755
2024-09-30,Hedge Fund - Long/Short Growth,Consumer Discretionary,2352508221.682776,3316415338.0501213
2024-09-30,Hedge Fund - Long/Short Growth,Consumer Staples,-265923422.00445068,265923422.00445068
2024-09-30,Hedge Fund - Long/Short Growth,ETF - Broad Equity,156739309.0,156739309.0
2024-09-30,Hedge Fund - Long/Short Growth,Energy,1096642092.7221413,1096642092.7221413
2024-09-30,Hedge Fund - Long/Short Growth,Financials,-23981553.530843794,1466507361.0022745
2024-09-30,Hedge Fund - Long/Short Growth,Health Care,24382433.788219973,275266259.98904246
2024-09-30,Hedge Fund - Long/Short Growth,Industrials,-189655447.22942394,189655447.22942394
2024-09-30,Hedge Fund - Long/Short Growth,Information Technology,-2304629764.7696953,6280430822.442127
2024-09-30,Hedge Fund - Long/Short Growth,Real Estate,-270129655.0,270129655.0
2024-09-30,Hedge Fund - Long/Short Growth,Unclassified,1026995028.3439006,5861746969.957447
2024-09-30,Hedge Fund - Long/Short Growth,Utilities,6383452.01,6383452.01
2024-09-30,Hedge Fund - Multi-strategy,Communication Services,1611943981.7515767,13857983051.816816
2024-09-30,Hedge Fund - Multi-strategy,Consumer Discretionary,-3159976267.874422,28324969185.52718
2024-09-30,Hedge Fund - Multi-strategy,Consumer Staples,-542135074.5322367,8250919382.206638
2024-09-30,Hedge Fund - Multi-strategy,ETF - Broad Equity,7665606443.046002,35609342313.09532
2024-09-30,Hedge Fund - Multi-strategy,ETF - Commodity,973438008.7914358,2545577070.9618073
2024-09-30,Hedge Fund - Multi-strategy,ETF - Fixed Income,-1440817069.318227,4409957840.618664
2024-09-30,Hedge Fund - Multi-strategy,ETF - International Equity,293935337.7342919,2334620006.141287
2024-09-30,Hedge Fund - Multi-strategy,ETF - Sector,1600683377.8073802,7477341316.87959
2024-09-30,Hedge Fund - Multi-strategy,ETF - Thematic,-170922514.4853572,286041843.52660674
2024-09-30,Hedge Fund - Multi-strategy,Energy,-445604754.1519141,11898541397.082954
2024-09-30,Hedge Fund - Multi-strategy,Financials,-3307595467.490477,27834497241.53469
2024-09-30,Hedge Fund - Multi-strategy,Health Care,-2303691629.0200524,24801040424.728188
2024-09-30,Hedge Fund - Multi-strategy,Industrials,-1335048018.6738605,7923676172.631547
2024-09-30,Hedge Fund - Multi-strategy,Information Technology,1278223128.4950352,44769834579.11449
2024-09-30,Hedge Fund - Multi-strategy,Materials,-267134983.5956431,3168768799.4342575
2024-09-30,Hedge Fund - Multi-strategy,Real Estate,162547041.0011602,2492383719.191104
2024-09-30,Hedge Fund - Multi-strategy,Unclassified,-7309999682.670335,140151199061.61096
2024-09-30,Hedge Fund - Multi-strategy,Utilities,-172664825.66436768,1680853766.3699238
2024-09-30,Hedge Fund - Opportunistic,Communication Services,-186738588.8363412,186738588.8363412
2024-09-30,Hedge Fund - Opportunistic,Consumer Discretionary,545093454.9707232,753694954.9707232
2024-09-30,Hedge Fund - Opportunistic,ETF - Broad Equity,-35116900.0,35116900.0
2024-09-30,Hedge Fund - Opportunistic,Energy,70268332.6,111898871.4
2024-09-30,Hedge Fund - Opportunistic,Health Care,-6139139.999999999,6139139.999999999
2024-09-30,Hedge Fund - Opportunistic,Industrials,-127780750.0,127780750.0
2024-09-30,Hedge Fund - Opportunistic,Information Technology,-338024599.308455,338024599.308455
2024-09-30,Hedge Fund - Opportunistic,Unclassified,193667547.25,463584347.25
2024-09-30,Hedge Fund - Quant,Communication Services,2426768402.9872036,8138329176.607409
2024-09-30,Hedge Fund - Quant,Consumer Discretionary,-1964142210.357073,14092345275.026836
2024-09-30,Hedge Fund - Quant,Consumer Staples,-482885114.8160281,4035259403.6681156
2024-09-30,Hedge Fund - Quant,ETF - Broad Equity,912359661.590685,7823267917.468652
2024-09-30,Hedge Fund - Quant,ETF - Commodity,135498151.3617227,350648617.1787508
2024-09-30,Hedge Fund - Quant,ETF - Fixed Income,1031883502.8380709,1615707151.487012
2024-09-30,Hedge Fund - Quant,ETF - International Equity,276206379.9311101,535463332.4240529
2024-09-30,Hedge Fund - Quant,ETF - Sector,526134156.37978095,1103445417.5855787
2024-09-30,Hedge Fund - Quant,ETF - Thematic,-4466098.123668172,26123889.576480802
2024-09-30,Hedge Fund - Quant,Energy,-301252747.801881,5795078166.4094925
2024-09-30,Hedge Fund - Quant,Financials,-506596465.30273926,15289017141.310364
2024-09-30,Hedge Fund - Quant,Health Care,1421260202.7790377,13075368188.303116
2024-09-30,Hedge Fund - Quant,Industrials,-331173965.14257824,4952219719.767656
2024-09-30,Hedge Fund - Quant,Information Technology,3242915192.433545,20818534574.50591
2024-09-30,Hedge Fund - Quant,Materials,762668584.6551661,2454524705.27336
2024-09-30,Hedge Fund - Quant,Real Estate,108742694.94628523,1199215215.034528
2024-09-30,Hedge Fund - Quant,Unclassified,7514510134.996411,76495425565.36093
2024-09-30,Hedge Fund - Quant,Utilities,550345113.0154743,925770307.8489182
2024-09-30,Hedge Fund - Value,Communication Services,22779541.34386371,22853047.34386371
2024-09-30,Hedge Fund - Value,Consumer Discretionary,2040.9999999999998,2040.9999999999998
2024-09-30,Hedge Fund - Value,Consumer Staples,194832.0,194832.0
2024-09-30,Hedge Fund - Value,ETF - Broad Equity,0.0,0.0
2024-09-30,Hedge Fund - Value,ETF - Commodity,1543431.0042600909,1543431.0042600909
2024-09-30,Hedge Fund - Value,Energy,0.0,0.0
2024-09-30,Hedge Fund - Value,Financials,43033923.629149854,50327162.57883155
2024-09-30,Hedge Fund - Value,Health Care,-55337135.4,55337135.4
2024-09-30,Hedge Fund - Value,Industrials,78775590.0,78775590.0
2024-09-30,Hedge Fund - Value,Information Technology,-18805.0,18805.0
2024-09-30,Hedge Fund - Value,Materials,-10327797.7,10327797.7
2024-09-30,Hedge Fund - Value,Unclassified,-32558302.246401988,184501024.4110751
2024-09-30,Market Maker - Quant,Communication Services,1503163883.82693,41587339804.302216
2024-09-30,Market Maker - Quant,Consumer Discretionary,2787113342.86884,92182817290.05905
2024-09-30,Market Maker - Quant,Consumer Staples,2460500874.0240297,8818124286.546349
2024-09-30,Market Maker - Quant,ETF - Broad Equity,19550907566.505657,320668435057.6703
2024-09-30,Market Maker - Quant,ETF - Commodity,3203208903.783682,12032546591.86681
2024-09-30,Market Maker - Quant,ETF - Fixed Income,8870627481.867134,18646519815.668926
2024-09-30,Market Maker - Quant,ETF - International Equity,-859747213.2800364,10299192611.120277
2024-09-30,Market Maker - Quant,ETF - Sector,2421784302.194183,21380318851.130432
2024-09-30,Market Maker - Quant,ETF - Thematic,65770393.23080375,1006659497.8368568
2024-09-30,Market Maker - Quant,Energy,-1250271238.315479,12803697745.706934
2024-09-30,Market Maker - Quant,Financials,-213318446.8123453,36050840427.69638
2024-09-30,Market Maker - Quant,Health Care,966416645.2679229,24144293169.11832
2024-09-30,Market Maker - Quant,Industrials,-80895986.96931043,14802607862.431799
2024-09-30,Market Maker - Quant,Information Technology,-8088204660.390965,214304537232.37463
2024-09-30,Market Maker - Quant,Materials,-114677360.2163032,5954481255.683629
2024-09-30,Market Maker - Quant,Real Estate,-196307627.85124916,1389394650.0316098
2024-09-30,Market Maker - Quant,Unclassified,8395798221.002764,119362699258.15738
2024-09-30,Market Maker - Quant,Utilities,172845983.1025734,1744725784.7998278
2024-09-30,Pension Fund,Communication Services,304453982.2777721,513606266.22989297
2024-09-30,Pension Fund,Consumer Discretionary,-1698530550.0766044,1859904235.9589694
2024-09-30,Pension Fund,Consumer Staples,-126405368.0787989,902976351.7956284
2024-09-30,Pension Fund,Energy,18279674.083789475,197672383.4391522
2024-09-30,Pension Fund,Financials,-173133007.6098024,570235666.313423
2024-09-30,Pension Fund,Health Care,-709999595.8151244,912060362.6370759
2024-09-30,Pension Fund,Industrials,-188127001.11203137,478279539.19980067
2024-09-30,Pension Fund,Information Technology,2274406799.23332,3417174594.311605
2024-09-30,Pension Fund,Materials,-1840917.2674402823,13640529.271014921
2024-09-30,Pension Fund,Real Estate,-86805505.70433447,221759320.09813568
2024-09-30,Pension Fund,Unclassified,544464326.1965228,3930467215.925284
2024-09-30,Pension Fund,Utilities,-150199521.5067466,152322547.3925571
2024-09-30,Sovereign Wealth Fund,Communication Services,1368388555.2687051,4575827939.450917
2024-09-30,Sovereign Wealth Fund,Consumer Discretionary,451328177.0595277,2406525099.4354687
2024-09-30,Sovereign Wealth Fund,Consumer Staples,-350031626.1554821,1372747573.5981758
2024-09-30,Sovereign Wealth Fund,ETF - Broad Equity,0.0,0.0
2024-09-30,Sovereign Wealth Fund,ETF - Sector,-1822745.350009116,1822745.350009116
2024-09-30,Sovereign Wealth Fund,Energy,-127446219.70395271,720211596.0222785
2024-09-30,Sovereign Wealth Fund,Financials,710401103.2749075,7324427848.88806
2024-09-30,Sovereign Wealth Fund,Health Care,-106779413.2390802,2208945047.194176
2024-09-30,Sovereign Wealth Fund,Industrials,-34329038.81915882,1168705666.5380425
2024-09-30,Sovereign Wealth Fund,Information Technology,14447333681.890331,15764257900.671247
2024-09-30,Sovereign Wealth Fund,Materials,-45358603.84878754,326500774.35403913
2024-09-30,Sovereign Wealth Fund,Real Estate,-1781883509.843262,2036423330.4071846
2024-09-30,Sovereign Wealth Fund,Unclassified,2633357319.3718686,26509429467.063854
2024-09-30,Sovereign Wealth Fund,Utilities,-67079561.91668858,406154387.41619617
2024-12-31,Asset Manager - Active,Communication Services,-26250046585.14946,41049894452.31578
2024-12-31,Asset Manager - Active,Consumer Discretionary,-40038302557.81808,54539234791.88342
2024-12-31,Asset Manager - Active,Consumer Staples,-17441189688.632195,20212455249.251793
2024-12-31,Asset Manager - Active,ETF - Broad Equity,-1447074762.193963,5981574772.532351
2024-12-31,Asset Manager - Active,ETF - Commodity,-83945257.11538692,86886334.75656846
2024-12-31,Asset Manager - Active,ETF - Fixed Income,-82781790.94543606,1561822863.6339326
2024-12-31,Asset Manager - Active,ETF - International Equity,184392762.7235085,766119423.0214903
2024-12-31,Asset Manager - Active,ETF - Sector,-12745669.85986141,42288995.723635785
2024-12-31,Asset Manager - Active,ETF - Thematic,73948.10552587427,159134.89230184603
2024-12-31,Asset Manager - Active,Energy,-22397538670.42825,29928950103.199234
2024-12-31,Asset Manager - Active,Financials,-59557003957.93536,74995372735.44994
2024-12-31,Asset Manager - Active,Health Care,-89910071609.81973,98003907413.17397
2024-12-31,Asset Manager - Active,Industrials,-20635216117.47899,26644737135.48114
2024-12-31,Asset Manager - Active,Information Technology,-109232458875.62817,135217829072.5538
2024-12-31,Asset Manager - Active,Materials,-4052959772.333609,5598384832.406043
2024-12-31,Asset Manager - Active,Real Estate,-7496819751.6159725,8821756526.280874
2024-12-31,Asset Manager - Active,Unclassified,-172914513055.4057,269684745957.0783
2024-12-31,Asset Manager - Active,Utilities,-4679527549.863126,5624560288.50482
2024-12-31,Asset Manager - Growth,Communication Services,-1584283771.0228915,1589553883.0429487
2024-12-31,Asset Manager - Growth,Consumer Discretionary,-3206719560.672499,3922218118.2566032
2024-12-31,Asset Manager - Growth,Consumer Staples,14508537.843864053,15111250.417227717
2024-12-31,Asset Manager - Growth,Energy,48465401.28833299,249072684.69006324
2024-12-31,Asset Manager - Growth,Financials,-977858740.8760185,1335302276.1013398
2024-12-31,Asset Manager - Growth,Health Care,-583466176.3005286,593442728.7649107
2024-12-31,Asset Manager - Growth,Industrials,-26744855.03806161,26744855.03806161
2024-12-31,Asset Manager - Growth,Information Technology,-2049641024.7186542,2389718695.401035
2024-12-31,Asset Manager - Growth,Materials,-150568893.15873492,150573245.0082647
2024-12-31,Asset Manager - Growth,Real Estate,-35649638.5224271,35649638.5224271
2024-12-31,Asset Manager - Growth,Unclassified,-320651227.1697416,7079178164.494426
2024-12-31,Asset Manager - Growth,Utilities,-18950884.517386835,23697493.138599675
2024-12-31,Asset Manager - Index,Communication Services,3466245677.9225693,8042208452.602497
2024-12-31,Asset Manager - Index,Consumer Discretionary,9670774796.05126,12336509784.212912
2024-12-31,Asset Manager - Index,Consumer Staples,1743861674.0118058,4133608553.3309946
2024-12-31,Asset Manager - Index,ETF - Broad Equity,2912295621.336152,4561250208.438504
2024-12-31,Asset Manager - Index,ETF - Commodity,-522756.52554874856,2708464.5255487487
2024-12-31,Asset Manager - Index,ETF - Fixed Income,942291186.6227312,992346361.3907554
2024-12-31,Asset Manager - Index,ETF - International Equity,175861123.05673695,268272494.5010812
2024-12-31,Asset Manager - Index,ETF - Sector,-24125932.811713543,957967719.4091978
2024-12-31,Asset Manager - Index,Energy,-1212730884.3131716,13112501129.76089
2024-12-31,Asset Manager - Index,Financials,-5115566159.983829,34713062030.271324
2024-12-31,Asset Manager - Index,Health Care,5602486756.926756,7433632512.444608
2024-12-31,Asset Manager - Index,Industrials,5279170556.774531,5839307645.457077
2024-12-31,Asset Manager - Index,Information Technology,43968537138.14502,82956002075.00186
2024-12-31,Asset Manager - Index,Materials,79492320.08564854,945148721.3736012
2024-12-31,Asset Manager - Index,Real Estate,1546490534.5108175,2164520903.089221
2024-12-31,Asset Manager - Index,Unclassified,52346870029.08867,131420820195.30763
2024-12-31,Asset Manager - Index,Utilities,-113875015.370001,1239618999.440584
2024-12-31,Asset Manager - Index/Active,Communication Services,7802484671.350781,8713866716.96011
2024-12-31,Asset Manager - Index/Active,Consumer Discretionary,12742310504.532871,15164650602.997456
2024-12-31,Asset Manager - Index/Active,Consumer Staples,3515983385.0724835,6601177259.796246
2024-12-31,Asset Manager - Index/Active,ETF - Broad Equity,-3871743304.721776,15022919559.329695
2024-12-31,Asset Manager - Index/Active,ETF - Commodity,203317703.06029388,475578217.99206215
2024-12-31,Asset Manager - Index/Active,ETF - Fixed Income,3377756061.1765027,5826557542.818171
2024-12-31,Asset Manager - Index/Active,ETF - International Equity,511027812.8152931,1364123084.9805076
2024-12-31,Asset Manager - Index/Active,ETF - Sector,-218259845.49227333,611996379.4012458
2024-12-31,Asset Manager - Index/Active,ETF - Thematic,9724.0,11872.0
2024-12-31,Asset Manager - Index/Active,Energy,1188818531.5287173,8315250229.346095
2024-12-31,Asset Manager - Index/Active,Financials,6340304510.499289,28186634778.79956
2024-12-31,Asset Manager - Index/Active,Health Care,4873234949.246957,11168500877.724281
2024-12-31,Asset Manager - Index/Active,Industrials,5646756747.230585,7799663966.149674
2024-12-31,Asset Manager - Index/Active,Information Technology,34571492974.07377,59123969795.11857
2024-12-31,Asset Manager - Index/Active,Materials,40948715.02799207,1332990438.967144
2024-12-31,Asset Manager - Index/Active,Real Estate,1850674548.1413667,3189351864.684168
2024-12-31,Asset Manager - Index/Active,Unclassified,44014747705.751144,111403690214.64612
2024-12-31,Asset Manager - Index/Active,Utilities,781564672.5803453,1838157179.611341
2024-12-31,Asset Manager - Value,Communication Services,-540795058.0064273,3504262228.503091
2024-12-31,Asset Manager - Value,Consumer Discretionary,22024471.631078765,1572365092.4933982
2024-12-31,Asset Manager - Value,Consumer Staples,58288779.69282329,847701148.6606988
2024-12-31,Asset Manager - Value,ETF - Broad Equity,45435856.45680103,45684949.74251531
2024-12-31,Asset Manager - Value,ETF - Fixed Income,-145024.5,145024.5
2024-12-31,Asset Manager - Value,ETF - International Equity,-9090.0,9090.0
2024-12-31,Asset Manager - Value,Energy,21718250.729219258,951679248.162807
2024-12-31,Asset Manager - Value,Financials,-6129968200.501274,6928046942.847295
2024-12-31,Asset Manager - Value,Health Care,3039034777.4737926,3106633105.4400477
2024-12-31,Asset Manager - Value,Industrials,-451391378.1240365,609665873.5751023
2024-12-31,Asset Manager - Value,Information Technology,-1911599533.1520762,1912565099.8538563
2024-12-31,Asset Manager - Value,Materials,-55459.00085773802,55459.00085773802
2024-12-31,Asset Manager - Value,Real Estate,252334686.4610482,306061152.84101564
2024-12-31,Asset Manager - Value,Unclassified,1823632064.0363686,11627886623.025923
2024-12-31,Asset Manager - Value,Utilities,-487435.55018263153,487435.55018263153
2024-12-31,Conglomerate / Long-only Value,Communication Services,-440963584.3349567,440963584.3349567
2024-12-31,Conglomerate / Long-only Value,Consumer Discretionary,520667304.630533,539503046.630533
2024-12-31,Conglomerate / Long-only Value,Consumer Staples,1242975604.0,1242975604.0
2024-12-31,Conglomerate / Long-only Value,ETF - Broad Equity,-45295954.0,45295954.0
2024-12-31,Conglomerate / Long-only Value,Energy,439595334.9087562,439595334.9087562
2024-12-31,Conglomerate / Long-only Value,Financials,-8793591377.608025,8793591377.608025
2024-12-31,Conglomerate / Long-only Value,Health Care,0.0,0.0
2024-12-31,Conglomerate / Long-only Value,Industrials,0.0,0.0
2024-12-31,Conglomerate / Long-only Value,Information Technology,94341474.24961735,94341474.24961735
2024-12-31,Conglomerate / Long-only Value,Materials,-31064999.9920562,31064999.9920562
2024-12-31,Conglomerate / Long-only Value,Unclassified,280748803.26289445,280748803.26289445
2024-12-31,Family Office - Macro,Communication Services,170814276.98131764,172893752.21023333
2024-12-31,Family Office - Macro,Consumer Discretionary,308641650.45550734,436706100.80808485
2024-12-31,Family Office - Macro,Consumer Staples,-22194134.415176872,22246515.584823128
2024-12-31,Family Office - Macro,ETF - Broad Equity,-1051618620.5284383,1569914930.9526365
2024-12-31,Family Office - Macro,ETF - Fixed Income,117004100.0,357904100.0
2024-12-31,Family Office - Macro,ETF - International Equity,0.0,0.0
2024-12-31,Family Office - Macro,ETF - Sector,-219497032.1801141,266278904.1801141
2024-12-31,Family Office - Macro,Energy,-29290332.521690477,61012430.65640219
2024-12-31,Family Office - Macro,Financials,-48074878.99799303,171046016.35196787
2024-12-31,Family Office - Macro,Health Care,86043865.87928091,195980345.8792809
2024-12-31,Family Office - Macro,Industrials,9221740.068714488,53848850.312952355
2024-12-31,Family Office - Macro,Information Technology,78924867.7548359,377445940.68391854
2024-12-31,Family Office - Macro,Materials,-11432534.49900844,11432534.49900844
2024-12-31,Family Office - Macro,Real Estate,13420163.0,13492037.0
2024-12-31,Family Office - Macro,Unclassified,234811146.46668765,2085700366.8684857
2024-12-31,Family Office - Macro,Utilities,-4061731.0,4061731.0
2024-12-31,Foundation / Endowment,Consumer Discretionary,97084161.0,97084161.0
2024-12-31,Foundation / Endowment,Consumer Staples,0.0,0.0
2024-12-31,Foundation / Endowment,Financials,-1125307941.9553664,1125307941.9553664
2024-12-31,Foundation / Endowment,Health Care,0.0,0.0
2024-12-31,Foundation / Endowment,Industrials,0.0,0.0
2024-12-31,Foundation / Endowment,Information Technology,-210750000.00878513,210750000.00878513
2024-12-31,Foundation / Endowment,Unclassified,-292813.0,292813.0
2024-12-31,Hedge Fund - Activist,Communication Services,-1991637493.9659038,2332463542.075162
2024-12-31,Hedge Fund - Activist,Consumer Discretionary,-6385660837.0,6621241819.0
2024-12-31,Hedge Fund - Activist,Consumer Staples,0.0,0.0
2024-12-31,Hedge Fund - Activist,ETF - Broad Equity,492503448.00463116,1701487999.9953687
2024-12-31,Hedge Fund - Activist,ETF - Sector,-1263031586.0,2157952094.0
2024-12-31,Hedge Fund - Activist,Energy,-537477860.0230882,537477860.0230882
2024-12-31,Hedge Fund - Activist,Financials,48863420.26544467,48863420.26544467
2024-12-31,Hedge Fund - Activist,Health Care,467636804.0,1032043484.0
2024-12-31,Hedge Fund - Activist,Industrials,-1272634267.0,1272634267.0
2024-12-31,Hedge Fund - Activist,Information Technology,-564946622.5411396,995771022.5411396
2024-12-31,Hedge Fund - Activist,Materials,0.0,0.0
2024-12-31,Hedge Fund - Activist,Real Estate,-1504096815.9999998,1504096815.9999998
2024-12-31,Hedge Fund - Activist,Unclassified,-2436834037.1699605,5730786162.383376
2024-12-31,Hedge Fund - Activist,Utilities,0.0,0.0
2024-12-31,Hedge Fund - Contrarian Value,Consumer Discretionary,-41822918.0,56371418.0
2024-12-31,Hedge Fund - Contrarian Value,Consumer Staples,7498000.0,7498000.0
2024-12-31,Hedge Fund - Contrarian Value,Health Care,5735000.0,8645500.0
2024-12-31,Hedge Fund - Contrarian Value,Unclassified,-12788526.0,39172788.0
2024-12-31,Hedge Fund - Event Driven,Communication Services,-8124400.0,152455600.0
2024-12-31,Hedge Fund - Event Driven,Consumer Discretionary,59384500.0,169079500.0
2024-12-31,Hedge Fund - Event Driven,Energy,-15642000.0,15642000.0
2024-12-31,Hedge Fund - Event Driven,Financials,240458800.0,422181000.0
2024-12-31,Hedge Fund - Event Driven,Health Care,71567000.0,292594000.0
2024-12-31,Hedge Fund - Event Driven,Industrials,-14858800.0,14858800.0
2024-12-31,Hedge Fund - Event Driven,Information Technology,-223901250.0,437088750.0
2024-12-31,Hedge Fund - Event Driven,Materials,0.0,0.0
2024-12-31,Hedge Fund - Event Driven,Real Estate,0.0,0.0
2024-12-31,Hedge Fund - Event Driven,Unclassified,-560796724.0,1906636820.0
2024-12-31,Hedge Fund - Event Driven,Utilities,0.0,0.0
2024-12-31,Hedge Fund - Global Macro,Communication Services,78558841.74020047,1051947883.4341267
2024-12-31,Hedge Fund - Global Macro,Consumer Discretionary,-537458263.6381884,1632668969.7081966
2024-12-31,Hedge Fund - Global Macro,Consumer Staples,-597628185.3477739,1269196095.7918172
2024-12-31,Hedge Fund - Global Macro,ETF - Broad Equity,3329875580.755589,6422318194.185268
2024-12-31,Hedge Fund - Global Macro,ETF - Commodity,33672117.94225595,62146605.94225595
2024-12-31,Hedge Fund - Global Macro,ETF - Fixed Income,68529592.46538003,79807727.86400738
2024-12-31,Hedge Fund - Global Macro,ETF - International Equity,-209280476.95007777,282353641.5281069
2024-12-31,Hedge Fund - Global Macro,ETF - Sector,528907391.61814576,543712095.9249135
2024-12-31,Hedge Fund - Global Macro,ETF - Thematic,1021463.0,1021463.0
2024-12-31,Hedge Fund - Global Macro,Energy,-13771408.812247977,1041820729.047324
2024-12-31,Hedge Fund - Global Macro,Financials,210362485.36492267,1876985555.9739552
2024-12-31,Hedge Fund - Global Macro,Health Care,279673339.0087831,1454480909.981551
2024-12-31,Hedge Fund - Global Macro,Industrials,36017971.29244923,705183281.9520079
2024-12-31,Hedge Fund - Global Macro,Information Technology,-693938145.3030568,2778773182.4304295
2024-12-31,Hedge Fund - Global Macro,Materials,133129999.54789875,366496471.93227965
2024-12-31,Hedge Fund - Global Macro,Real Estate,-141108642.60761696,522213180.39517105
2024-12-31,Hedge Fund - Global Macro,Unclassified,473602034.44856983,9537982100.808798
2024-12-31,Hedge Fund - Global Macro,Utilities,31072317.28660407,154827221.2775397
2024-12-31,Hedge Fund - Long/Short,Communication Services,855816793.9819695,2476080277.396184
2024-12-31,Hedge Fund - Long/Short,Consumer Discretionary,-303242768.36423934,2455539202.740808
2024-12-31,Hedge Fund - Long/Short,Consumer Staples,81205986.01585142,1239639658.5792701
2024-12-31,Hedge Fund - Long/Short,ETF - Broad Equity,-428523130.0,430012630.0
2024-12-31,Hedge Fund - Long/Short,ETF - Sector,-7132120.0,7132120.0
2024-12-31,Hedge Fund - Long/Short,Energy,-125311933.35071018,1169346365.7479181
2024-12-31,Hedge Fund - Long/Short,Financials,1698964873.2856772,4994674044.498964
2024-12-31,Hedge Fund - Long/Short,Health Care,-69546795.44500533,4386229834.093532
2024-12-31,Hedge Fund - Long/Short,Industrials,529996560.58689415,1225226101.64833
2024-12-31,Hedge Fund - Long/Short,Information Technology,-540954216.9622377,4286822665.8028398
2024-12-31,Hedge Fund - Long/Short,Materials,-69730116.68107234,315472389.87022775
2024-12-31,Hedge Fund - Long/Short,Real Estate,269883156.2866944,306827737.3340531
2024-12-31,Hedge Fund - Long/Short,Unclassified,-422003866.5132188,17290896129.89561
2024-12-31,Hedge Fund - Long/Short,Utilities,-42396008.956108734,92956835.04750079
2024-12-31,Hedge Fund - Long/Short Growth,Communication Services,326860410.6131519,1692531327.0683684
2024-12-31,Hedge Fund - Long/Short Growth,Consumer Discretionary,-1562289758.7891185,2790551204.2942247
2024-12-31,Hedge Fund - Long/Short Growth,Consumer Staples,239221620.53854045,239221620.53854045
2024-12-31,Hedge Fund - Long/Short Growth,ETF - Broad Equity,-156739309.0,156739309.0
2024-12-31,Hedge Fund - Long/Short Growth,Energy,-451796424.51275337,545747929.7839811
2024-12-31,Hedge Fund - Long/Short Growth,Financials,987563903.0781472,1646828241.7568839
2024-12-31,Hedge Fund - Long/Short Growth,Health Care,-698945032.5618548,2497633133.877427
2024-12-31,Hedge Fund - Long/Short Growth,Industrials,-467347777.9500228,467347777.9500228
2024-12-31,Hedge Fund - Long/Short Growth,Information Technology,-857194803.0728244,2603696877.4789767
2024-12-31,Hedge Fund - Long/Short Growth,Materials,10877923.0,10877923.0
2024-12-31,Hedge Fund - Long/Short Growth,Unclassified,1768172553.892807,8875506038.689379
2024-12-31,Hedge Fund - Long/Short Growth,Utilities,-102390192.0,102390192.0
2024-12-31,Hedge Fund - Multi-strategy,Communication Services,1526093111.819935,17984978155.936478
2024-12-31,Hedge Fund - Multi-strategy,Consumer Discretionary,5792435870.280223,24939633711.672966
2024-12-31,Hedge Fund - Multi-strategy,Consumer Staples,935177461.2786696,7312284772.265528
2024-12-31,Hedge Fund - Multi-strategy,ETF - Broad Equity,-2009820258.5746696,42003407899.1775
2024-12-31,Hedge Fund - Multi-strategy,ETF - Commodity,547126373.1870668,1174676555.0706227
2024-12-31,Hedge Fund - Multi-strategy,ETF - Fixed Income,-1711230576.2064495,3955439389.1060534
2024-12-31,Hedge Fund - Multi-strategy,ETF - International Equity,-2020616854.4893918,2593250829.5623226
2024-12-31,Hedge Fund - Multi-strategy,ETF - Sector,2213230142.334699,7089539653.008366
2024-12-31,Hedge Fund - Multi-strategy,ETF - Thematic,138603509.88023564,196644405.30864158
2024-12-31,Hedge Fund - Multi-strategy,Energy,1621540854.857302,12640388374.849073
2024-12-31,Hedge Fund - Multi-strategy,Financials,-77908971.35090521,31015736241.26383
2024-12-31,Hedge Fund - Multi-strategy,Health Care,3471250096.077149,21731527776.06658
2024-12-31,Hedge Fund - Multi-strategy,Industrials,3288615636.9776917,9379536466.103764
2024-12-31,Hedge Fund - Multi-strategy,Information Technology,11926201877.830734,46423755194.077225
2024-12-31,Hedge Fund - Multi-strategy,Materials,972153853.2091092,3260275617.2725277
2024-12-31,Hedge Fund - Multi-strategy,Real Estate,269018384.1519745,3203415653.757302
2024-12-31,Hedge Fund - Multi-strategy,Unclassified,9082100470.91315,148966161542.14777
2024-12-31,Hedge Fund - Multi-strategy,Utilities,392841264.3321308,1825914938.3904812
2024-12-31,Hedge Fund - Opportunistic,Communication Services,-77373040.44000015,80715040.44000015
2024-12-31,Hedge Fund - Opportunistic,Consumer Discretionary,113895049.81642425,428859049.8164242
2024-12-31,Hedge Fund - Opportunistic,ETF - Broad Equity,24416776.281326503,24416776.281326503
2024-12-31,Hedge Fund - Opportunistic,Energy,-12433871.88625206,185407951.08625203
2024-12-31,Hedge Fund - Opportunistic,Health Care,0.0,0.0
2024-12-31,Hedge Fund - Opportunistic,Industrials,5428800.0,5428800.0
2024-12-31,Hedge Fund - Opportunistic,Information Technology,-107108341.89345628,277189410.4265437
2024-12-31,Hedge Fund - Opportunistic,Unclassified,202583659.86717606,594216398.427176
2024-12-31,Hedge Fund - Quant,Communication Services,-3181432769.1599326,9344037771.1602
2024-12-31,Hedge Fund - Quant,Consumer Discretionary,2229738555.4633703,13592830942.832642
2024-12-31,Hedge Fund - Quant,Consumer Staples,226586970.9224412,4070314679.549822
2024-12-31,Hedge Fund - Quant,ETF - Broad Equity,5839416857.239986,13934073593.001402
2024-12-31,Hedge Fund - Quant,ETF - Commodity,-218916365.1597846,409895154.815665
2024-12-31,Hedge Fund - Quant,ETF - Fixed Income,-133467528.23602691,1437125832.9783654
2024-12-31,Hedge Fund - Quant,ETF - International Equity,54988923.21790634,479335930.4895149
2024-12-31,Hedge Fund - Quant,ETF - Sector,294896033.610492,1163765763.3842306
2024-12-31,Hedge Fund - Quant,ETF - Thematic,-57439966.6180774,127913336.11990342
2024-12-31,Hedge Fund - Quant,Energy,1752925175.9771996,6004977154.744593
2024-12-31,Hedge Fund - Quant,Financials,-255090985.1461465,15202538202.31654
2024-12-31,Hedge Fund - Quant,Health Care,4557531438.959799,15292243409.705463
2024-12-31,Hedge Fund - Quant,Industrials,1376436147.6915815,6358468797.222568
2024-12-31,Hedge Fund - Quant,Information Technology,-2034897883.719847,24705820855.727432
2024-12-31,Hedge Fund - Quant,Materials,270605308.31105113,2265934205.7166405
2024-12-31,Hedge Fund - Quant,Real Estate,85591035.8669648,1099512865.8773143
2024-12-31,Hedge Fund - Quant,Unclassified,6242495997.808269,84116764153.78331
2024-12-31,Hedge Fund - Quant,Utilities,1234643050.3100014,2097829519.209723
2024-12-31,Hedge Fund - Value,Communication Services,11260814.894173332,11275897.733580116
2024-12-31,Hedge Fund - Value,Consumer Discretionary,187288.79518833788,187288.79518833788
2024-12-31,Hedge Fund - Value,Consumer Staples,-18424.276979813665,18424.276979813665
2024-12-31,Hedge Fund - Value,ETF - Broad Equity,-31468749.0,50637469.0
2024-12-31,Hedge Fund - Value,ETF - Commodity,-3153557.222361977,3153557.222361977
2024-12-31,Hedge Fund - Value,Energy,-26254908.141176116,26254908.141176116
2024-12-31,Hedge Fund - Value,Financials,-7489802.299600563,7489802.299600563
2024-12-31,Hedge Fund - Value,Health Care,-37226579.8252387,58205460.1747613
2024-12-31,Hedge Fund - Value,Industrials,35551500.72263432,35551500.72263432
2024-12-31,Hedge Fund - Value,Materials,0.0,0.0
2024-12-31,Hedge Fund - Value,Unclassified,-162835612.81316644,394184691.7105808
2024-12-31,Market Maker - Quant,Communication Services,4530687680.321865,14041454542.917704
2024-12-31,Market Maker - Quant,Consumer Discretionary,10412469351.760061,30844529005.698902
2024-12-31,Market Maker - Quant,Consumer Staples,4182393574.7205,7669324083.662252
2024-12-31,Market Maker - Quant,ETF - Broad Equity,-3354495181.19726,72953752164.32173
2024-12-31,Market Maker - Quant,ETF - Commodity,1360400385.2281163,3784379810.524435
2024-12-31,Market Maker - Quant,ETF - Fixed Income,1864494866.6837173,9087332841.434366
2024-12-31,Market Maker - Quant,ETF - International Equity,-2102871112.3267243,4626150146.332969
2024-12-31,Market Maker - Quant,ETF - Sector,-1021794824.2951578,6995713087.508591
2024-12-31,Market Maker - Quant,ETF - Thematic,31871408.757091343,851775640.7858216
2024-12-31,Market Maker - Quant,Energy,1063814695.5497931,6291556633.214932
2024-12-31,Market Maker - Quant,Financials,3944440817.9895496,22122847114.781155
2024-12-31,Market Maker - Quant,Health Care,6513260295.630275,12428637260.609928
2024-12-31,Market Maker - Quant,Industrials,4735343916.091444,8991588267.089529
2024-12-31,Market Maker - Quant,Information Technology,4602394670.060247,66057563475.60169
2024-12-31,Market Maker - Quant,Materials,351579483.27804524,2149637888.4835463
2024-12-31,Market Maker - Quant,Real Estate,-194367610.7481689,979238236.6138506
2024-12-31,Market Maker - Quant,Unclassified,14074876770.4034,87312525206.42323
2024-12-31,Market Maker - Quant,Utilities,-277967704.45067674,758240596.5559955
2024-12-31,Pension Fund,Communication Services,-563364662.9627464,575354816.5984589
2024-12-31,Pension Fund,Consumer Discretionary,-395806577.7851826,657106559.6418726
2024-12-31,Pension Fund,Consumer Staples,-138290676.90531772,374370560.6862524
2024-12-31,Pension Fund,ETF - Broad Equity,9202878572.0,9202878572.0
2024-12-31,Pension Fund,Energy,-105978430.62129721,242575510.3860041
2024-12-31,Pension Fund,Financials,-643571183.8617023,871258376.7531587
2024-12-31,Pension Fund,Health Care,-724251974.2122635,795566425.3462589
2024-12-31,Pension Fund,Industrials,-172097676.4836571,205201346.45289257
2024-12-31,Pension Fund,Information Technology,-1021709770.5153257,2461500744.7204204
2024-12-31,Pension Fund,Materials,-49579332.37529363,49579332.37529363
2024-12-31,Pension Fund,Real Estate,81056270.61222865,122455739.1451865
2024-12-31,Pension Fund,Unclassified,-253063533.13188115,3285831993.703315
2024-12-31,Pension Fund,Utilities,170463219.9543761,191182501.87620494
2024-12-31,Sovereign Wealth Fund,Communication Services,7107831238.983323,8508826469.767328
2024-12-31,Sovereign Wealth Fund,Consumer Discretionary,3817315195.111362,5196884030.093943
2024-12-31,Sovereign Wealth Fund,Consumer Staples,854550481.6883962,1067001975.1792902
2024-12-31,Sovereign Wealth Fund,ETF - Broad Equity,0.0,0.0
2024-12-31,Sovereign Wealth Fund,ETF - Sector,-7964145.0,85379753.0
2024-12-31,Sovereign Wealth Fund,Energy,385542258.63115114,873744860.7841793
2024-12-31,Sovereign Wealth Fund,Financials,-2296669213.4187927,8131760966.22024
2024-12-31,Sovereign Wealth Fund,Health Care,2804469360.199667,3284055859.0004644
2024-12-31,Sovereign Wealth Fund,Industrials,888379398.9005445,1196031727.0908213
2024-12-31,Sovereign Wealth Fund,Information Technology,14213592652.959867,17509484069.181755
2024-12-31,Sovereign Wealth Fund,Materials,-33135503.684390485,365935421.93664235
2024-12-31,Sovereign Wealth Fund,Real Estate,45598007.53076835,380037097.3847374
2024-12-31,Sovereign Wealth Fund,Unclassified,6982699026.496538,26634683842.812008
2024-12-31,Sovereign Wealth Fund,Utilities,233573604.17876738,405564710.20493305
2025-03-31,Asset Manager - Active,Communication Services,28121565871.907265,44894801266.88007
2025-03-31,Asset Manager - Active,Consumer Discretionary,44024310220.075134,49729485282.4274
2025-03-31,Asset Manager - Active,Consumer Staples,18997782484.884773,22311945973.88683
2025-03-31,Asset Manager - Active,ETF - Broad Equity,1932887922.538413,6236087532.501087
2025-03-31,Asset Manager - Active,ETF - Commodity,256217543.00236508,257076874.7494192
2025-03-31,Asset Manager - Active,ETF - Fixed Income,-689175019.192598,1813434091.7414794
2025-03-31,Asset Manager - Active,ETF - International Equity,148525513.8716523,525309897.55902636
2025-03-31,Asset Manager - Active,ETF - Sector,74564889.34429944,77725495.54384199
2025-03-31,Asset Manager - Active,ETF - Thematic,81127.9329728818,119411.12704846896
2025-03-31,Asset Manager - Active,Energy,22787239706.45178,27991400348.346165
2025-03-31,Asset Manager - Active,Financials,66685144021.86814,80481318860.1754
2025-03-31,Asset Manager - Active,Health Care,65627563466.43869,88858145829.07932
2025-03-31,Asset Manager - Active,Industrials,15966964483.668402,20765424204.552334
2025-03-31,Asset Manager - Active,Information Technology,74667200803.25008,100936969032.16483
2025-03-31,Asset Manager - Active,Materials,3898079734.6055746,5566761979.34284
2025-03-31,Asset Manager - Active,Real Estate,6632519481.859806,6836630580.97361
2025-03-31,Asset Manager - Active,Unclassified,165841619288.87277,238558252673.79105
2025-03-31,Asset Manager - Active,Utilities,3513159416.1481047,4670424793.596054
2025-03-31,Asset Manager - Growth,Communication Services,-1774578625.4108913,1774578625.4108913
2025-03-31,Asset Manager - Growth,Consumer Discretionary,-2817765503.17988,3299700713.1541276
2025-03-31,Asset Manager - Growth,Consumer Staples,-9253587.21202429,18354696.87331649
2025-03-31,Asset Manager - Growth,Energy,113717291.6364041,228684320.16299298
2025-03-31,Asset Manager - Growth,Financials,214831259.66468936,666049143.0051204
2025-03-31,Asset Manager - Growth,Health Care,-1427501496.7720509,1427518578.3970509
2025-03-31,Asset Manager - Growth,Industrials,65009016.13559058,270055033.86440945
2025-03-31,Asset Manager - Growth,Information Technology,-1035350643.1329567,3043823266.5624814
2025-03-31,Asset Manager - Growth,Materials,-443146730.63749886,443146730.63749886
2025-03-31,Asset Manager - Growth,Real Estate,-2845440.7477821787,3748595.443519602
2025-03-31,Asset Manager - Growth,Unclassified,-2166592755.529833,6018150362.807145
2025-03-31,Asset Manager - Growth,Utilities,0.0,0.0
2025-03-31,Asset Manager - Index,Communication Services,5324648204.709056,9605167880.230116
2025-03-31,Asset Manager - Index,Consumer Discretionary,4803179132.45407,10326927213.000463
2025-03-31,Asset Manager - Index,Consumer Staples,2616867903.899332,4574042492.540155
2025-03-31,Asset Manager - Index,ETF - Broad Equity,1339736276.1987674,4451827036.88332
2025-03-31,Asset Manager - Index,ETF - Commodity,13600729.749440098,15119887.749440098
2025-03-31,Asset Manager - Index,ETF - Fixed Income,-8885119.405620344,754275664.9060404
2025-03-31,Asset Manager - Index,ETF - International Equity,505029540.834361,515755733.2914635
2025-03-31,Asset Manager - Index,ETF - Sector,26432908.420694284,519624929.23362315
2025-03-31,Asset Manager - Index,Energy,-585747468.7336468,10698969133.733118
2025-03-31,Asset Manager - Index,Financials,6070539215.686613,16848959181.412525
2025-03-31,Asset Manager - Index,Health Care,8574419136.260039,13170414103.031616
2025-03-31,Asset Manager - Index,Industrials,1800649349.6951642,3801028712.3805594
2025-03-31,Asset Manager - Index,Information Technology,10663066397.682238,17010301285.918644
2025-03-31,Asset Manager - Index,Materials,831862107.9383671,3182811532.456234
2025-03-31,Asset Manager - Index,Real Estate,1391568612.4226608,1586289926.475601
2025-03-31,Asset Manager - Index,Unclassified,14793300517.628525,70030747899.20045
2025-03-31,Asset Manager - Index,Utilities,1181008264.8927567,1291417898.1169112
2025-03-31,Asset Manager - Index/Active,Communication Services,5744261343.532076,9561468130.493492
2025-03-31,Asset Manager - Index/Active,Consumer Discretionary,4766962895.760816,9553201539.059052
2025-03-31,Asset Manager - Index/Active,Consumer Staples,366901139.2339481,3942437606.202001
2025-03-31,Asset Manager - Index/Active,ETF - Broad Equity,13517004247.859774,23827937488.782635
2025-03-31,Asset Manager - Index/Active,ETF - Commodity,535833129.83865064,543100626.0158192
2025-03-31,Asset Manager - Index/Active,ETF - Fixed Income,2217375465.6183996,3302667366.859393
2025-03-31,Asset Manager - Index/Active,ETF - International Equity,2182610725.1190457,2836803068.0720716
2025-03-31,Asset Manager - Index/Active,ETF - Sector,-376435636.05335325,552564035.7202326
2025-03-31,Asset Manager - Index/Active,ETF - Thematic,272840.0,272840.0
2025-03-31,Asset Manager - Index/Active,Energy,-2418465269.5282803,5948578336.0840845
2025-03-31,Asset Manager - Index/Active,Financials,7703314411.298359,15571950449.074
2025-03-31,Asset Manager - Index/Active,Health Care,3756017032.6272564,9255047556.983135
2025-03-31,Asset Manager - Index/Active,Industrials,1311342745.7522116,3937274773.2565794
2025-03-31,Asset Manager - Index/Active,Information Technology,15396138827.580402,21510422128.037407
2025-03-31,Asset Manager - Index/Active,Materials,-471644942.8816688,2310091947.4628778
2025-03-31,Asset Manager - Index/Active,Real Estate,-65694330.74602489,1313095378.441062
2025-03-31,Asset Manager - Index/Active,Unclassified,2827605741.555472,63175608929.35346
2025-03-31,Asset Manager - Index/Active,Utilities,610039808.4980295,778626650.373374
2025-03-31,Asset Manager - Value,Communication Services,-648090237.2280135,2339685566.768209
2025-03-31,Asset Manager - Value,Consumer Discretionary,242442909.38539153,1952600858.939416
2025-03-31,Asset Manager - Value,Consumer Staples,490127752.38372856,1840934795.5661426
2025-03-31,Asset Manager - Value,ETF - Broad Equity,-42263599.10865776,44292599.10865776
2025-03-31,Asset Manager - Value,ETF - Fixed Income,-45344.14587737843,49630.14587737843
2025-03-31,Asset Manager - Value,ETF - International Equity,-7355.714285714286,7355.714285714286
2025-03-31,Asset Manager - Value,Energy,839875625.8113608,2221113172.7951365
2025-03-31,Asset Manager - Value,Financials,-3456379638.145791,4414727622.180605
2025-03-31,Asset Manager - Value,Health Care,993176482.8844134,1449289592.8521721
2025-03-31,Asset Manager - Value,Industrials,-955584912.4390814,1085177064.647584
2025-03-31,Asset Manager - Value,Information Technology,-621721883.6252235,624568019.0290554
2025-03-31,Asset Manager - Value,Materials,-94887.94720994298,94887.94720994298
2025-03-31,Asset Manager - Value,Real Estate,-76386.26245589263,1193641.2622934156
2025-03-31,Asset Manager - Value,Unclassified,-14987508324.380358,24856353801.296486
2025-03-31,Asset Manager - Value,Utilities,-83446220.93531732,83446220.93531732
2025-03-31,Conglomerate / Long-only Value,Communication Services,-3348068054.0,3348068054.0
2025-03-31,Conglomerate / Long-only Value,Consumer Discretionary,-3000714327.2970295,3828294149.2970295
2025-03-31,Conglomerate / Long-only Value,Consumer Staples,-39204720866.0,39204720866.0
2025-03-31,Conglomerate / Long-only Value,Energy,-30232605181.0,30232605181.0
2025-03-31,Conglomerate / Long-only Value,Financials,-102615257662.0,102615257662.0
2025-03-31,Conglomerate / Long-only Value,Health Care,-5398092493.0,5398092493.0
2025-03-31,Conglomerate / Long-only Value,Industrials,-195325757.0,195325757.0
2025-03-31,Conglomerate / Long-only Value,Information Technology,-77872660741.0,77872660741.0
2025-03-31,Conglomerate / Long-only Value,Materials,106149098.0,1279327728.0
2025-03-31,Conglomerate / Long-only Value,Unclassified,-4304106442.0,4304106442.0
2025-03-31,Family Office - Macro,Communication Services,-101381426.15093504,173406372.13829678
2025-03-31,Family Office - Macro,Consumer Discretionary,-483567968.7452596,651620375.2265435
2025-03-31,Family Office - Macro,Consumer Staples,5599853.795867609,5678262.204132391
2025-03-31,Family Office - Macro,ETF - Broad Equity,-128719954.62267515,562669209.2069778
2025-03-31,Family Office - Macro,ETF - Fixed Income,-32182800.0,194216200.0
2025-03-31,Family Office - Macro,ETF - International Equity,0.0,0.0
2025-03-31,Family Office - Macro,ETF - Sector,79624064.0,126405936.0
2025-03-31,Family Office - Macro,Energy,224735320.3825211,224735320.3825211
2025-03-31,Family Office - Macro,Financials,212417630.62612388,400734495.8167964
2025-03-31,Family Office - Macro,Health Care,-40927471.08736134,227490479.8705571
2025-03-31,Family Office - Macro,Industrials,3481013.8376499587,72049287.1743105
2025-03-31,Family Office - Macro,Information Technology,72972875.85379148,205328846.67266497
2025-03-31,Family Office - Macro,Materials,1794512.1960848833,1794512.1960848833
2025-03-31,Family Office - Macro,Real Estate,-13456100.0,13456100.0
2025-03-31,Family Office - Macro,Unclassified,430269348.29120773,3095004054.2870684
2025-03-31,Family Office - Macro,Utilities,32323415.0,32384905.0
2025-03-31,Foundation / Endowment,Consumer Discretionary,0.0,0.0
2025-03-31,Foundation / Endowment,Consumer Staples,0.0,0.0
2025-03-31,Foundation / Endowment,Financials,-1322177249.5766294,1322177249.5766294
2025-03-31,Foundation / Endowment,Health Care,99514660.0,99514660.0
2025-03-31,Foundation / Endowment,Industrials,0.0,0.0
2025-03-31,Foundation / Endowment,Information Technology,0.0,0.0
2025-03-31,Foundation / Endowment,Unclassified,0.0,0.0
2025-03-31,Hedge Fund - Activist,Communication Services,2110728205.0474486,2316575776.907833
2025-03-31,Hedge Fund - Activist,Consumer Discretionary,3302173432.0,3302173432.0
2025-03-31,Hedge Fund - Activist,Consumer Staples,0.0,0.0
2025-03-31,Hedge Fund - Activist,ETF - Broad Equity,-3280831296.354078,5674366566.689766
2025-03-31,Hedge Fund - Activist,ETF - Sector,338263270.0,2195004190.0
2025-03-31,Hedge Fund - Activist,Energy,1297922646.6557577,2465594646.5442424
2025-03-31,Hedge Fund - Activist,Financials,373193474.78,373193474.78
2025-03-31,Hedge Fund - Activist,Health Care,-195514617.72,195514617.72
2025-03-31,Hedge Fund - Activist,Industrials,3246836267.0,3246836267.0
2025-03-31,Hedge Fund - Activist,Information Technology,-5683829.438675284,473896167.9378967
2025-03-31,Hedge Fund - Activist,Materials,46044789.0,46044789.0
2025-03-31,Hedge Fund - Activist,Real Estate,1518863401.0,1518863401.0
2025-03-31,Hedge Fund - Activist,Unclassified,1997992589.7692091,6065315444.46158
2025-03-31,Hedge Fund - Activist,Utilities,0.0,0.0
2025-03-31,Hedge Fund - Contrarian Value,Consumer Discretionary,36170249.99999999,96957750.0
2025-03-31,Hedge Fund - Contrarian Value,Consumer Staples,6600000.0,6600000.0
2025-03-31,Hedge Fund - Contrarian Value,Health Care,-14466500.0,14466500.0
2025-03-31,Hedge Fund - Contrarian Value,Information Technology,97542000.0,97542000.0
2025-03-31,Hedge Fund - Contrarian Value,Unclassified,-3157881.0,46995881.0
2025-03-31,Hedge Fund - Event Driven,Communication Services,-236010437.0,546526663.0
2025-03-31,Hedge Fund - Event Driven,Consumer Discretionary,-267685250.0,554726750.0
2025-03-31,Hedge Fund - Event Driven,ETF - Broad Equity,184478085.0,184478085.0
2025-03-31,Hedge Fund - Event Driven,Energy,116806950.0,116806950.0
2025-03-31,Hedge Fund - Event Driven,Financials,105674800.0,465128200.0
2025-03-31,Hedge Fund - Event Driven,Health Care,-618225500.0,618225500.0
2025-03-31,Hedge Fund - Event Driven,Industrials,42350000.0,42350000.0
2025-03-31,Hedge Fund - Event Driven,Information Technology,79607250.0,293579550.0
2025-03-31,Hedge Fund - Event Driven,Materials,0.0,0.0
2025-03-31,Hedge Fund - Event Driven,Real Estate,3817537.8374245516,3817537.8374245516
2025-03-31,Hedge Fund - Event Driven,Unclassified,106302968.60205455,1306261118.6020546
2025-03-31,Hedge Fund - Event Driven,Utilities,0.0,0.0
2025-03-31,Hedge Fund - Global Macro,Communication Services,150492503.7559025,1227845215.5090928
2025-03-31,Hedge Fund - Global Macro,Consumer Discretionary,1225356031.8095055,2294371274.0476556
2025-03-31,Hedge Fund - Global Macro,Consumer Staples,-6463974.775867954,1018708884.943157
2025-03-31,Hedge Fund - Global Macro,ETF - Broad Equity,-1746107978.058464,5633881523.058447
2025-03-31,Hedge Fund - Global Macro,ETF - Commodity,369447643.1795018,433114576.07001793
2025-03-31,Hedge Fund - Global Macro,ETF - Fixed Income,97131162.78590946,237562386.2487966
2025-03-31,Hedge Fund - Global Macro,ETF - International Equity,-37224308.66502686,240432577.85355002
2025-03-31,Hedge Fund - Global Macro,ETF - Sector,300777639.45696104,805444784.4052527
2025-03-31,Hedge Fund - Global Macro,ETF - Thematic,11751559.055576272,11751559.055576272
2025-03-31,Hedge Fund - Global Macro,Energy,224466350.1722535,1007513767.8400762
2025-03-31,Hedge Fund - Global Macro,Financials,1291843007.3892908,2485140253.9154763
2025-03-31,Hedge Fund - Global Macro,Health Care,-19167686.930264354,1608351234.2500825
2025-03-31,Hedge Fund - Global Macro,Industrials,87105959.5835484,637049858.3085207
2025-03-31,Hedge Fund - Global Macro,Information Technology,1186433354.4016345,2622138307.4510713
2025-03-31,Hedge Fund - Global Macro,Materials,104797.81048940122,384837334.4323217
2025-03-31,Hedge Fund - Global Macro,Real Estate,31632456.180871665,521322825.6198848
2025-03-31,Hedge Fund - Global Macro,Unclassified,2433845443.810291,9992752134.819263
2025-03-31,Hedge Fund - Global Macro,Utilities,18007018.500210162,155799420.57297552
2025-03-31,Hedge Fund - Long/Short,Communication Services,-777054430.0142953,4039908304.0734434
2025-03-31,Hedge Fund - Long/Short,Consumer Discretionary,1863930898.2762182,4652102018.050314
2025-03-31,Hedge Fund - Long/Short,Consumer Staples,-701565922.5982757,958254090.4692335
2025-03-31,Hedge Fund - Long/Short,ETF - Broad Equity,-744750.0,744750.0
2025-03-31,Hedge Fund - Long/Short,Energy,-64223752.47892251,721322256.5787836
2025-03-31,Hedge Fund - Long/Short,Financials,50384710.38839272,7708941872.790087
2025-03-31,Hedge Fund - Long/Short,Health Care,427994330.11501,3875275985.7063775
2025-03-31,Hedge Fund - Long/Short,Industrials,-132521620.08839473,789855860.8598707
2025-03-31,Hedge Fund - Long/Short,Information Technology,-1031006777.1805717,3492892186.5361686
2025-03-31,Hedge Fund - Long/Short,Materials,-75845440.26009974,183934825.45448765
2025-03-31,Hedge Fund - Long/Short,Real Estate,-553843.4398508185,260610673.35066864
2025-03-31,Hedge Fund - Long/Short,Unclassified,210343736.70472795,15372829068.762623
2025-03-31,Hedge Fund - Long/Short,Utilities,247865188.78141105,254715354.83387762
2025-03-31,Hedge Fund - Long/Short Growth,Communication Services,-868161999.4962714,1282913922.9294572
2025-03-31,Hedge Fund - Long/Short Growth,Consumer Discretionary,356558010.56493396,1866103154.2119021
2025-03-31,Hedge Fund - Long/Short Growth,Consumer Staples,-302210809.2910007,796146823.2910007
2025-03-31,Hedge Fund - Long/Short Growth,ETF - Broad Equity,463292960.0,463292960.0
2025-03-31,Hedge Fund - Long/Short Growth,Energy,-483448684.53371155,483448684.53371155
2025-03-31,Hedge Fund - Long/Short Growth,Financials,-1508840359.7170594,2169747025.279373
2025-03-31,Hedge Fund - Long/Short Growth,Health Care,-255120044.7196626,464594916.5227378
2025-03-31,Hedge Fund - Long/Short Growth,Industrials,-683065194.1014313,694359951.3090914
2025-03-31,Hedge Fund - Long/Short Growth,Information Technology,-2034723010.9669783,3934483108.3410563
2025-03-31,Hedge Fund - Long/Short Growth,Materials,-10877923.0,10877923.0
2025-03-31,Hedge Fund - Long/Short Growth,Unclassified,1394277497.916896,9777316654.856293
2025-03-31,Hedge Fund - Long/Short Growth,Utilities,5533263.0,5533263.0
2025-03-31,Hedge Fund - Multi-strategy,Communication Services,-3639535130.28856,15635934941.107342
2025-03-31,Hedge Fund - Multi-strategy,Consumer Discretionary,-1473914146.1428504,26362268536.75429
2025-03-31,Hedge Fund - Multi-strategy,Consumer Staples,-2399768084.962181,10370122704.449986
2025-03-31,Hedge Fund - Multi-strategy,ETF - Broad Equity,17985189757.890385,37829278719.89406
2025-03-31,Hedge Fund - Multi-strategy,ETF - Commodity,1593907347.736943,2261667885.8884425
2025-03-31,Hedge Fund - Multi-strategy,ETF - Fixed Income,2958441357.7754626,4893967968.281986
2025-03-31,Hedge Fund - Multi-strategy,ETF - International Equity,-1212919853.7475688,1635526739.7944381
2025-03-31,Hedge Fund - Multi-strategy,ETF - Sector,-2145111935.2852154,8133583237.8426
2025-03-31,Hedge Fund - Multi-strategy,ETF - Thematic,88611282.51877756,234598219.18502805
2025-03-31,Hedge Fund - Multi-strategy,Energy,-3146472774.5586643,12350348901.365162
2025-03-31,Hedge Fund - Multi-strategy,Financials,-547078670.8178164,28814199145.985043
2025-03-31,Hedge Fund - Multi-strategy,Health Care,1498589397.3442917,21378069968.36958
2025-03-31,Hedge Fund - Multi-strategy,Industrials,-2489426075.962296,9387321402.579077
2025-03-31,Hedge Fund - Multi-strategy,Information Technology,-22050281848.537983,42333353010.20445
2025-03-31,Hedge Fund - Multi-strategy,Materials,-1689114765.6944623,4194864809.3097353
2025-03-31,Hedge Fund - Multi-strategy,Real Estate,398316299.44273895,3704474949.1081343
2025-03-31,Hedge Fund - Multi-strategy,Unclassified,333174214.52302396,146499889548.07132
2025-03-31,Hedge Fund - Multi-strategy,Utilities,-72131565.14810559,1896574537.665988
2025-03-31,Hedge Fund - Opportunistic,Communication Services,54584820.51,54584820.51
2025-03-31,Hedge Fund - Opportunistic,Consumer Discretionary,-593741195.74,593741195.74
2025-03-31,Hedge Fund - Opportunistic,ETF - Broad Equity,-37170667.52,37170667.52
2025-03-31,Hedge Fund - Opportunistic,ETF - Sector,2517255000.0,2517255000.0
2025-03-31,Hedge Fund - Opportunistic,Energy,-57907524.45506771,104353874.46106903
2025-03-31,Hedge Fund - Opportunistic,Financials,89362500.0,89362500.0
2025-03-31,Hedge Fund - Opportunistic,Health Care,261875.0,261875.0
2025-03-31,Hedge Fund - Opportunistic,Industrials,123862000.0,123862000.0
2025-03-31,Hedge Fund - Opportunistic,Information Technology,-372253708.38,977750508.38
2025-03-31,Hedge Fund - Opportunistic,Unclassified,-306006588.7069044,504342760.0530956
2025-03-31,Hedge Fund - Quant,Communication Services,476395771.6228206,9045056711.59916
2025-03-31,Hedge Fund - Quant,Consumer Discretionary,-1605476691.1568544,14430656503.478737
2025-03-31,Hedge Fund - Quant,Consumer Staples,647671498.5037308,6057095709.004687
2025-03-31,Hedge Fund - Quant,ETF - Broad Equity,-785821511.6186699,8264938822.1852455
2025-03-31,Hedge Fund - Quant,ETF - Commodity,64991978.97346507,594634146.3340328
2025-03-31,Hedge Fund - Quant,ETF - Fixed Income,209363694.6036522,1201415602.547172
2025-03-31,Hedge Fund - Quant,ETF - International Equity,-40481042.11974343,361432147.8756052
2025-03-31,Hedge Fund - Quant,ETF - Sector,655992584.3051847,1974441018.6830516
2025-03-31,Hedge Fund - Quant,ETF - Thematic,1438850.4585739265,74635413.87388997
2025-03-31,Hedge Fund - Quant,Energy,546911250.6895719,7785481172.056209
2025-03-31,Hedge Fund - Quant,Financials,-215770740.99599162,19066841782.758377
2025-03-31,Hedge Fund - Quant,Health Care,-1211096429.855571,16498883931.012877
2025-03-31,Hedge Fund - Quant,Industrials,-1290150196.5830276,6088815660.696503
2025-03-31,Hedge Fund - Quant,Information Technology,-510210122.30976653,24048370070.327065
2025-03-31,Hedge Fund - Quant,Materials,-7198754.28911432,2504006243.8112597
2025-03-31,Hedge Fund - Quant,Real Estate,850123779.1359544,1887159311.753188
2025-03-31,Hedge Fund - Quant,Unclassified,10413544694.002783,93142305691.88739
2025-03-31,Hedge Fund - Quant,Utilities,-407382227.3558039,2182212717.6399155
2025-03-31,Hedge Fund - Value,Communication Services,-26399384.859017856,43565508.6717136
2025-03-31,Hedge Fund - Value,Consumer Discretionary,65631.0790873785,65631.0790873785
2025-03-31,Hedge Fund - Value,Consumer Staples,3875.6079845083514,3875.6079845083514
2025-03-31,Hedge Fund - Value,ETF - Broad Equity,-11328903.0,11328903.0
2025-03-31,Hedge Fund - Value,ETF - Commodity,-6114993.157761872,9653612.939315269
2025-03-31,Hedge Fund - Value,Energy,54778708.91,352339312.91
2025-03-31,Hedge Fund - Value,Financials,13218454.676241683,17518862.193527542
2025-03-31,Hedge Fund - Value,Health Care,1314946.8485023994,1962294.1514976006
2025-03-31,Hedge Fund - Value,Industrials,-26502450.346556816,26502450.346556816
2025-03-31,Hedge Fund - Value,Materials,0.0,0.0
2025-03-31,Hedge Fund - Value,Unclassified,99637112.7507903,171962548.9950442
2025-03-31,Market Maker - Quant,Communication Services,-1399167761.7813838,14750536097.40131
2025-03-31,Market Maker - Quant,Consumer Discretionary,-5056031315.151132,26180642177.33554
2025-03-31,Market Maker - Quant,Consumer Staples,-513416703.84106034,7184108273.3540745
2025-03-31,Market Maker - Quant,ETF - Broad Equity,-6303623854.315879,50013657609.39375
2025-03-31,Market Maker - Quant,ETF - Commodity,2794367332.489705,5248229469.766047
2025-03-31,Market Maker - Quant,ETF - Fixed Income,-40191094.907231964,13299794974.608147
2025-03-31,Market Maker - Quant,ETF - International Equity,-360244051.9340984,4694298767.565486
2025-03-31,Market Maker - Quant,ETF - Sector,1544577909.3780777,8230490441.794439
2025-03-31,Market Maker - Quant,ETF - Thematic,-201641170.52234116,535033442.1143795
2025-03-31,Market Maker - Quant,Energy,90176870.32209821,7953561953.152241
2025-03-31,Market Maker - Quant,Financials,-3874822431.6259236,20165114436.980698
2025-03-31,Market Maker - Quant,Health Care,-2347453308.0288134,12965641884.274183
2025-03-31,Market Maker - Quant,Industrials,-4631619923.785776,8781252152.355274
2025-03-31,Market Maker - Quant,Information Technology,-28278248840.98628,51675489553.238556
2025-03-31,Market Maker - Quant,Materials,-201152460.78199556,2885044808.070419
2025-03-31,Market Maker - Quant,Real Estate,116652840.84972094,921299365.0474861
2025-03-31,Market Maker - Quant,Unclassified,-1085537925.4641602,79485281869.12071
2025-03-31,Market Maker - Quant,Utilities,183087579.2290487,794804285.6594899
2025-03-31,Pension Fund,Communication Services,370656174.4820781,688856940.3720583
2025-03-31,Pension Fund,Consumer Discretionary,-74303784.63077557,666253114.8943331
2025-03-31,Pension Fund,Consumer Staples,-660559492.9075768,769627252.8261639
2025-03-31,Pension Fund,ETF - Broad Equity,2503845064.738928,2503845064.738928
2025-03-31,Pension Fund,Energy,-14499413.216665395,284926423.73084646
2025-03-31,Pension Fund,Financials,-348851925.3036103,805967679.1656243
2025-03-31,Pension Fund,Health Care,103146085.49209628,1007672786.970635
2025-03-31,Pension Fund,Industrials,94516965.03845921,177156205.7121387
2025-03-31,Pension Fund,Information Technology,-2243430740.0269322,2678109396.8840876
2025-03-31,Pension Fund,Materials,-222547.66515002027,34128852.96333949
2025-03-31,Pension Fund,Real Estate,-212922804.77713946,221711152.46931273
2025-03-31,Pension Fund,Unclassified,-770264274.030576,3316266523.1913314
2025-03-31,Pension Fund,Utilities,-17264026.795865458,52966836.04498681
2025-03-31,Sovereign Wealth Fund,Communication Services,-2652926445.016888,5603121218.570767
2025-03-31,Sovereign Wealth Fund,Consumer Discretionary,-853905405.7414978,2630099075.7977934
2025-03-31,Sovereign Wealth Fund,Consumer Staples,-1061433979.5657634,1998378079.6989608
2025-03-31,Sovereign Wealth Fund,ETF - Broad Equity,0.0,0.0
2025-03-31,Sovereign Wealth Fund,ETF - Sector,0.0,0.0
2025-03-31,Sovereign Wealth Fund,Energy,-686662860.8791409,1188012605.4722016
2025-03-31,Sovereign Wealth Fund,Financials,2037470896.578953,5315578603.207673
2025-03-31,Sovereign Wealth Fund,Health Care,97836193.07622798,2438379268.407256
2025-03-31,Sovereign Wealth Fund,Industrials,-437533739.7995236,1204683976.0219996
2025-03-31,Sovereign Wealth Fund,Information Technology,-5749917107.612668,8387842769.44146
2025-03-31,Sovereign Wealth Fund,Materials,195710996.62291953,568334106.569171
2025-03-31,Sovereign Wealth Fund,Real Estate,-879395657.0623968,1595403420.498726
2025-03-31,Sovereign Wealth Fund,Unclassified,-3139406832.973056,21791770580.31468
2025-03-31,Sovereign Wealth Fund,Utilities,89414881.10118102,154425541.35678867
2025-06-30,Asset Manager - Active,Communication Services,1495456220.3333294,13244213406.943672
2025-06-30,Asset Manager - Active,Consumer Discretionary,-1069042299.0368524,19686762628.602974
2025-06-30,Asset Manager - Active,Consumer Staples,620764771.4925689,8497298103.617351
2025-06-30,Asset Manager - Active,ETF - Broad Equity,-1128546503.089659,6857405183.432472
2025-06-30,Asset Manager - Active,ETF - Commodity,7285389.29859136,113445120.04326122
2025-06-30,Asset Manager - Active,ETF - Fixed Income,7906633.244972169,2337823613.2566266
2025-06-30,Asset Manager - Active,ETF - International Equity,-56743489.67229844,452269252.7000194
2025-06-30,Asset Manager - Active,ETF - Sector,-11757318.904721009,124132126.28090474
2025-06-30,Asset Manager - Active,ETF - Thematic,1343494.306002698,1488166.6317702685
2025-06-30,Asset Manager - Active,Energy,-1008686348.7677758,8307208239.607157
2025-06-30,Asset Manager - Active,Financials,-2803854507.0729775,29783474707.02444
2025-06-30,Asset Manager - Active,Health Care,-9775078011.753782,25968860601.584927
2025-06-30,Asset Manager - Active,Industrials,-1049594521.5888344,8789266799.917818
2025-06-30,Asset Manager - Active,Information Technology,4919274261.870656,40210020702.883835
2025-06-30,Asset Manager - Active,Materials,-2715776161.3527846,4200130668.6102676
2025-06-30,Asset Manager - Active,Real Estate,367356114.7702807,2768681457.501779
2025-06-30,Asset Manager - Active,Unclassified,-3702483655.848809,125388679433.05516
2025-06-30,Asset Manager - Active,Utilities,-640485434.6650288,1530756108.2093353
2025-06-30,Asset Manager - Growth,Communication Services,-1620053434.703157,1627564182.703157
2025-06-30,Asset Manager - Growth,Consumer Discretionary,-1334524484.8168328,2353408712.8905144
2025-06-30,Asset Manager - Growth,Consumer Staples,364240410.1781782,409749554.97464854
2025-06-30,Asset Manager - Growth,Energy,-257114383.09063193,262579346.72947022
2025-06-30,Asset Manager - Growth,Financials,-36512788.044257656,508022193.4881845
2025-06-30,Asset Manager - Growth,Health Care,212044923.1678533,549735756.8236406
2025-06-30,Asset Manager - Growth,Industrials,230918152.18626565,237622537.29435593
2025-06-30,Asset Manager - Growth,Information Technology,-2068796927.9325895,3354658240.9317346
2025-06-30,Asset Manager - Growth,Materials,-13313172.646646434,14186044.36704456
2025-06-30,Asset Manager - Growth,Real Estate,-783301.8110062717,1127639.068273908
2025-06-30,Asset Manager - Growth,Unclassified,-2555998997.625523,9826879872.632856
2025-06-30,Asset Manager - Growth,Utilities,492260.29436229356,982081.5726255376
2025-06-30,Asset Manager - Index,Communication Services,11203693806.179733,12152577700.173218
2025-06-30,Asset Manager - Index,Consumer Discretionary,19839324652.47795,21906333372.6487
2025-06-30,Asset Manager - Index,Consumer Staples,3865173012.366746,5654758905.033872
2025-06-30,Asset Manager - Index,ETF - Broad Equity,3628291026.7883196,4917300512.301315
2025-06-30,Asset Manager - Index,ETF - Commodity,13103667.129407413,15867483.129407413
2025-06-30,Asset Manager - Index,ETF - Fixed Income,368244157.844265,551649223.7745006
2025-06-30,Asset Manager - Index,ETF - International Equity,135327097.07607874,599120748.1698455
2025-06-30,Asset Manager - Index,ETF - Sector,-253998731.31842297,938135768.0323321
2025-06-30,Asset Manager - Index,Energy,1933424759.6680381,8981148969.138536
2025-06-30,Asset Manager - Index,Financials,4296104795.678688,32286033337.079308
2025-06-30,Asset Manager - Index,Health Care,5924504187.900873,12168230030.90034
2025-06-30,Asset Manager - Index,Industrials,2301002041.7396502,3971846549.823428
2025-06-30,Asset Manager - Index,Information Technology,30992046032.941235,33588068177.47765
2025-06-30,Asset Manager - Index,Materials,-1081163337.9681532,2432823313.3509316
2025-06-30,Asset Manager - Index,Real Estate,1242958705.5946312,1715264456.8898814
2025-06-30,Asset Manager - Index,Unclassified,33914966379.903206,86541427415.80711
2025-06-30,Asset Manager - Index,Utilities,1254226174.635527,1698972209.813668
2025-06-30,Asset Manager - Index/Active,Communication Services,1166392880.4213402,8457334469.44248
2025-06-30,Asset Manager - Index/Active,Consumer Discretionary,8787082437.52551,14778573267.167728
2025-06-30,Asset Manager - Index/Active,Consumer Staples,1008160451.4356465,5643605058.382804
2025-06-30,Asset Manager - Index/Active,ETF - Broad Equity,5785412263.875794,16068180782.282373
2025-06-30,Asset Manager - Index/Active,ETF - Commodity,-551174099.0985333,644568004.3567063
2025-06-30,Asset Manager - Index/Active,ETF - Fixed Income,-878874781.8894137,2422642773.0031624
2025-06-30,Asset Manager - Index/Active,ETF - International Equity,-1327137068.2651021,2810961572.821819
2025-06-30,Asset Manager - Index/Active,ETF - Sector,67301596.33074096,212275173.18394852
2025-06-30,Asset Manager - Index/Active,ETF - Thematic,572670.0,572670.0
2025-06-30,Asset Manager - Index/Active,Energy,1398401157.6071346,6290967912.961003
2025-06-30,Asset Manager - Index/Active,Financials,-3888944445.6963916,26357525876.301575
2025-06-30,Asset Manager - Index/Active,Health Care,1904305940.3029048,13325821833.982288
2025-06-30,Asset Manager - Index/Active,Industrials,-1242766970.9706554,4098913453.5883126
2025-06-30,Asset Manager - Index/Active,Information Technology,1766664387.2140408,15814649447.117859
2025-06-30,Asset Manager - Index/Active,Materials,-1178417788.747704,1795171195.5776958
2025-06-30,Asset Manager - Index/Active,Real Estate,1503073733.2143042,2825812483.853134
2025-06-30,Asset Manager - Index/Active,Unclassified,2747398109.6027575,88379088435.26823
2025-06-30,Asset Manager - Index/Active,Utilities,1293456237.101896,1885552577.5081353
2025-06-30,Asset Manager - Value,Communication Services,-247649495.722723,2830854351.6598587
2025-06-30,Asset Manager - Value,Consumer Discretionary,836908524.9714086,3140612218.7535334
2025-06-30,Asset Manager - Value,Consumer Staples,-903009691.1575166,979936268.5906892
2025-06-30,Asset Manager - Value,ETF - Broad Equity,-3829481.4562439625,5053313.392387003
2025-06-30,Asset Manager - Value,ETF - Fixed Income,-127291.85347985348,127291.85347985348
2025-06-30,Asset Manager - Value,ETF - International Equity,-21269.09865470852,21269.09865470852
2025-06-30,Asset Manager - Value,Energy,102627790.5683445,801408088.822769
2025-06-30,Asset Manager - Value,Financials,-2949285351.034372,4853897891.381342
2025-06-30,Asset Manager - Value,Health Care,2891826945.5306783,4543117054.825852
2025-06-30,Asset Manager - Value,Industrials,-1545708789.3456852,3360610551.5668488
2025-06-30,Asset Manager - Value,Information Technology,-1334188875.1298008,2809054969.5983596
2025-06-30,Asset Manager - Value,Materials,-37045.539690358906,37045.539690358906
2025-06-30,Asset Manager - Value,Real Estate,-93723804.23165594,103876517.51548894
2025-06-30,Asset Manager - Value,Unclassified,-1385011688.1441467,13926299862.34758
2025-06-30,Asset Manager - Value,Utilities,-128573892.68375401,128573892.68375401
2025-06-30,Conglomerate / Long-only Value,Communication Services,2031549549.0,2031549549.0
2025-06-30,Conglomerate / Long-only Value,Consumer Discretionary,4970669709.185517,4977636803.825518
2025-06-30,Conglomerate / Long-only Value,Consumer Staples,42474303002.0,42474303002.0
2025-06-30,Conglomerate / Long-only Value,Energy,28608647083.0,28608647083.0
2025-06-30,Conglomerate / Long-only Value,Financials,105069140556.0,105069140556.0
2025-06-30,Conglomerate / Long-only Value,Health Care,6386510047.0,6386510047.0
2025-06-30,Conglomerate / Long-only Value,Industrials,334980855.0,334980855.0
2025-06-30,Conglomerate / Long-only Value,Information Technology,61285717344.0,61285717344.0
2025-06-30,Conglomerate / Long-only Value,Materials,598209313.017762,598209313.017762
2025-06-30,Conglomerate / Long-only Value,Unclassified,4607880829.0,4607880829.0
2025-06-30,Family Office - Macro,Communication Services,22966981.709714986,265825904.22961104
2025-06-30,Family Office - Macro,Consumer Discretionary,54068309.86565422,272811959.07357836
2025-06-30,Family Office - Macro,Consumer Staples,-5681738.101874445,5701756.101874445
2025-06-30,Family Office - Macro,ETF - Broad Equity,559130295.8111058,1103886876.1888943
2025-06-30,Family Office - Macro,ETF - Fixed Income,-209369000.0,209369000.0
2025-06-30,Family Office - Macro,ETF - International Equity,68531972.0,110248028.0
2025-06-30,Family Office - Macro,ETF - Sector,113047431.0,320299769.0
2025-06-30,Family Office - Macro,Energy,-12106722.790697675,65652399.20930232
2025-06-30,Family Office - Macro,Financials,53616235.85234754,467659417.8711802
2025-06-30,Family Office - Macro,Health Care,-229743352.33943817,261218057.66056183
2025-06-30,Family Office - Macro,Industrials,46893729.32640864,151713385.03997615
2025-06-30,Family Office - Macro,Information Technology,179491782.73431623,543916663.5203594
2025-06-30,Family Office - Macro,Materials,2470540.830564947,2539319.8094350537
2025-06-30,Family Office - Macro,Real Estate,11898946.0,11898946.0
2025-06-30,Family Office - Macro,Unclassified,129891026.63443282,2390748681.964927
2025-06-30,Family Office - Macro,Utilities,52293830.0,117002150.0
2025-06-30,Foundation / Endowment,Consumer Discretionary,0.0,0.0
2025-06-30,Foundation / Endowment,Consumer Staples,0.0,0.0
2025-06-30,Foundation / Endowment,Financials,3376708226.822208,3376708226.822208
2025-06-30,Foundation / Endowment,Health Care,0.0,0.0
2025-06-30,Foundation / Endowment,Industrials,0.0,0.0
2025-06-30,Foundation / Endowment,Information Technology,-1127150956.4112475,1127150956.4112475
2025-06-30,Foundation / Endowment,Unclassified,0.0,0.0
2025-06-30,Hedge Fund - Activist,Communication Services,-920104518.0263362,1278615097.8796601
2025-06-30,Hedge Fund - Activist,Consumer Discretionary,1900647956.8516378,2122483294.5978045
2025-06-30,Hedge Fund - Activist,Consumer Staples,545839715.6119384,545839715.6119384
2025-06-30,Hedge Fund - Activist,ETF - Broad Equity,-1729705067.4158669,2085546542.5788121
2025-06-30,Hedge Fund - Activist,ETF - Sector,-1787350312.0,1787350312.0
2025-06-30,Hedge Fund - Activist,Energy,-3930545579.159365,4031727172.840635
2025-06-30,Hedge Fund - Activist,Financials,-102007475.62379687,105301270.4308238
2025-06-30,Hedge Fund - Activist,Health Care,-240168503.3004502,279493006.8660302
2025-06-30,Hedge Fund - Activist,Industrials,-1052066677.0,1052066677.0
2025-06-30,Hedge Fund - Activist,Information Technology,-365185593.8182349,584738129.3817651
2025-06-30,Hedge Fund - Activist,Materials,-2608615961.0,2608615961.0
2025-06-30,Hedge Fund - Activist,Real Estate,-122302500.0,122302500.0
2025-06-30,Hedge Fund - Activist,Unclassified,-3540120582.646524,6843961606.021594
2025-06-30,Hedge Fund - Activist,Utilities,0.0,0.0
2025-06-30,Hedge Fund - Contrarian Value,Communication Services,73809000.0,73809000.0
2025-06-30,Hedge Fund - Contrarian Value,Consumer Discretionary,109180390.0,242308390.0
2025-06-30,Hedge Fund - Contrarian Value,Consumer Staples,36360000.0,44440000.0
2025-06-30,Hedge Fund - Contrarian Value,Health Care,228303900.0,228303900.0
2025-06-30,Hedge Fund - Contrarian Value,Information Technology,-77507250.0,117576750.0
2025-06-30,Hedge Fund - Contrarian Value,Unclassified,6006000.0,49844000.0
2025-06-30,Hedge Fund - Event Driven,Communication Services,-12237703.0,236857723.0
2025-06-30,Hedge Fund - Event Driven,Consumer Discretionary,206453600.0,206453600.0
2025-06-30,Hedge Fund - Event Driven,ETF - Broad Equity,-184478085.0,184478085.0
2025-06-30,Hedge Fund - Event Driven,Energy,150123690.0127881,150123690.0127881
2025-06-30,Hedge Fund - Event Driven,Financials,-52373256.97672103,373302143.02327895
2025-06-30,Hedge Fund - Event Driven,Health Care,142103262.1580071,142103262.1580071
2025-06-30,Hedge Fund - Event Driven,Industrials,0.0,0.0
2025-06-30,Hedge Fund - Event Driven,Information Technology,185032050.0,346065650.0
2025-06-30,Hedge Fund - Event Driven,Materials,0.0,0.0
2025-06-30,Hedge Fund - Event Driven,Real Estate,0.0,0.0
2025-06-30,Hedge Fund - Event Driven,Unclassified,264849633.59646928,1429470556.4035308
2025-06-30,Hedge Fund - Event Driven,Utilities,-152500.0,152500.0
2025-06-30,Hedge Fund - Global Macro,Communication Services,2146256207.3733683,3072145203.0655427
2025-06-30,Hedge Fund - Global Macro,Consumer Discretionary,-232966718.4062219,3013594546.7675304
2025-06-30,Hedge Fund - Global Macro,Consumer Staples,343538768.20955825,941156169.6292253
2025-06-30,Hedge Fund - Global Macro,ETF - Broad Equity,3215510077.43026,6589586031.836729
2025-06-30,Hedge Fund - Global Macro,ETF - Commodity,35294111.492849626,138337753.84219405
2025-06-30,Hedge Fund - Global Macro,ETF - Fixed Income,-95699096.63284338,230059538.20210204
2025-06-30,Hedge Fund - Global Macro,ETF - International Equity,-31793898.24327672,149202247.5253725
2025-06-30,Hedge Fund - Global Macro,ETF - Sector,5330015.425960651,514283164.5669265
2025-06-30,Hedge Fund - Global Macro,ETF - Thematic,-2005179.4699999988,31539217.470000003
2025-06-30,Hedge Fund - Global Macro,Energy,93462832.18670627,1706222708.1332755
2025-06-30,Hedge Fund - Global Macro,Financials,895923685.7158817,3507670514.372688
2025-06-30,Hedge Fund - Global Macro,Health Care,1277536178.800517,2272041138.1767
2025-06-30,Hedge Fund - Global Macro,Industrials,433328794.63834375,1538794531.485817
2025-06-30,Hedge Fund - Global Macro,Information Technology,3531750799.0027747,5696950845.095469
2025-06-30,Hedge Fund - Global Macro,Materials,101512836.43916368,668269342.4412776
2025-06-30,Hedge Fund - Global Macro,Real Estate,120577066.9362924,538273921.2051289
2025-06-30,Hedge Fund - Global Macro,Unclassified,1591181129.5698395,12162938081.841904
2025-06-30,Hedge Fund - Global Macro,Utilities,58215234.984133355,184325813.17947504
2025-06-30,Hedge Fund - Long/Short,Communication Services,-699823231.8035262,3643789136.5250864
2025-06-30,Hedge Fund - Long/Short,Consumer Discretionary,2234186292.7316117,3378582258.9035263
2025-06-30,Hedge Fund - Long/Short,Consumer Staples,-150542968.4361933,717727125.4920748
2025-06-30,Hedge Fund - Long/Short,ETF - Broad Equity,3700000.0,3700000.0
2025-06-30,Hedge Fund - Long/Short,ETF - Commodity,6562000.0,6562000.0
2025-06-30,Hedge Fund - Long/Short,ETF - Sector,1518730.0,1518730.0
2025-06-30,Hedge Fund - Long/Short,Energy,160579210.32612956,759406999.1268522
2025-06-30,Hedge Fund - Long/Short,Financials,-1392297132.9007537,6224286651.784798
2025-06-30,Hedge Fund - Long/Short,Health Care,-860328091.5605277,5483241325.971309
2025-06-30,Hedge Fund - Long/Short,Industrials,-198433869.11585578,525101067.9760372
2025-06-30,Hedge Fund - Long/Short,Information Technology,90210386.80494078,2514778170.793735
2025-06-30,Hedge Fund - Long/Short,Materials,15531952.244955843,88391900.24495584
2025-06-30,Hedge Fund - Long/Short,Real Estate,453621083.3115464,602999995.188322
2025-06-30,Hedge Fund - Long/Short,Unclassified,-286429510.2424551,18901136389.926678
2025-06-30,Hedge Fund - Long/Short,Utilities,6668980.827194326,249061346.1432883
2025-06-30,Hedge Fund - Long/Short Growth,Communication Services,50324606.258199066,301318015.5127407
2025-06-30,Hedge Fund - Long/Short Growth,Consumer Discretionary,688262123.7254016,3019543725.9247518
2025-06-30,Hedge Fund - Long/Short Growth,Consumer Staples,-92584510.63939889,92584510.63939889
2025-06-30,Hedge Fund - Long/Short Growth,ETF - Broad Equity,-459834105.0,466751815.0
2025-06-30,Hedge Fund - Long/Short Growth,Energy,-45426461.14058958,112351537.14058958
2025-06-30,Hedge Fund - Long/Short Growth,Financials,962611803.851701,1246157903.355644
2025-06-30,Hedge Fund - Long/Short Growth,Health Care,377311379.27618504,1590104781.6926565
2025-06-30,Hedge Fund - Long/Short Growth,Industrials,26758626.63854151,26758626.63854151
2025-06-30,Hedge Fund - Long/Short Growth,Information Technology,2762003714.7181726,5280379335.772742
2025-06-30,Hedge Fund - Long/Short Growth,Unclassified,1766120046.018779,9847186148.132565
2025-06-30,Hedge Fund - Long/Short Growth,Utilities,0.0,0.0
2025-06-30,Hedge Fund - Multi-strategy,Communication Services,-3401764872.021533,19089313660.25688
2025-06-30,Hedge Fund - Multi-strategy,Consumer Discretionary,-2650403990.397228,28676761847.383595
2025-06-30,Hedge Fund - Multi-strategy,Consumer Staples,854349894.5234883,10616009897.193638
2025-06-30,Hedge Fund - Multi-strategy,ETF - Broad Equity,-39044769103.44972,57151880665.1483
2025-06-30,Hedge Fund - Multi-strategy,ETF - Commodity,490832792.50108486,2232661219.642455
2025-06-30,Hedge Fund - Multi-strategy,ETF - Fixed Income,-41046722.547142774,3394233578.3041587
2025-06-30,Hedge Fund - Multi-strategy,ETF - International Equity,736493007.3607026,2104169369.0721505
2025-06-30,Hedge Fund - Multi-strategy,ETF - Sector,-2653513041.178859,6322487030.023608
2025-06-30,Hedge Fund - Multi-strategy,ETF - Thematic,-47869004.9252915,573068575.7116959
2025-06-30,Hedge Fund - Multi-strategy,Energy,298533539.393575,11787785197.803759
2025-06-30,Hedge Fund - Multi-strategy,Financials,-3219387380.2642965,34087560764.561478
2025-06-30,Hedge Fund - Multi-strategy,Health Care,6529151253.10056,26554041474.27765
2025-06-30,Hedge Fund - Multi-strategy,Industrials,2015524117.7052004,8616011722.89973
2025-06-30,Hedge Fund - Multi-strategy,Information Technology,3044936646.093391,38198482481.151146
2025-06-30,Hedge Fund - Multi-strategy,Materials,-396300813.50284696,3668612019.2000594
2025-06-30,Hedge Fund - Multi-strategy,Real Estate,-662734101.7554967,3165357469.5968084
2025-06-30,Hedge Fund - Multi-strategy,Unclassified,9130518741.064672,164306955476.34296
2025-06-30,Hedge Fund - Multi-strategy,Utilities,500349386.56979704,2073903968.7207153
2025-06-30,Hedge Fund - Opportunistic,Communication Services,-204021400.0,204021400.0
2025-06-30,Hedge Fund - Opportunistic,Consumer Discretionary,-512627195.8563378,595995395.8563378
2025-06-30,Hedge Fund - Opportunistic,ETF - Broad Equity,-169096000.0,169096000.0
2025-06-30,Hedge Fund - Opportunistic,ETF - Sector,-2517255000.0,2517255000.0
2025-06-30,Hedge Fund - Opportunistic,Energy,-30048649.0,30048649.0
2025-06-30,Hedge Fund - Opportunistic,Financials,7320000.0,7320000.0
2025-06-30,Hedge Fund - Opportunistic,Health Care,709731750.0000001,709731750.0000001
2025-06-30,Hedge Fund - Opportunistic,Industrials,70485700.0,154455700.0
2025-06-30,Hedge Fund - Opportunistic,Information Technology,207017700.0,1056315700.0
2025-06-30,Hedge Fund - Opportunistic,Unclassified,-1106095.1099999845,371489304.89
2025-06-30,Hedge Fund - Quant,Communication Services,2231044890.743914,11843263011.403801
2025-06-30,Hedge Fund - Quant,Consumer Discretionary,1577473339.5596411,14808658790.33843
2025-06-30,Hedge Fund - Quant,Consumer Staples,902264952.7892101,6637521840.165911
2025-06-30,Hedge Fund - Quant,ETF - Broad Equity,-573551876.1510298,10641443325.397596
2025-06-30,Hedge Fund - Quant,ETF - Commodity,-130517062.148051,604121443.6628728
2025-06-30,Hedge Fund - Quant,ETF - Fixed Income,-568052040.9702917,1860505287.9571924
2025-06-30,Hedge Fund - Quant,ETF - International Equity,217025643.2254924,699557652.782624
2025-06-30,Hedge Fund - Quant,ETF - Sector,-189649095.67042083,2033193918.7745128
2025-06-30,Hedge Fund - Quant,ETF - Thematic,2022696.1736576122,71757548.15985888
2025-06-30,Hedge Fund - Quant,Energy,350202577.87351996,7593144666.784465
2025-06-30,Hedge Fund - Quant,Financials,2328565464.250275,19706442960.6182
2025-06-30,Hedge Fund - Quant,Health Care,4057815932.183367,16134977409.378927
2025-06-30,Hedge Fund - Quant,Industrials,1416957073.353861,6200559495.815899
2025-06-30,Hedge Fund - Quant,Information Technology,5001454014.204898,26604621167.87344
2025-06-30,Hedge Fund - Quant,Materials,-100291088.08962733,3263761540.481128
2025-06-30,Hedge Fund - Quant,Real Estate,199546994.4938374,1639788974.3907518
2025-06-30,Hedge Fund - Quant,Unclassified,18337817447.67407,119581051313.33183
2025-06-30,Hedge Fund - Quant,Utilities,318804513.749498,1302942284.3840728
2025-06-30,Hedge Fund - Value,Communication Services,-11414290.958181374,55541925.47574073
2025-06-30,Hedge Fund - Value,Consumer Discretionary,10805.251283966018,10805.251283966018
2025-06-30,Hedge Fund - Value,Consumer Staples,64281.50165212031,64281.50165212031
2025-06-30,Hedge Fund - Value,ETF - Commodity,-2449436.126513837,4098312.2570031723
2025-06-30,Hedge Fund - Value,Energy,-3696220.0098346663,3696220.0098346663
2025-06-30,Hedge Fund - Value,Financials,-2204570.004604911,2204570.004604911
2025-06-30,Hedge Fund - Value,Health Care,104428478.60467109,104428478.60467109
2025-06-30,Hedge Fund - Value,Industrials,-2642932.784457759,2642932.784457759
2025-06-30,Hedge Fund - Value,Information Technology,24099.999999999996,24099.999999999996
2025-06-30,Hedge Fund - Value,Materials,77091969.88874722,77091969.88874722
2025-06-30,Hedge Fund - Value,Unclassified,127117675.09297706,402389540.5310387
2025-06-30,Market Maker - Quant,Communication Services,7389690153.108135,14858585991.598774
2025-06-30,Market Maker - Quant,Consumer Discretionary,6170551010.056092,26674002417.502617
2025-06-30,Market Maker - Quant,Consumer Staples,-1251222963.901069,7650812882.117354
2025-06-30,Market Maker - Quant,ETF - Broad Equity,10876420860.233578,62851128881.5444
2025-06-30,Market Maker - Quant,ETF - Commodity,1960163317.2939806,8743407355.65706
2025-06-30,Market Maker - Quant,ETF - Fixed Income,-1788291801.5885587,8975396682.03242
2025-06-30,Market Maker - Quant,ETF - International Equity,894793171.5537567,5389649293.970039
2025-06-30,Market Maker - Quant,ETF - Sector,-1026824847.5731753,6761502167.456596
2025-06-30,Market Maker - Quant,ETF - Thematic,560623340.5559133,643833968.537286
2025-06-30,Market Maker - Quant,Energy,1297862395.1290228,7163134969.446902
2025-06-30,Market Maker - Quant,Financials,5511465987.82399,21362255198.313236
2025-06-30,Market Maker - Quant,Health Care,15496138965.183092,22335191770.043068
2025-06-30,Market Maker - Quant,Industrials,2082543788.6834803,6125459268.045917
2025-06-30,Market Maker - Quant,Information Technology,2180046211.0404115,52115672899.35731
2025-06-30,Market Maker - Quant,Materials,-265747785.5387909,3451559370.5402145
2025-06-30,Market Maker - Quant,Real Estate,401540805.8655876,878239160.3588114
2025-06-30,Market Maker - Quant,Unclassified,25103789758.802677,98515887405.22551
2025-06-30,Market Maker - Quant,Utilities,261365855.9252789,879931924.6923486
2025-06-30,Pension Fund,Communication Services,147097758.23519498,1084663213.2362792
2025-06-30,Pension Fund,Consumer Discretionary,469774244.698308,1806566661.4452586
2025-06-30,Pension Fund,Consumer Staples,-1040910641.6185229,1091084558.5500453
2025-06-30,Pension Fund,ETF - Broad Equity,2233322415.006835,2233322415.006835
2025-06-30,Pension Fund,Energy,-192481664.37469077,312997326.8524085
2025-06-30,Pension Fund,Financials,1079389198.9073317,3714678970.3480024
2025-06-30,Pension Fund,Health Care,-741630273.1174055,1430944093.621776
2025-06-30,Pension Fund,Industrials,53352904.38068291,335961533.5301393
2025-06-30,Pension Fund,Information Technology,2054415077.126352,4903400027.933426
2025-06-30,Pension Fund,Materials,1704919.3186596474,35621289.33016336
2025-06-30,Pension Fund,Real Estate,-116707468.71208298,171692071.5572055
2025-06-30,Pension Fund,Unclassified,-2372492766.5531096,5446537882.211273
2025-06-30,Pension Fund,Utilities,-221243969.73252288,235230818.1979863
2025-06-30,Sovereign Wealth Fund,Communication Services,-551982561.5044531,5439367367.300057
2025-06-30,Sovereign Wealth Fund,Consumer Discretionary,1225480662.0783405,5541750778.327878
2025-06-30,Sovereign Wealth Fund,Consumer Staples,574467374.7644483,1242612162.5910456
2025-06-30,Sovereign Wealth Fund,ETF - Broad Equity,5199067.284843629,5199067.284843629
2025-06-30,Sovereign Wealth Fund,ETF - Sector,0.0,0.0
2025-06-30,Sovereign Wealth Fund,Energy,800826536.9126997,2153014907.7979546
2025-06-30,Sovereign Wealth Fund,Financials,1768657950.1205335,7299261308.492144
2025-06-30,Sovereign Wealth Fund,Health Care,850208296.3516334,3728308122.70427
2025-06-30,Sovereign Wealth Fund,Industrials,586615831.8685036,1251513819.8780587
2025-06-30,Sovereign Wealth Fund,Information Technology,6841020616.252517,10341060389.117785
2025-06-30,Sovereign Wealth Fund,Materials,-326184680.8366415,487555768.8816954
2025-06-30,Sovereign Wealth Fund,Real Estate,181918853.4410537,1010317147.0495291
2025-06-30,Sovereign Wealth Fund,Unclassified,4861561698.891739,24554864163.134155
2025-06-30,Sovereign Wealth Fund,Utilities,-833192051.8675054,1497161893.9457533
2025-09-30,Asset Manager - Active,Communication Services,-1376650686.809338,18377219602.257446
2025-09-30,Asset Manager - Active,Consumer Discretionary,-1910053986.8817165,24493709947.273834
2025-09-30,Asset Manager - Active,Consumer Staples,-2761564622.1912723,10647951809.158705
2025-09-30,Asset Manager - Active,ETF - Broad Equity,3264529446.4257784,5413500474.224962
2025-09-30,Asset Manager - Active,ETF - Commodity,-279466424.08126044,286841069.8969067
2025-09-30,Asset Manager - Active,ETF - Fixed Income,-256058290.51375747,2145426956.3204675
2025-09-30,Asset Manager - Active,ETF - International Equity,102699331.91694504,613671108.8805767
2025-09-30,Asset Manager - Active,ETF - Sector,-1018313132.5642992,1173919526.1392925
2025-09-30,Asset Manager - Active,ETF - Thematic,-1170664.0450680505,1245620.1687302154
2025-09-30,Asset Manager - Active,Energy,1116048781.7009408,10009572444.914938
2025-09-30,Asset Manager - Active,Financials,-7885413763.906662,36306404591.37406
2025-09-30,Asset Manager - Active,Health Care,-7444438345.202806,27403503324.980713
2025-09-30,Asset Manager - Active,Industrials,-1906594036.1349921,13884272856.34099
2025-09-30,Asset Manager - Active,Information Technology,1978435254.7235935,42417401336.66145
2025-09-30,Asset Manager - Active,Materials,431683544.4493031,3807257878.73821
2025-09-30,Asset Manager - Active,Real Estate,-171390760.9764116,4129363048.339438
2025-09-30,Asset Manager - Active,Unclassified,9752822494.758524,153252583058.78302
2025-09-30,Asset Manager - Active,Utilities,-448062648.72515607,738031353.457772
2025-09-30,Asset Manager - Growth,Communication Services,-1618665813.936767,1622922467.6055584
2025-09-30,Asset Manager - Growth,Consumer Discretionary,-1760356882.6077175,1893190804.6077175
2025-09-30,Asset Manager - Growth,Consumer Staples,-28291944.71176292,43384134.65027075
2025-09-30,Asset Manager - Growth,ETF - International Equity,2681196.0,2681196.0
2025-09-30,Asset Manager - Growth,Energy,-339929480.85168093,382435480.21522593
2025-09-30,Asset Manager - Growth,Financials,145467293.22051582,857560441.0052891
2025-09-30,Asset Manager - Growth,Health Care,-132156307.99131332,945218669.1491289
2025-09-30,Asset Manager - Growth,Industrials,-45987446.83654146,84082522.83654146
2025-09-30,Asset Manager - Growth,Information Technology,-1036752058.8038296,1386789192.6045718
2025-09-30,Asset Manager - Growth,Materials,-48909445.90756637,48928852.44935311
2025-09-30,Asset Manager - Growth,Real Estate,7044055.660120849,8243620.878874296
2025-09-30,Asset Manager - Growth,Unclassified,-2469168350.18787,4914590874.78529
2025-09-30,Asset Manager - Growth,Utilities,29429348.796494547,29429348.796494547
2025-09-30,Asset Manager - Index,Communication Services,2258727653.1479607,9221877737.835136
2025-09-30,Asset Manager - Index,Consumer Discretionary,3411889076.5077786,6640737559.948461
2025-09-30,Asset Manager - Index,Consumer Staples,1669247216.5771968,2984292485.399317
2025-09-30,Asset Manager - Index,ETF - Broad Equity,1746619927.5365381,3762386150.571081
2025-09-30,Asset Manager - Index,ETF - Commodity,19686215.784169286,19746418.936455086
2025-09-30,Asset Manager - Index,ETF - Fixed Income,129529855.86834803,683946884.6791606
2025-09-30,Asset Manager - Index,ETF - International Equity,103335861.91842386,444237465.1230536
2025-09-30,Asset Manager - Index,ETF - Sector,-150258947.02928862,236840225.82589766
2025-09-30,Asset Manager - Index,Energy,8821670793.473663,14976061983.105574
2025-09-30,Asset Manager - Index,Financials,3729619780.036067,23591517611.20504
2025-09-30,Asset Manager - Index,Health Care,-659334330.0882548,8427296006.973985
2025-09-30,Asset Manager - Index,Industrials,-3703279363.462961,6367750233.060356
2025-09-30,Asset Manager - Index,Information Technology,-2868823022.3242006,23513795982.927242
2025-09-30,Asset Manager - Index,Materials,207196192.37271446,1326217813.6317725
2025-09-30,Asset Manager - Index,Real Estate,1909588511.599123,2658867246.629177
2025-09-30,Asset Manager - Index,Unclassified,23603594628.28636,110218879930.13611
2025-09-30,Asset Manager - Index,Utilities,462752719.6558927,640018974.5453959
2025-09-30,Asset Manager - Index/Active,Communication Services,3306522833.8261724,8236774592.572551
2025-09-30,Asset Manager - Index/Active,Consumer Discretionary,4324934792.327701,9318639331.912672
2025-09-30,Asset Manager - Index/Active,Consumer Staples,1135872597.83323,3632759991.6181674
2025-09-30,Asset Manager - Index/Active,ETF - Broad Equity,8662356000.621407,13481212778.680578
2025-09-30,Asset Manager - Index/Active,ETF - Commodity,628883680.6833488,659302737.6472414
2025-09-30,Asset Manager - Index/Active,ETF - Fixed Income,1186302096.9118066,2623445303.9048486
2025-09-30,Asset Manager - Index/Active,ETF - International Equity,-87022310.1904091,955821690.2995784
2025-09-30,Asset Manager - Index/Active,ETF - Sector,-38309959.752929375,166213783.593134
2025-09-30,Asset Manager - Index/Active,ETF - Thematic,-761635.925416071,1024952.373691933
2025-09-30,Asset Manager - Index/Active,Energy,5229426828.552878,9967706087.645525
2025-09-30,Asset Manager - Index/Active,Financials,2975890440.2739415,17582139478.237057
2025-09-30,Asset Manager - Index/Active,Health Care,2254027202.805498,10047317440.55979
2025-09-30,Asset Manager - Index/Active,Industrials,4232368676.2779274,6106556835.362539
2025-09-30,Asset Manager - Index/Active,Information Technology,14127909232.997332,24266286678.926315
2025-09-30,Asset Manager - Index/Active,Materials,121791355.94183092,1510550372.7966964
2025-09-30,Asset Manager - Index/Active,Real Estate,719666690.4454389,2198209838.82864
2025-09-30,Asset Manager - Index/Active,Unclassified,7912248015.499205,87392989289.03307
2025-09-30,Asset Manager - Index/Active,Utilities,145361366.5810911,771997052.1745663
2025-09-30,Asset Manager - Value,Communication Services,-1341276852.766929,2279511716.0999265
2025-09-30,Asset Manager - Value,Consumer Discretionary,-551750980.4643863,898226257.1935513
2025-09-30,Asset Manager - Value,Consumer Staples,163579080.0018819,409184705.3532763
2025-09-30,Asset Manager - Value,ETF - Broad Equity,-858031.621026483,1151049.621026483
2025-09-30,Asset Manager - Value,ETF - Fixed Income,0.0,0.0
2025-09-30,Asset Manager - Value,ETF - International Equity,-18767.301282051285,18767.301282051285
2025-09-30,Asset Manager - Value,Energy,-190578727.3857724,263859727.57443434
2025-09-30,Asset Manager - Value,Financials,-3021833328.266204,4309098795.119894
2025-09-30,Asset Manager - Value,Health Care,1591387079.9447358,1980016310.6821346
2025-09-30,Asset Manager - Value,Industrials,-704940259.8282475,1619003532.2839851
2025-09-30,Asset Manager - Value,Information Technology,1244771386.5003026,1791836253.304418
2025-09-30,Asset Manager - Value,Materials,-321384.0209205021,321384.0209205021
2025-09-30,Asset Manager - Value,Real Estate,-7060208.763777812,7060208.763777812
2025-09-30,Asset Manager - Value,Unclassified,2393556538.5871263,13715840639.69415
2025-09-30,Asset Manager - Value,Utilities,-5499787.5,5499787.5
2025-09-30,Conglomerate / Long-only Value,Communication Services,4338397121.0,4338397121.0
2025-09-30,Conglomerate / Long-only Value,Consumer Discretionary,-40970340.54421881,342012303.4557811
2025-09-30,Conglomerate / Long-only Value,Consumer Staples,0.0,0.0
2025-09-30,Conglomerate / Long-only Value,Energy,0.0,0.0
2025-09-30,Conglomerate / Long-only Value,Financials,-705587877.3804598,3132436036.9490633
2025-09-30,Conglomerate / Long-only Value,Health Care,-217370270.95373452,217370270.95373452
2025-09-30,Conglomerate / Long-only Value,Industrials,0.0,0.0
2025-09-30,Conglomerate / Long-only Value,Information Technology,-11842434902.815191,11842434902.815191
2025-09-30,Conglomerate / Long-only Value,Materials,-27947741.087745633,27947741.087745633
2025-09-30,Conglomerate / Long-only Value,Unclassified,121074401.1628278,121074401.1628278
2025-09-30,Family Office - Macro,Communication Services,58505179.35743266,431553188.61798835
2025-09-30,Family Office - Macro,Consumer Discretionary,419199372.45507973,780352153.0695218
2025-09-30,Family Office - Macro,Consumer Staples,8536273.58723719,8833501.58723719
2025-09-30,Family Office - Macro,ETF - Broad Equity,-534692358.729585,1082533582.6886759
2025-09-30,Family Office - Macro,ETF - Fixed Income,89370000.0,89370000.0
2025-09-30,Family Office - Macro,ETF - International Equity,-89288540.0,89491460.0
2025-09-30,Family Office - Macro,ETF - Sector,-216673600.0,216673600.0
2025-09-30,Family Office - Macro,Energy,-21633507.80394736,142455927.80394736
2025-09-30,Family Office - Macro,Financials,-32675031.27977231,158729341.18941784
2025-09-30,Family Office - Macro,Health Care,-12452593.936792053,134909896.06320795
2025-09-30,Family Office - Macro,Industrials,-130147696.60533583,172247696.60533583
2025-09-30,Family Office - Macro,Information Technology,-36134202.329502046,394993643.87067384
2025-09-30,Family Office - Macro,Materials,-13762622.19134539,13762622.19134539
2025-09-30,Family Office - Macro,Real Estate,8444695.0,32242587.0
2025-09-30,Family Office - Macro,Unclassified,-785442975.5380889,3340855322.527476
2025-09-30,Family Office - Macro,Utilities,8345121.213017751,8345121.213017751
2025-09-30,Foundation / Endowment,Consumer Discretionary,0.0,0.0
2025-09-30,Foundation / Endowment,Consumer Staples,-78769400.05280279,78769400.05280279
2025-09-30,Foundation / Endowment,Financials,-1185692180.4260063,1185692180.4260063
2025-09-30,Foundation / Endowment,Health Care,0.0,0.0
2025-09-30,Foundation / Endowment,Industrials,-553368683.9842609,553368683.9842609
2025-09-30,Foundation / Endowment,Information Technology,-8805150000.647358,8805150000.647358
2025-09-30,Foundation / Endowment,Unclassified,-1212232497.0524814,1212232497.0524814
2025-09-30,Hedge Fund - Activist,Communication Services,-160423136.56437355,557863238.5190071
2025-09-30,Hedge Fund - Activist,Consumer Discretionary,-87158750.51835988,87158750.51835988
2025-09-30,Hedge Fund - Activist,Consumer Staples,-349098999.99999994,707221000.0
2025-09-30,Hedge Fund - Activist,ETF - Broad Equity,3180848809.0088325,3447516190.9911675
2025-09-30,Hedge Fund - Activist,ETF - Fixed Income,308522000.0,308522000.0
2025-09-30,Hedge Fund - Activist,ETF - Sector,3325335000.0,3325335000.0
2025-09-30,Hedge Fund - Activist,Energy,4703756971.356426,4938776971.1774
2025-09-30,Hedge Fund - Activist,Financials,100133559.0,153475557.0
2025-09-30,Hedge Fund - Activist,Health Care,-524859805.0534955,524859805.0534955
2025-09-30,Hedge Fund - Activist,Industrials,-3002094.7095343396,3002094.7095343396
2025-09-30,Hedge Fund - Activist,Information Technology,981344064.05,1051966735.95
2025-09-30,Hedge Fund - Activist,Materials,3988144172.0,3988144172.0
2025-09-30,Hedge Fund - Activist,Real Estate,117486000.0,117486000.0
2025-09-30,Hedge Fund - Activist,Unclassified,6378566781.934122,8986948902.569664
2025-09-30,Hedge Fund - Activist,Utilities,0.0,0.0
2025-09-30,Hedge Fund - Contrarian Value,Communication Services,-73809000.0,73809000.0
2025-09-30,Hedge Fund - Contrarian Value,Consumer Discretionary,-154968890.0,172761890.0
2025-09-30,Hedge Fund - Contrarian Value,Consumer Staples,-52520000.0,52520000.0
2025-09-30,Hedge Fund - Contrarian Value,Energy,61500000.0,61500000.0
2025-09-30,Hedge Fund - Contrarian Value,Health Care,-51503900.000000015,405103900.0
2025-09-30,Hedge Fund - Contrarian Value,Information Technology,1078645250.0,1118714750.0
2025-09-30,Hedge Fund - Contrarian Value,Unclassified,-1499924.0,54350076.0
2025-09-30,Hedge Fund - Event Driven,Communication Services,-52314910.0,155128110.0
2025-09-30,Hedge Fund - Event Driven,Consumer Discretionary,93104800.0,109098800.0
2025-09-30,Hedge Fund - Event Driven,ETF - Broad Equity,582907500.0,582907500.0
2025-09-30,Hedge Fund - Event Driven,Energy,-185040300.0,185040300.0
2025-09-30,Hedge Fund - Event Driven,Financials,-430772501.66713864,430772501.66713864
2025-09-30,Hedge Fund - Event Driven,Health Care,181053877.12317243,361536877.1231724
2025-09-30,Hedge Fund - Event Driven,Industrials,206823750.0,206823750.0
2025-09-30,Hedge Fund - Event Driven,Information Technology,269050231.7593658,474737768.2406343
2025-09-30,Hedge Fund - Event Driven,Materials,-44431400.0,44431400.0
2025-09-30,Hedge Fund - Event Driven,Real Estate,0.0,0.0
2025-09-30,Hedge Fund - Event Driven,Unclassified,285962549.7958769,2110778850.2041233
2025-09-30,Hedge Fund - Global Macro,Communication Services,-3448238767.6014633,3703225324.2378664
2025-09-30,Hedge Fund - Global Macro,Consumer Discretionary,-1736267422.4561641,2308296416.9425845
2025-09-30,Hedge Fund - Global Macro,Consumer Staples,-976125966.3942996,1220566848.2146666
2025-09-30,Hedge Fund - Global Macro,ETF - Broad Equity,-16206761021.939018,18614868725.735653
2025-09-30,Hedge Fund - Global Macro,ETF - Commodity,-550721825.0,550721825.0
2025-09-30,Hedge Fund - Global Macro,ETF - Fixed Income,-100002905.0,100002905.0
2025-09-30,Hedge Fund - Global Macro,ETF - International Equity,-368062724.0818922,437320909.9181078
2025-09-30,Hedge Fund - Global Macro,ETF - Sector,-1598184955.0,1598184955.0
2025-09-30,Hedge Fund - Global Macro,ETF - Thematic,-16144703.000000002,16144703.000000002
2025-09-30,Hedge Fund - Global Macro,Energy,-1281452227.5010698,1616001225.463087
2025-09-30,Hedge Fund - Global Macro,Financials,-2627541605.25898,4185438939.219599
2025-09-30,Hedge Fund - Global Macro,Health Care,-2020358606.5420737,2652656925.150328
2025-09-30,Hedge Fund - Global Macro,Industrials,-910542042.1289482,1140011935.2066667
2025-09-30,Hedge Fund - Global Macro,Information Technology,-5739197383.152569,6966621291.016213
2025-09-30,Hedge Fund - Global Macro,Materials,-578169616.3443103,702366243.577405
2025-09-30,Hedge Fund - Global Macro,Real Estate,-520956116.28239846,555475610.2908145
2025-09-30,Hedge Fund - Global Macro,Unclassified,-7939082294.047151,15397922005.665749
2025-09-30,Hedge Fund - Global Macro,Utilities,-178887673.0,241660229.0
2025-09-30,Hedge Fund - Long/Short,Communication Services,1544641600.553335,2272576761.6977706
2025-09-30,Hedge Fund - Long/Short,Consumer Discretionary,-1337090704.2221441,3457452249.836457
2025-09-30,Hedge Fund - Long/Short,Consumer Staples,225289226.47347352,742532951.4869221
2025-09-30,Hedge Fund - Long/Short,ETF - Broad Equity,373824206.0,381224206.0
2025-09-30,Hedge Fund - Long/Short,ETF - Commodity,-2118500.0,2118500.0
2025-09-30,Hedge Fund - Long/Short,ETF - Sector,-1518730.0,1518730.0
2025-09-30,Hedge Fund - Long/Short,Energy,761749984.8589697,1652867106.1672914
2025-09-30,Hedge Fund - Long/Short,Financials,727169377.8325639,6579292782.783419
2025-09-30,Hedge Fund - Long/Short,Health Care,-1228066155.8881624,4557894511.262582
2025-09-30,Hedge Fund - Long/Short,Industrials,851698368.9451166,1098031238.9632733
2025-09-30,Hedge Fund - Long/Short,Information Technology,5530929.144964039,4328601332.417424
2025-09-30,Hedge Fund - Long/Short,Materials,14497121.798112053,133358790.27725278
2025-09-30,Hedge Fund - Long/Short,Real Estate,-529736914.1176116,856318902.5498244
2025-09-30,Hedge Fund - Long/Short,Unclassified,1009927395.6774741,21805531182.969845
2025-09-30,Hedge Fund - Long/Short,Utilities,-82359822.95921662,173144180.9151851
2025-09-30,Hedge Fund - Long/Short Growth,Communication Services,-1219315906.219435,6225305654.060042
2025-09-30,Hedge Fund - Long/Short Growth,Consumer Discretionary,39216724.060304135,2352311224.4802756
2025-09-30,Hedge Fund - Long/Short Growth,Consumer Staples,64686184.96095109,537643190.9609511
2025-09-30,Hedge Fund - Long/Short Growth,ETF - Broad Equity,4948580.0,4948580.0
2025-09-30,Hedge Fund - Long/Short Growth,Energy,7058822.900922354,137588387.2817942
2025-09-30,Hedge Fund - Long/Short Growth,Financials,-165848771.9175765,1234513875.113175
2025-09-30,Hedge Fund - Long/Short Growth,Health Care,-1897426817.9276633,1897426817.9276633
2025-09-30,Hedge Fund - Long/Short Growth,Industrials,-35691646.624355316,35691646.624355316
2025-09-30,Hedge Fund - Long/Short Growth,Information Technology,-480489539.80517846,4612605796.389285
2025-09-30,Hedge Fund - Long/Short Growth,Unclassified,97399294.1485368,10069440159.523212
2025-09-30,Hedge Fund - Long/Short Growth,Utilities,0.0,0.0
2025-09-30,Hedge Fund - Multi-strategy,Communication Services,4906261901.5663,20372978503.248
2025-09-30,Hedge Fund - Multi-strategy,Consumer Discretionary,2801380689.4307604,27423576090.30797
2025-09-30,Hedge Fund - Multi-strategy,Consumer Staples,-654805525.2705028,9356989830.44804
2025-09-30,Hedge Fund - Multi-strategy,ETF - Broad Equity,-4404227412.056704,53638113243.093666
2025-09-30,Hedge Fund - Multi-strategy,ETF - Commodity,4957531424.399133,5755152969.309883
2025-09-30,Hedge Fund - Multi-strategy,ETF - Fixed Income,4704650205.684319,7234497117.933069
2025-09-30,Hedge Fund - Multi-strategy,ETF - International Equity,964891507.6141433,2640415864.790411
2025-09-30,Hedge Fund - Multi-strategy,ETF - Sector,1987676807.0642443,5951794048.381551
2025-09-30,Hedge Fund - Multi-strategy,ETF - Thematic,97432870.40076223,459689988.2364847
2025-09-30,Hedge Fund - Multi-strategy,Energy,2910806847.054873,15122460826.828854
2025-09-30,Hedge Fund - Multi-strategy,Financials,5846349436.429889,34229660011.8477
2025-09-30,Hedge Fund - Multi-strategy,Health Care,4376184974.136717,33035183649.55214
2025-09-30,Hedge Fund - Multi-strategy,Industrials,80043787.29457177,9580483569.206848
2025-09-30,Hedge Fund - Multi-strategy,Information Technology,12979073663.173536,51107729062.84551
2025-09-30,Hedge Fund - Multi-strategy,Materials,2241861467.87442,5450668940.170449
2025-09-30,Hedge Fund - Multi-strategy,Real Estate,-916610185.2479526,3312080337.8636217
2025-09-30,Hedge Fund - Multi-strategy,Unclassified,23250981054.9918,202274605993.9089
2025-09-30,Hedge Fund - Multi-strategy,Utilities,44661072.766087785,1924473955.7328153
2025-09-30,Hedge Fund - Opportunistic,Communication Services,-49430775.0,49430775.0
2025-09-30,Hedge Fund - Opportunistic,Consumer Discretionary,-207782345.82999998,207782345.82999998
2025-09-30,Hedge Fund - Opportunistic,ETF - Broad Equity,4525400.0,4525400.0
2025-09-30,Hedge Fund - Opportunistic,Energy,-17814500.0,17814500.0
2025-09-30,Hedge Fund - Opportunistic,Financials,104806800.0,119679000.0
2025-09-30,Hedge Fund - Opportunistic,Health Care,-775716450.0,775716450.0
2025-09-30,Hedge Fund - Opportunistic,Industrials,-51204415.55982946,51204415.55982946
2025-09-30,Hedge Fund - Opportunistic,Information Technology,48749685.0,631960015.0
2025-09-30,Hedge Fund - Opportunistic,Unclassified,734830548.4399999,1236469570.44
2025-09-30,Hedge Fund - Quant,Communication Services,2433082546.8454905,12264367904.866056
2025-09-30,Hedge Fund - Quant,Consumer Discretionary,3541367551.879327,16694620417.01653
2025-09-30,Hedge Fund - Quant,Consumer Staples,4086778195.6033115,8785539194.96965
2025-09-30,Hedge Fund - Quant,ETF - Broad Equity,6700274701.50186,19480935149.88936
2025-09-30,Hedge Fund - Quant,ETF - Commodity,-19678524.39149999,1223717626.789944
2025-09-30,Hedge Fund - Quant,ETF - Fixed Income,432122794.3681195,1634863539.0723486
2025-09-30,Hedge Fund - Quant,ETF - International Equity,-124128654.44536981,466198986.901814
2025-09-30,Hedge Fund - Quant,ETF - Sector,-178236424.37111914,3305198653.8205605
2025-09-30,Hedge Fund - Quant,ETF - Thematic,70510428.40081066,133537859.62888329
2025-09-30,Hedge Fund - Quant,Energy,2061115840.3028936,9143486500.233335
2025-09-30,Hedge Fund - Quant,Financials,5243207337.866053,23282486240.150146
2025-09-30,Hedge Fund - Quant,Health Care,-80815675.31683865,19384112920.50524
2025-09-30,Hedge Fund - Quant,Industrials,105069482.6829857,8033919417.520932
2025-09-30,Hedge Fund - Quant,Information Technology,9468691322.970448,33202854916.877495
2025-09-30,Hedge Fund - Quant,Materials,-19160912.592740186,4132902067.4374213
2025-09-30,Hedge Fund - Quant,Real Estate,378170210.85840106,1979098785.911346
2025-09-30,Hedge Fund - Quant,Unclassified,18191247935.000774,125897006132.72192
2025-09-30,Hedge Fund - Quant,Utilities,6651328.652799142,1440397485.6110601
2025-09-30,Hedge Fund - Value,Communication Services,1009322.5707024261,29462425.429297574
2025-09-30,Hedge Fund - Value,Consumer Discretionary,24622883.863048963,24622883.863048963
2025-09-30,Hedge Fund - Value,Consumer Staples,0.0,0.0
2025-09-30,Hedge Fund - Value,ETF - Commodity,1092146.4013650264,2953102.2330802367
2025-09-30,Hedge Fund - Value,Energy,-80760000.0,80760000.0
2025-09-30,Hedge Fund - Value,Financials,1663469.2656604976,1733969.2143395024
2025-09-30,Hedge Fund - Value,Health Care,18647560.163670767,20318401.11660022
2025-09-30,Hedge Fund - Value,Industrials,-21000769.5,21708085.5
2025-09-30,Hedge Fund - Value,Information Technology,0.0,0.0
2025-09-30,Hedge Fund - Value,Materials,0.0,0.0
2025-09-30,Hedge Fund - Value,Real Estate,44064.0,44064.0
2025-09-30,Hedge Fund - Value,Unclassified,130273397.3509592,384563595.875188
2025-09-30,Market Maker - Quant,Communication Services,5943076410.661662,18465298735.91291
2025-09-30,Market Maker - Quant,Consumer Discretionary,10757386723.458616,37698234344.65348
2025-09-30,Market Maker - Quant,Consumer Staples,888814682.2170112,8776438035.790476
2025-09-30,Market Maker - Quant,ETF - Broad Equity,13103657261.606949,42771685938.000114
2025-09-30,Market Maker - Quant,ETF - Commodity,7428384697.861261,10038004701.148514
2025-09-30,Market Maker - Quant,ETF - Fixed Income,-2287559219.778401,8912098363.564888
2025-09-30,Market Maker - Quant,ETF - International Equity,-1836573288.916074,6130592511.787447
2025-09-30,Market Maker - Quant,ETF - Sector,1672872552.4757216,5365521623.703359
2025-09-30,Market Maker - Quant,ETF - Thematic,217806389.79165137,798008039.7265376
2025-09-30,Market Maker - Quant,Energy,3563965235.3024817,9551248976.111042
2025-09-30,Market Maker - Quant,Financials,7555227368.881019,22736647722.23787
2025-09-30,Market Maker - Quant,Health Care,12815558454.935081,21951213283.66202
2025-09-30,Market Maker - Quant,Industrials,3934368350.0549164,7763191945.250901
2025-09-30,Market Maker - Quant,Information Technology,40114204599.5964,72458860759.61845
2025-09-30,Market Maker - Quant,Materials,1618244878.7067807,3974427646.1455393
2025-09-30,Market Maker - Quant,Real Estate,271576291.80895215,1029289604.9808329
2025-09-30,Market Maker - Quant,Unclassified,59551412860.56699,137814722372.34668
2025-09-30,Market Maker - Quant,Utilities,290730707.6626795,930556982.4980948
2025-09-30,Pension Fund,Communication Services,146188097.5559255,1181471455.9937553
2025-09-30,Pension Fund,Consumer Discretionary,137011429.39157316,712679585.1912577
2025-09-30,Pension Fund,Consumer Staples,-666016026.0570762,954981918.8738253
2025-09-30,Pension Fund,ETF - Broad Equity,46173452.00069709,46173452.00069709
2025-09-30,Pension Fund,Energy,-15140211.902827613,557911644.4933037
2025-09-30,Pension Fund,Financials,-27411122.34083294,1383525509.6334357
2025-09-30,Pension Fund,Health Care,-11441377.825514346,1018162263.7346829
2025-09-30,Pension Fund,Industrials,411432793.41819674,610666250.0925815
2025-09-30,Pension Fund,Information Technology,-788867030.177238,3345726860.3859735
2025-09-30,Pension Fund,Materials,20966321.407111127,55397420.28688691
2025-09-30,Pension Fund,Real Estate,-75260911.33436503,151785407.74083385
2025-09-30,Pension Fund,Unclassified,-349428276.964575,5405148422.266953
2025-09-30,Pension Fund,Utilities,-339787848.0852366,356336841.4999961
2025-12-31,Asset Manager - Active,Communication Services,6091107798.892671,36994378894.09707
2025-12-31,Asset Manager - Active,Consumer Discretionary,-619195577.705282,20132844061.20887
2025-12-31,Asset Manager - Active,Consumer Staples,-2044760145.943895,7914231506.947098
2025-12-31,Asset Manager - Active,ETF - Broad Equity,1479605705.3395903,6914406803.609955
2025-12-31,Asset Manager - Active,ETF - Commodity,-35911730.71422191,120285055.59248795
2025-12-31,Asset Manager - Active,ETF - Fixed Income,-605564083.406269,1229409175.3376694
2025-12-31,Asset Manager - Active,ETF - International Equity,47184902.781740926,505078982.4476479
2025-12-31,Asset Manager - Active,ETF - Sector,-1741663.0823112482,136040263.18537506
2025-12-31,Asset Manager - Active,ETF - Thematic,-254719.52227633286,379042.43021546165
2025-12-31,Asset Manager - Active,Energy,678884375.2458078,10433397582.618975
2025-12-31,Asset Manager - Active,Financials,-13529833770.59984,34126329101.68578
2025-12-31,Asset Manager - Active,Health Care,10139221855.317991,31458479694.500042
2025-12-31,Asset Manager - Active,Industrials,-99036443.62114629,12293434485.978045
2025-12-31,Asset Manager - Active,Information Technology,-5440402730.141917,35394736815.19713
2025-12-31,Asset Manager - Active,Materials,259803301.4487015,2302121825.0150995
2025-12-31,Asset Manager - Active,Real Estate,-873228470.2665231,3052172499.4360147
2025-12-31,Asset Manager - Active,Unclassified,3831201615.6880736,168671359166.97128
2025-12-31,Asset Manager - Active,Utilities,-396167699.99892503,1451883625.6001773
2025-12-31,Asset Manager - Growth,Communication Services,2819928976.846402,4703346357.220905
2025-12-31,Asset Manager - Growth,Consumer Discretionary,-673125777.846916,1457341673.8320582
2025-12-31,Asset Manager - Growth,Consumer Staples,9968448.818257263,21254183.433007848
2025-12-31,Asset Manager - Growth,ETF - International Equity,-2681196.0,2681196.0
2025-12-31,Asset Manager - Growth,Energy,-37921272.621357284,39493365.995679
2025-12-31,Asset Manager - Growth,Financials,69790396.08148445,518184995.05045813
2025-12-31,Asset Manager - Growth,Health Care,485200522.0866166,1006756735.4322393
2025-12-31,Asset Manager - Growth,Industrials,-17724010.29493591,55617347.31912175
2025-12-31,Asset Manager - Growth,Information Technology,-1687501301.6800177,1788206695.5702732
2025-12-31,Asset Manager - Growth,Materials,-536954.2544661313,71060511.06362644
2025-12-31,Asset Manager - Growth,Real Estate,6867305.230021088,14200834.523919048
2025-12-31,Asset Manager - Growth,Unclassified,-1818036006.9226832,9130077950.263906
2025-12-31,Asset Manager - Growth,Utilities,-3899059.7346749175,4228326.944443509
2025-12-31,Asset Manager - Index,Communication Services,63361310686.25969,67876360054.67687
2025-12-31,Asset Manager - Index,Consumer Discretionary,6099930263.596877,11159696626.155722
2025-12-31,Asset Manager - Index,Consumer Staples,2738816107.733194,3585590475.954011
2025-12-31,Asset Manager - Index,ETF - Broad Equity,2702799555.5983477,3786798450.435818
2025-12-31,Asset Manager - Index,ETF - Commodity,-11027564.789179508,11047380.292426262
2025-12-31,Asset Manager - Index,ETF - Fixed Income,767949234.4426476,768954100.2664571
2025-12-31,Asset Manager - Index,ETF - International Equity,349161199.12306756,403735728.1490113
2025-12-31,Asset Manager - Index,ETF - Sector,78365035.2261687,336980345.5109218
2025-12-31,Asset Manager - Index,Energy,1640903270.864828,4613666113.191125
2025-12-31,Asset Manager - Index,Financials,7435999510.657005,14802753766.860727
2025-12-31,Asset Manager - Index,Health Care,10361596165.496979,13791812916.198833
2025-12-31,Asset Manager - Index,Industrials,3725747777.541398,5140730477.376673
2025-12-31,Asset Manager - Index,Information Technology,63333048962.794174,65099117496.04866
2025-12-31,Asset Manager - Index,Materials,1033518835.6146024,1814348730.5787385
2025-12-31,Asset Manager - Index,Real Estate,2926089198.634217,3831309232.452219
2025-12-31,Asset Manager - Index,Unclassified,27018106077.11774,96316755687.44138
2025-12-31,Asset Manager - Index,Utilities,1518219050.1224115,1849738302.970066
2025-12-31,Asset Manager - Index/Active,Communication Services,38317092475.17198,40977617914.73036
2025-12-31,Asset Manager - Index/Active,Consumer Discretionary,5123658516.687553,10641953868.229776
2025-12-31,Asset Manager - Index/Active,Consumer Staples,2909008548.676855,4142434218.9213943
2025-12-31,Asset Manager - Index/Active,ETF - Broad Equity,2437052770.0448756,24344484864.96087
2025-12-31,Asset Manager - Index/Active,ETF - Commodity,132920101.74691981,949569580.588555
2025-12-31,Asset Manager - Index/Active,ETF - Fixed Income,-387533261.3213734,2466355732.513452
2025-12-31,Asset Manager - Index/Active,ETF - International Equity,-352169348.74615717,1852882809.7911038
2025-12-31,Asset Manager - Index/Active,ETF - Sector,289620998.2791177,554218370.1619463
2025-12-31,Asset Manager - Index/Active,ETF - Thematic,419975.4024444425,493213.7154879208
2025-12-31,Asset Manager - Index/Active,Energy,3733992068.6856894,5906843866.594906
2025-12-31,Asset Manager - Index/Active,Financials,7747701874.343634,16723037543.740625
2025-12-31,Asset Manager - Index/Active,Health Care,7739384945.3541355,13688684722.158934
2025-12-31,Asset Manager - Index/Active,Industrials,5687056495.116925,6555425820.361712
2025-12-31,Asset Manager - Index/Active,Information Technology,35865653501.26726,38977812332.16034
2025-12-31,Asset Manager - Index/Active,Materials,2357084047.897472,2754441404.1524606
2025-12-31,Asset Manager - Index/Active,Real Estate,2019505749.7150877,3211219501.673677
2025-12-31,Asset Manager - Index/Active,Unclassified,18423758723.387505,90643518776.89911
2025-12-31,Asset Manager - Index/Active,Utilities,669821370.1412619,1232586978.6436973
2025-12-31,Asset Manager - Value,Communication Services,619727139.1196339,4545473774.113747
2025-12-31,Asset Manager - Value,Consumer Discretionary,825135529.3194432,2636975280.2887344
2025-12-31,Asset Manager - Value,Consumer Staples,155991340.808779,628622993.8992237
2025-12-31,Asset Manager - Value,ETF - Broad Equity,5210539.591333283,6310401.591333283
2025-12-31,Asset Manager - Value,ETF - Fixed Income,0.0,0.0
2025-12-31,Asset Manager - Value,ETF - International Equity,-43697.0,43697.0
2025-12-31,Asset Manager - Value,Energy,373516103.73762864,1274345911.2108698
2025-12-31,Asset Manager - Value,Financials,-2276634365.5157475,9010594967.390015
2025-12-31,Asset Manager - Value,Health Care,999354705.3309443,4271785415.0034595
2025-12-31,Asset Manager - Value,Industrials,534084874.17318475,2248325269.837136
2025-12-31,Asset Manager - Value,Information Technology,913623469.7407221,1361102955.3711898
2025-12-31,Asset Manager - Value,Materials,164854.74765777824,315325.2523422218
2025-12-31,Asset Manager - Value,Real Estate,-1311540.287760691,1946585.1879907285
2025-12-31,Asset Manager - Value,Unclassified,7342620228.971168,23432251693.082516
2025-12-31,Asset Manager - Value,Utilities,-20868342.55225153,20868342.55225153
2025-12-31,Conglomerate / Long-only Value,Communication Services,-1546851052.0,2141566758.0
2025-12-31,Conglomerate / Long-only Value,Consumer Discretionary,-1718653494.9317706,2025478865.1317706
2025-12-31,Conglomerate / Long-only Value,Consumer Staples,-55184000.0,55184000.0
2025-12-31,Conglomerate / Long-only Value,Energy,1233236183.6117213,1233236183.6117213
2025-12-31,Conglomerate / Long-only Value,Financials,-1882342479.436594,3702806100.563406
2025-12-31,Conglomerate / Long-only Value,Health Care,-45616005.54442488,45616005.54442488
2025-12-31,Conglomerate / Long-only Value,Industrials,0.0,0.0
2025-12-31,Conglomerate / Long-only Value,Information Technology,-2798786738.16542,2798786738.16542
2025-12-31,Conglomerate / Long-only Value,Materials,0.0,0.0
2025-12-31,Conglomerate / Long-only Value,Unclassified,1484639049.961581,1847404016.038519
2025-12-31,Family Office - Macro,Communication Services,-25257356.520993054,111040115.64031507
2025-12-31,Family Office - Macro,Consumer Discretionary,-72442259.61611982,280809005.7083483
2025-12-31,Family Office - Macro,Consumer Staples,-5238189.399890174,12087232.600109825
2025-12-31,Family Office - Macro,ETF - Broad Equity,-292620401.5740883,419737933.72276145
2025-12-31,Family Office - Macro,ETF - Fixed Income,-91599400.0,91599400.0
2025-12-31,Family Office - Macro,ETF - International Equity,-54573.47368421053,54573.47368421053
2025-12-31,Family Office - Macro,ETF - Sector,180139480.0,180139480.0
2025-12-31,Family Office - Macro,Energy,-13430247.928255849,220656765.35745844
2025-12-31,Family Office - Macro,Financials,155109006.88273215,320090573.51581657
2025-12-31,Family Office - Macro,Health Care,129137403.65741365,247334008.49335054
2025-12-31,Family Office - Macro,Industrials,4121782.772934789,15415542.91367084
2025-12-31,Family Office - Macro,Information Technology,360779741.8596189,437846543.8802413
2025-12-31,Family Office - Macro,Materials,82572024.0,87800274.0
2025-12-31,Family Office - Macro,Real Estate,-13490278.0,27197004.0
2025-12-31,Family Office - Macro,Unclassified,1231248356.867245,3968132347.0143857
2025-12-31,Family Office - Macro,Utilities,-94021699.0,94021699.0
2025-12-31,Foundation / Endowment,Consumer Discretionary,0.0,0.0
2025-12-31,Foundation / Endowment,Consumer Staples,0.0,0.0
2025-12-31,Foundation / Endowment,Financials,-1185479919.048611,1185479919.048611
2025-12-31,Foundation / Endowment,Health Care,0.0,0.0
2025-12-31,Foundation / Endowment,Industrials,0.0,0.0
2025-12-31,Foundation / Endowment,Information Technology,-725429999.9336905,725429999.9336905
2025-12-31,Foundation / Endowment,Unclassified,0.0,0.0
2025-12-31,Hedge Fund - Activist,Communication Services,106591444.20018397,4119986666.321574
2025-12-31,Hedge Fund - Activist,Consumer Discretionary,954158.8955999799,1746126114.476495
2025-12-31,Hedge Fund - Activist,Consumer Staples,0.0,0.0
2025-12-31,Hedge Fund - Activist,ETF - Broad Equity,-1099948476.0004804,1106358523.9995196
2025-12-31,Hedge Fund - Activist,ETF - Fixed Income,0.0,0.0
2025-12-31,Hedge Fund - Activist,ETF - Sector,467740000.00000006,1024420000.0
2025-12-31,Hedge Fund - Activist,Energy,596406.3761144108,596406.3761144108
2025-12-31,Hedge Fund - Activist,Financials,48035181.04434744,82546613.04434744
2025-12-31,Hedge Fund - Activist,Health Care,-32034879.899554897,32037340.5004451
2025-12-31,Hedge Fund - Activist,Industrials,-4960048.079702175,5300113.19971587
2025-12-31,Hedge Fund - Activist,Information Technology,-345677344.28444624,396540064.27226394
2025-12-31,Hedge Fund - Activist,Materials,-72696000.0,72696000.0
2025-12-31,Hedge Fund - Activist,Real Estate,0.0,0.0
2025-12-31,Hedge Fund - Activist,Unclassified,2321392200.2908144,6100939108.205781
2025-12-31,Hedge Fund - Activist,Utilities,0.0,0.0
2025-12-31,Hedge Fund - Event Driven,Communication Services,-50055100.0,273072100.0
2025-12-31,Hedge Fund - Event Driven,Consumer Discretionary,-5624850.0,597131850.0
2025-12-31,Hedge Fund - Event Driven,ETF - Broad Equity,-582907500.0,582907500.0
2025-12-31,Hedge Fund - Event Driven,Energy,18920250.0,316686250.0
2025-12-31,Hedge Fund - Event Driven,Financials,-198905055.31,299101855.31
2025-12-31,Hedge Fund - Event Driven,Health Care,173509500.01535714,174472500.01535714
2025-12-31,Hedge Fund - Event Driven,Industrials,174184200.0,258384200.0
2025-12-31,Hedge Fund - Event Driven,Information Technology,-272432484.0,309732484.0
2025-12-31,Hedge Fund - Event Driven,Materials,-30086692.000000004,30086692.000000004
2025-12-31,Hedge Fund - Event Driven,Real Estate,0.0,0.0
2025-12-31,Hedge Fund - Event Driven,Unclassified,-1064840345.7760636,2202127418.7914925
2025-12-31,Hedge Fund - Global Macro,Communication Services,2481842537.7652707,3693114454.16889
2025-12-31,Hedge Fund - Global Macro,Consumer Discretionary,2645499138.7814937,2771726021.669646
2025-12-31,Hedge Fund - Global Macro,Consumer Staples,658558869.8431041,805075159.7180588
2025-12-31,Hedge Fund - Global Macro,ETF - Broad Equity,18383317623.183407,18401260239.231945
2025-12-31,Hedge Fund - Global Macro,ETF - Commodity,636845240.0,636845240.0
2025-12-31,Hedge Fund - Global Macro,ETF - Fixed Income,119811022.0,119811022.0
2025-12-31,Hedge Fund - Global Macro,ETF - International Equity,659137882.5021008,659137882.5021008
2025-12-31,Hedge Fund - Global Macro,ETF - Sector,2440268265.0,2440268265.0
2025-12-31,Hedge Fund - Global Macro,ETF - Thematic,1545938.0,1545938.0
2025-12-31,Hedge Fund - Global Macro,Energy,1217876578.4521713,1422822187.583102
2025-12-31,Hedge Fund - Global Macro,Financials,2460661121.209803,3755795740.3200727
2025-12-31,Hedge Fund - Global Macro,Health Care,1777200975.819745,2844564253.169901
2025-12-31,Hedge Fund - Global Macro,Industrials,890604888.3771135,1357763718.8577373
2025-12-31,Hedge Fund - Global Macro,Information Technology,7448124622.399171,8227465933.222399
2025-12-31,Hedge Fund - Global Macro,Materials,843799964.9283164,890877464.1279211
2025-12-31,Hedge Fund - Global Macro,Real Estate,574587298.5904579,594518117.4971651
2025-12-31,Hedge Fund - Global Macro,Unclassified,12197846933.010746,16270544623.06226
2025-12-31,Hedge Fund - Global Macro,Utilities,136605316.44180837,148662835.45423114
2025-12-31,Hedge Fund - Long/Short,Communication Services,309376771.40885884,3365570246.4542894
2025-12-31,Hedge Fund - Long/Short,Consumer Discretionary,-677920801.7649504,3998065832.416297
2025-12-31,Hedge Fund - Long/Short,Consumer Staples,-514022921.671246,1326376008.8031
2025-12-31,Hedge Fund - Long/Short,ETF - Broad Equity,-377524206.0,377524206.0
2025-12-31,Hedge Fund - Long/Short,ETF - Commodity,-6355500.0,6355500.0
2025-12-31,Hedge Fund - Long/Short,ETF - Fixed Income,197423927.0,197423927.0
2025-12-31,Hedge Fund - Long/Short,Energy,284426380.5495728,1469160082.9616365
2025-12-31,Hedge Fund - Long/Short,Financials,-1593827097.775187,7389067862.167097
2025-12-31,Hedge Fund - Long/Short,Health Care,-787817269.3616003,4713378242.925045
2025-12-31,Hedge Fund - Long/Short,Industrials,474136489.6192886,1000524800.5335993
2025-12-31,Hedge Fund - Long/Short,Information Technology,1403560461.6925263,2590442861.9533815
2025-12-31,Hedge Fund - Long/Short,Materials,-7470129.446806467,129710694.82557136
2025-12-31,Hedge Fund - Long/Short,Real Estate,300572491.8225545,458621067.95962936
2025-12-31,Hedge Fund - Long/Short,Unclassified,645515451.9189596,20913553702.62804
2025-12-31,Hedge Fund - Long/Short,Utilities,-162599750.11954677,305420402.1195468
2025-12-31,Hedge Fund - Long/Short Growth,Communication Services,253893849.51488173,2988248320.3527703
2025-12-31,Hedge Fund - Long/Short Growth,Consumer Discretionary,-1483079701.3463912,2969681985.6497197
2025-12-31,Hedge Fund - Long/Short Growth,Consumer Staples,-316126585.8982115,316126585.8982115
2025-12-31,Hedge Fund - Long/Short Growth,ETF - Broad Equity,-3247805.1973046144,3247805.1973046144
2025-12-31,Hedge Fund - Long/Short Growth,Energy,65836307.96724783,182474173.96724784
2025-12-31,Hedge Fund - Long/Short Growth,Financials,-318021305.295613,1601666930.8795218
2025-12-31,Hedge Fund - Long/Short Growth,Health Care,237090901.60573527,710936430.5455623
2025-12-31,Hedge Fund - Long/Short Growth,Industrials,0.0,0.0
2025-12-31,Hedge Fund - Long/Short Growth,Information Technology,230597081.87675816,3603243732.0528684
2025-12-31,Hedge Fund - Long/Short Growth,Real Estate,-22626990.0,22626990.0
2025-12-31,Hedge Fund - Long/Short Growth,Unclassified,-895299811.2156496,12552731384.035536
2025-12-31,Hedge Fund - Long/Short Growth,Utilities,-9550001.0,9550001.0
2025-12-31,Hedge Fund - Multi-strategy,Communication Services,15481750932.503609,29397104653.975555
2025-12-31,Hedge Fund - Multi-strategy,Consumer Discretionary,4870621070.010692,29102153353.453705
2025-12-31,Hedge Fund - Multi-strategy,Consumer Staples,6178354869.33206,12389541054.474699
2025-12-31,Hedge Fund - Multi-strategy,ETF - Broad Equity,-15181186627.897367,49443482959.57895
2025-12-31,Hedge Fund - Multi-strategy,ETF - Commodity,1283596176.2811298,5030385679.252601
2025-12-31,Hedge Fund - Multi-strategy,ETF - Fixed Income,-2993055850.975086,9859676071.869167
2025-12-31,Hedge Fund - Multi-strategy,ETF - International Equity,-1699978861.4006224,2780643393.929826
2025-12-31,Hedge Fund - Multi-strategy,ETF - Sector,3247000808.3082366,6352970720.241297
2025-12-31,Hedge Fund - Multi-strategy,ETF - Thematic,-247920086.97173554,412982557.38377
2025-12-31,Hedge Fund - Multi-strategy,Energy,-150891626.8034565,15104646794.630184
2025-12-31,Hedge Fund - Multi-strategy,Financials,-1283682607.3366978,33776853629.35393
2025-12-31,Hedge Fund - Multi-strategy,Health Care,-2158296448.462168,33795722278.313244
2025-12-31,Hedge Fund - Multi-strategy,Industrials,-1717379041.5781581,9868994049.416891
2025-12-31,Hedge Fund - Multi-strategy,Information Technology,2495114577.583432,50323735114.13672
2025-12-31,Hedge Fund - Multi-strategy,Materials,695516052.6438706,5201649580.777291
2025-12-31,Hedge Fund - Multi-strategy,Real Estate,1615559258.9750037,3630380846.2449827
2025-12-31,Hedge Fund - Multi-strategy,Unclassified,4087403535.5502205,202653160532.58914
2025-12-31,Hedge Fund - Multi-strategy,Utilities,-65125415.954543345,1973136444.9616022
2025-12-31,Hedge Fund - Opportunistic,Communication Services,220409647.84470582,333914647.8447058
2025-12-31,Hedge Fund - Opportunistic,Consumer Discretionary,-328511073.16151744,328511073.16151744
2025-12-31,Hedge Fund - Opportunistic,ETF - Broad Equity,181425975.0,183149025.0
2025-12-31,Hedge Fund - Opportunistic,Energy,-82236293.28114319,82236293.28114319
2025-12-31,Hedge Fund - Opportunistic,Financials,-136921300.0,136921300.0
2025-12-31,Hedge Fund - Opportunistic,Health Care,-1155385.0,1155385.0
2025-12-31,Hedge Fund - Opportunistic,Industrials,-46385880.93,48120880.93
2025-12-31,Hedge Fund - Opportunistic,Information Technology,206310760.0,586030340.0
2025-12-31,Hedge Fund - Opportunistic,Unclassified,-314020878.0,909378398.0
2025-12-31,Hedge Fund - Quant,Communication Services,4875958254.376516,14313346805.841099
2025-12-31,Hedge Fund - Quant,Consumer Discretionary,6441783932.020523,19504129425.762688
2025-12-31,Hedge Fund - Quant,Consumer Staples,1809650795.6849813,7753955445.65115
2025-12-31,Hedge Fund - Quant,ETF - Broad Equity,2888787675.5424376,23528696453.011875
2025-12-31,Hedge Fund - Quant,ETF - Commodity,293123487.0957095,1336906682.6315114
2025-12-31,Hedge Fund - Quant,ETF - Fixed Income,-1700524401.014879,2054053924.5849729
2025-12-31,Hedge Fund - Quant,ETF - International Equity,-28591072.34868433,550408765.9151614
2025-12-31,Hedge Fund - Quant,ETF - Sector,-161603669.88259184,3237116993.27321
2025-12-31,Hedge Fund - Quant,ETF - Thematic,52043449.664178036,112624318.08294459
2025-12-31,Hedge Fund - Quant,Energy,555738729.5857841,7592802326.804469
2025-12-31,Hedge Fund - Quant,Financials,2795431330.7489357,22314969607.76829
2025-12-31,Hedge Fund - Quant,Health Care,94974376.14516777,20496019981.111526
2025-12-31,Hedge Fund - Quant,Industrials,1034163426.6739421,7711781687.000453
2025-12-31,Hedge Fund - Quant,Information Technology,-1509314354.3318014,33359586766.680573
2025-12-31,Hedge Fund - Quant,Materials,1848145438.118995,5960413310.598058
2025-12-31,Hedge Fund - Quant,Real Estate,839386470.1417994,2478398103.2928176
2025-12-31,Hedge Fund - Quant,Unclassified,17272698033.419983,132205825031.01956
2025-12-31,Hedge Fund - Quant,Utilities,284923125.5173077,1941890848.63053
2025-12-31,Hedge Fund - Value,Communication Services,18614724.975493502,69752005.0245065
2025-12-31,Hedge Fund - Value,Consumer Discretionary,43460084.86217938,43483659.13782062
2025-12-31,Hedge Fund - Value,Consumer Staples,-80200.45726459057,80200.45726459057
2025-12-31,Hedge Fund - Value,ETF - Commodity,-5998090.36698922,5998090.36698922
2025-12-31,Hedge Fund - Value,Energy,30062640.39474787,39827063.60525213
2025-12-31,Hedge Fund - Value,Financials,32592369.61137703,37490234.38862297
2025-12-31,Hedge Fund - Value,Health Care,19940786.410761308,64920713.687048525
2025-12-31,Hedge Fund - Value,Industrials,-1232087.9505816074,1292716.8589142957
2025-12-31,Hedge Fund - Value,Information Technology,-25000.0,25000.0
2025-12-31,Hedge Fund - Value,Materials,55859949.77630952,55859949.77630952
2025-12-31,Hedge Fund - Value,Real Estate,-1598.679844404772,1598.679844404772
2025-12-31,Hedge Fund - Value,Unclassified,142125655.76627833,353394684.9223786
2025-12-31,Market Maker - Quant,Communication Services,28480233503.917908,36455008905.20559
2025-12-31,Market Maker - Quant,Consumer Discretionary,-12327447442.580622,33860812520.498676
2025-12-31,Market Maker - Quant,Consumer Staples,784144198.8584466,7051230432.611133
2025-12-31,Market Maker - Quant,ETF - Broad Equity,-5379383683.122536,72211883461.50258
2025-12-31,Market Maker - Quant,ETF - Commodity,12335066617.833216,13026028136.816172
2025-12-31,Market Maker - Quant,ETF - Fixed Income,3768123597.073014,9367901666.768154
2025-12-31,Market Maker - Quant,ETF - International Equity,624501873.4191457,4573162100.176941
2025-12-31,Market Maker - Quant,ETF - Sector,4141773999.7146163,8218092902.785993
2025-12-31,Market Maker - Quant,ETF - Thematic,-530049037.6180336,1288673051.594368
2025-12-31,Market Maker - Quant,Energy,-1654422995.1073267,8137227347.322703
2025-12-31,Market Maker - Quant,Financials,4644030130.444035,25488928242.239784
2025-12-31,Market Maker - Quant,Health Care,-3008885346.5557485,19450780448.75289
2025-12-31,Market Maker - Quant,Industrials,-445760613.37429565,6638395203.033176
2025-12-31,Market Maker - Quant,Information Technology,-18475468192.349895,57625611465.104706
2025-12-31,Market Maker - Quant,Materials,127647725.65681642,5120437260.862479
2025-12-31,Market Maker - Quant,Real Estate,62369348.3154936,1123234544.949861
2025-12-31,Market Maker - Quant,Unclassified,-304631789.12105304,119433635991.54852
2025-12-31,Market Maker - Quant,Utilities,-81667864.93310827,961265625.1913222
2025-12-31,Pension Fund,Communication Services,1196135805.8873897,1704820577.5966718
2025-12-31,Pension Fund,Consumer Discretionary,284891863.6685615,710497615.3022048
2025-12-31,Pension Fund,Consumer Staples,14246914.849432036,529227695.1788092
2025-12-31,Pension Fund,ETF - Broad Equity,3529228635.2975287,3529228635.2975287
2025-12-31,Pension Fund,Energy,-220660460.86740342,264236726.13232368
2025-12-31,Pension Fund,Financials,-218090877.68350127,822991460.3641008
2025-12-31,Pension Fund,Health Care,-280798485.9088158,1154660865.8158424
2025-12-31,Pension Fund,Industrials,-491738849.0976666,673051807.3163968
2025-12-31,Pension Fund,Information Technology,3259495315.5461073,5513826136.083175
2025-12-31,Pension Fund,Materials,3192943.8585322895,17922459.771539737
2025-12-31,Pension Fund,Real Estate,15345537.070509166,213700705.8559063
2025-12-31,Pension Fund,Unclassified,-1611798411.9869032,3980315541.46031
2025-12-31,Pension Fund,Utilities,-133293841.0746724,134511923.01852298
2026-03-31,Asset Manager - Active,Communication Services,-1915246060.0866342,19065319641.473995
2026-03-31,Asset Manager - Active,Consumer Discretionary,1784818294.6409383,22487495851.369354
2026-03-31,Asset Manager - Active,Consumer Staples,-153311008.75190115,6264505398.623725
2026-03-31,Asset Manager - Active,ETF - Broad Equity,2656508731.115467,4601921114.932852
2026-03-31,Asset Manager - Active,ETF - Commodity,-652570421.4507881,747712154.5716047
2026-03-31,Asset Manager - Active,ETF - Fixed Income,-14571697.61439055,1030017944.3372031
2026-03-31,Asset Manager - Active,ETF - International Equity,21368617.393105507,574011445.5299412
2026-03-31,Asset Manager - Active,ETF - Sector,36410770.702562936,43182224.52121418
2026-03-31,Asset Manager - Active,ETF - Thematic,1625639.348643452,1796362.2820055154
2026-03-31,Asset Manager - Active,Energy,3953493321.623951,20416303522.41401
2026-03-31,Asset Manager - Active,Financials,-16480823451.079302,44016188709.789566
2026-03-31,Asset Manager - Active,Health Care,-2884252792.9884257,29979648072.42219
2026-03-31,Asset Manager - Active,Industrials,1072292015.095334,12478909340.60452
2026-03-31,Asset Manager - Active,Information Technology,-3241170223.573033,37737694825.17724
2026-03-31,Asset Manager - Active,Materials,-518821958.69150835,3224997637.865263
2026-03-31,Asset Manager - Active,Real Estate,733611879.3943932,2753102882.950688
2026-03-31,Asset Manager - Active,Unclassified,11081095418.867233,180127446881.90112
2026-03-31,Asset Manager - Active,Utilities,-466243794.55991054,1867048607.1203535
2026-03-31,Asset Manager - Growth,Communication Services,-1782573437.6040957,1805402250.867786
2026-03-31,Asset Manager - Growth,Consumer Discretionary,-1400908752.1493757,1559018634.2335708
2026-03-31,Asset Manager - Growth,Consumer Staples,221127459.45837736,312412154.6623705
2026-03-31,Asset Manager - Growth,ETF - International Equity,34063.0,34063.0
2026-03-31,Asset Manager - Growth,Energy,779579854.7049531,820412372.7153132
2026-03-31,Asset Manager - Growth,Financials,-421023847.36920416,652345694.2649212
2026-03-31,Asset Manager - Growth,Health Care,-382523723.6675854,617560460.5613164
2026-03-31,Asset Manager - Growth,Industrials,-49696331.49336392,49696331.49336392
2026-03-31,Asset Manager - Growth,Information Technology,-1983566153.769396,2328090567.830674
2026-03-31,Asset Manager - Growth,Materials,173449321.72556424,295873360.92337465
2026-03-31,Asset Manager - Growth,Real Estate,-3286911.4935663897,3307095.0125456247
2026-03-31,Asset Manager - Growth,Unclassified,69127292.21398449,6391927292.004618
2026-03-31,Asset Manager - Growth,Utilities,-13459866.755024508,13459866.755024508
2026-03-31,Asset Manager - Index,Communication Services,-3465549429.783104,5653718930.96351
2026-03-31,Asset Manager - Index,Consumer Discretionary,-472123697.43729746,1696152727.3473787
2026-03-31,Asset Manager - Index,Consumer Staples,-13766901.199500902,827231831.720252
2026-03-31,Asset Manager - Index,ETF - Broad Equity,133587680.33116072,909543822.0235178
2026-03-31,Asset Manager - Index,ETF - Commodity,25204989.32665017,27436689.32665017
2026-03-31,Asset Manager - Index,ETF - Fixed Income,-29646587.847519986,61034471.31650846
2026-03-31,Asset Manager - Index,ETF - International Equity,45064202.4024882,152401695.63369673
2026-03-31,Asset Manager - Index,ETF - Sector,122026730.636249,307398351.8065734
2026-03-31,Asset Manager - Index,Energy,6522643073.351878,6974410579.241559
2026-03-31,Asset Manager - Index,Financials,-1346870202.2056286,6484922613.223744
2026-03-31,Asset Manager - Index,Health Care,179530705.12810466,2698713403.479462
2026-03-31,Asset Manager - Index,Industrials,-488737720.2379917,1811566454.6548386
2026-03-31,Asset Manager - Index,Information Technology,244464805.75754488,5240630883.752463
2026-03-31,Asset Manager - Index,Materials,550117686.4708775,811894835.2744122
2026-03-31,Asset Manager - Index,Real Estate,-436059845.04754424,1205807094.9673266
2026-03-31,Asset Manager - Index,Unclassified,11894984344.588305,32759128011.353954
2026-03-31,Asset Manager - Index,Utilities,452064374.9755929,585477793.1697358
2026-03-31,Asset Manager - Index/Active,Communication Services,-216014757.66124326,8256317603.132694
2026-03-31,Asset Manager - Index/Active,Consumer Discretionary,1578745504.4210858,6216727507.545917
2026-03-31,Asset Manager - Index/Active,Consumer Staples,1440664485.2347848,4560271936.423572
2026-03-31,Asset Manager - Index/Active,ETF - Broad Equity,280063981.01591855,21083182937.922153
2026-03-31,Asset Manager - Index/Active,ETF - Commodity,448953006.387422,3170983827.7595687
2026-03-31,Asset Manager - Index/Active,ETF - Fixed Income,2448048772.1214414,4373742323.580796
2026-03-31,Asset Manager - Index/Active,ETF - International Equity,1285879705.5292754,2129411992.4137354
2026-03-31,Asset Manager - Index/Active,ETF - Sector,120292326.85569184,290271191.654
2026-03-31,Asset Manager - Index/Active,ETF - Thematic,179421.48206484207,220827.22673792136
2026-03-31,Asset Manager - Index/Active,Energy,6831274802.055878,9713545496.866282
2026-03-31,Asset Manager - Index/Active,Financials,-2972574293.2654505,18359567647.509758
2026-03-31,Asset Manager - Index/Active,Health Care,642524759.086055,10964899951.133131
2026-03-31,Asset Manager - Index/Active,Industrials,461345944.22215176,6295046918.259932
2026-03-31,Asset Manager - Index/Active,Information Technology,-4790152843.920309,26519024169.27715
2026-03-31,Asset Manager - Index/Active,Materials,1736654216.1996562,3428310415.021089
2026-03-31,Asset Manager - Index/Active,Real Estate,456447428.6990321,2674845838.490107
2026-03-31,Asset Manager - Index/Active,Unclassified,18280942272.849747,91198505489.46841
2026-03-31,Asset Manager - Index/Active,Utilities,563986915.5588692,1282688354.9750094
2026-03-31,Asset Manager - Value,Communication Services,-667919829.9747522,2936703077.9431987
2026-03-31,Asset Manager - Value,Consumer Discretionary,1514479723.1107948,2230417933.156924
2026-03-31,Asset Manager - Value,Consumer Staples,-185753122.7579218,308797786.2554102
2026-03-31,Asset Manager - Value,ETF - Broad Equity,-1750586.264953448,5901509.158063659
2026-03-31,Asset Manager - Value,ETF - Fixed Income,5221.0,5221.0
2026-03-31,Asset Manager - Value,Energy,-3221676370.5522795,3222105260.5522795
2026-03-31,Asset Manager - Value,Financials,1849137705.0573688,4970463844.690755
2026-03-31,Asset Manager - Value,Health Care,-1227308368.8280482,3440146321.080044
2026-03-31,Asset Manager - Value,Industrials,-3444463548.5197916,3505568847.6734653
2026-03-31,Asset Manager - Value,Information Technology,3835456253.675741,3858770825.501601
2026-03-31,Asset Manager - Value,Materials,0.0,0.0
2026-03-31,Asset Manager - Value,Real Estate,-8910876.849118568,8910876.849118568
2026-03-31,Asset Manager - Value,Unclassified,1854499400.9634004,20982103741.04121
2026-03-31,Asset Manager - Value,Utilities,-79002571.41379213,79002571.41379213
2026-03-31,Conglomerate / Long-only Value,Communication Services,10977873123.440525,12015507065.440525
2026-03-31,Conglomerate / Long-only Value,Consumer Discretionary,-2354180812.130428,2893220715.869572
2026-03-31,Conglomerate / Long-only Value,Consumer Staples,-1855066500.0,1855066500.0
2026-03-31,Conglomerate / Long-only Value,Energy,-9471986691.18297,9471986691.18297
2026-03-31,Conglomerate / Long-only Value,Financials,-5364898545.751787,5364898545.751787
2026-03-31,Conglomerate / Long-only Value,Health Care,-1918502263.2192843,1918502263.2192843
2026-03-31,Conglomerate / Long-only Value,Industrials,2319733728.0,2973331542.0
2026-03-31,Conglomerate / Long-only Value,Information Technology,0.0,0.0
2026-03-31,Conglomerate / Long-only Value,Materials,-422863973.7200187,422863973.7200187
2026-03-31,Conglomerate / Long-only Value,Unclassified,-731407056.258931,2529464001.717927
2026-03-31,Family Office - Macro,Communication Services,-51854802.699657276,187757958.20429885
2026-03-31,Family Office - Macro,Consumer Discretionary,-18782340.47112749,316385964.66707665
2026-03-31,Family Office - Macro,Consumer Staples,34956254.70832231,36394069.058651656
2026-03-31,Family Office - Macro,ETF - Broad Equity,545982435.1773578,804715980.8226422
2026-03-31,Family Office - Macro,ETF - Commodity,20737.0,20737.0
2026-03-31,Family Office - Macro,ETF - Fixed Income,22069800.0,22069800.0
2026-03-31,Family Office - Macro,ETF - International Equity,-49376.0,49376.0
2026-03-31,Family Office - Macro,ETF - Sector,65052839.555012226,95276832.44498777
2026-03-31,Family Office - Macro,Energy,-29970289.70610765,139585444.80837342
2026-03-31,Family Office - Macro,Financials,180480788.82186645,580672275.6269745
2026-03-31,Family Office - Macro,Health Care,-77012689.48353589,114811601.45135884
2026-03-31,Family Office - Macro,Industrials,68533545.03087503,76954823.49449
2026-03-31,Family Office - Macro,Information Technology,293913899.19967204,628814020.652476
2026-03-31,Family Office - Macro,Materials,-84685016.25381295,84685369.31576975
2026-03-31,Family Office - Macro,Real Estate,10303105.0,24009831.0
2026-03-31,Family Office - Macro,Unclassified,-515761906.1555965,4857229387.2172785
2026-03-31,Family Office - Macro,Utilities,63422299.99999999,63422299.99999999
2026-03-31,Foundation / Endowment,Consumer Discretionary,0.0,0.0
2026-03-31,Foundation / Endowment,Consumer Staples,0.0,0.0
2026-03-31,Foundation / Endowment,Financials,-1130174032.027668,1130174032.027668
2026-03-31,Foundation / Endowment,Health Care,0.0,0.0
2026-03-31,Foundation / Endowment,Industrials,0.0,0.0
2026-03-31,Foundation / Endowment,Information Technology,-3719621529.0,3719621529.0
2026-03-31,Foundation / Endowment,Unclassified,-296888680.0112176,296888680.0112176
2026-03-31,Hedge Fund - Activist,Communication Services,-2132280654.160189,2479961124.1601887
2026-03-31,Hedge Fund - Activist,Consumer Discretionary,-361831505.5919972,1623153062.413866
2026-03-31,Hedge Fund - Activist,Consumer Staples,-137325340.0,137325340.0
2026-03-31,Hedge Fund - Activist,ETF - Broad Equity,-1905926385.9681683,2237664508.0318317
2026-03-31,Hedge Fund - Activist,ETF - Fixed Income,94406000.0,707194000.0
2026-03-31,Hedge Fund - Activist,ETF - Sector,-1137048800.0,2074276800.0
2026-03-31,Hedge Fund - Activist,Energy,-455778032.9405161,509679911.0594839
2026-03-31,Hedge Fund - Activist,Financials,494627926.6656128,502472784.6656128
2026-03-31,Hedge Fund - Activist,Health Care,-98180673.39043581,98180673.39043581
2026-03-31,Hedge Fund - Activist,Industrials,-17907908.589750696,17907908.589750696
2026-03-31,Hedge Fund - Activist,Information Technology,1315227800.9925404,3050922305.0074596
2026-03-31,Hedge Fund - Activist,Materials,-6597341.521490671,32799341.52149067
2026-03-31,Hedge Fund - Activist,Real Estate,0.0,0.0
2026-03-31,Hedge Fund - Activist,Unclassified,-3963154222.4188886,6982500270.895682
2026-03-31,Hedge Fund - Activist,Utilities,0.0,0.0
2026-03-31,Hedge Fund - Event Driven,Communication Services,-148418900.0,352048300.0
2026-03-31,Hedge Fund - Event Driven,Consumer Discretionary,-594097300.0,594097300.0
2026-03-31,Hedge Fund - Event Driven,ETF - Broad Equity,15336000.0,15336000.0
2026-03-31,Hedge Fund - Event Driven,ETF - Commodity,40877550.0,40877550.0
2026-03-31,Hedge Fund - Event Driven,Energy,-167803250.0,167803250.0
2026-03-31,Hedge Fund - Event Driven,Financials,-407387900.0,407387900.0
2026-03-31,Hedge Fund - Event Driven,Health Care,-45625000.0,45625000.0
2026-03-31,Hedge Fund - Event Driven,Industrials,-414880200.0,414880200.0
2026-03-31,Hedge Fund - Event Driven,Information Technology,-951217040.0,1013867960.0
2026-03-31,Hedge Fund - Event Driven,Real Estate,67467394.88216227,67467394.88216227
2026-03-31,Hedge Fund - Event Driven,Unclassified,-2666363751.221765,2900850285.298801
2026-03-31,Hedge Fund - Global Macro,Communication Services,-593114023.4270636,2326765023.9398417
2026-03-31,Hedge Fund - Global Macro,Consumer Discretionary,716592545.53975,3298433565.513112
2026-03-31,Hedge Fund - Global Macro,Consumer Staples,-350137000.9851464,877354543.0135306
2026-03-31,Hedge Fund - Global Macro,ETF - Broad Equity,-2599883416.972202,8079525160.585334
2026-03-31,Hedge Fund - Global Macro,ETF - Commodity,895388337.231271,1143594310.6931016
2026-03-31,Hedge Fund - Global Macro,ETF - Fixed Income,246445113.90697694,396377367.26681864
2026-03-31,Hedge Fund - Global Macro,ETF - International Equity,164108108.86818534,339645648.6743882
2026-03-31,Hedge Fund - Global Macro,ETF - Sector,35677788.839568846,952370804.786961
2026-03-31,Hedge Fund - Global Macro,ETF - Thematic,5213062.0,8304938.0
2026-03-31,Hedge Fund - Global Macro,Energy,219775524.96703547,2225894665.472574
2026-03-31,Hedge Fund - Global Macro,Financials,-684777047.591098,4305747624.06623
2026-03-31,Hedge Fund - Global Macro,Health Care,-363031104.56131995,2326164843.4473953
2026-03-31,Hedge Fund - Global Macro,Industrials,-6199931.588920198,1331844610.5261405
2026-03-31,Hedge Fund - Global Macro,Information Technology,292200031.30786866,6310978607.771416
2026-03-31,Hedge Fund - Global Macro,Materials,438444021.55098784,1043270802.1674191
2026-03-31,Hedge Fund - Global Macro,Real Estate,147340104.90542558,761805829.9781729
2026-03-31,Hedge Fund - Global Macro,Unclassified,-2172891624.96094,18199361842.76819
2026-03-31,Hedge Fund - Global Macro,Utilities,78362727.49506485,224990914.05138823
2026-03-31,Hedge Fund - Long/Short,Communication Services,552247906.1480643,1683488554.951437
2026-03-31,Hedge Fund - Long/Short,Consumer Discretionary,-313448212.5598265,2959117377.7177286
2026-03-31,Hedge Fund - Long/Short,Consumer Staples,-658081406.906596,814442659.4417008
2026-03-31,Hedge Fund - Long/Short,ETF - Broad Equity,283051023.0,283051023.0
2026-03-31,Hedge Fund - Long/Short,ETF - Fixed Income,-197423927.0,197423927.0
2026-03-31,Hedge Fund - Long/Short,Energy,-377688002.47869766,1705619128.8193512
2026-03-31,Hedge Fund - Long/Short,Financials,1123791173.2593656,5336143573.945226
2026-03-31,Hedge Fund - Long/Short,Health Care,252445209.7577332,4360660171.27523
2026-03-31,Hedge Fund - Long/Short,Industrials,-499196369.0445328,1141622054.814248
2026-03-31,Hedge Fund - Long/Short,Information Technology,-675087815.7387414,3882679686.0005093
2026-03-31,Hedge Fund - Long/Short,Materials,25058340.128803346,192024853.87119666
2026-03-31,Hedge Fund - Long/Short,Real Estate,-94265148.7555367,176838580.9882574
2026-03-31,Hedge Fund - Long/Short,Unclassified,-203803823.053258,21297920821.15035
2026-03-31,Hedge Fund - Long/Short,Utilities,31880934.94428362,308864809.0557164
2026-03-31,Hedge Fund - Long/Short Growth,Communication Services,-2887424024.3580775,3884290059.652769
2026-03-31,Hedge Fund - Long/Short Growth,Consumer Discretionary,-1708023217.5454588,2508465919.1247745
2026-03-31,Hedge Fund - Long/Short Growth,Consumer Staples,266767918.0,1114828062.0
2026-03-31,Hedge Fund - Long/Short Growth,ETF - Broad Equity,0.0,0.0
2026-03-31,Hedge Fund - Long/Short Growth,Energy,-148574354.63387686,608654699.0037062
2026-03-31,Hedge Fund - Long/Short Growth,Financials,-1132486287.6931078,1857832656.5428643
2026-03-31,Hedge Fund - Long/Short Growth,Health Care,2428074.1537272595,219731059.13288233
2026-03-31,Hedge Fund - Long/Short Growth,Industrials,171407751.71088436,171407751.71088436
2026-03-31,Hedge Fund - Long/Short Growth,Information Technology,-3998098493.5982275,9599583170.068722
2026-03-31,Hedge Fund - Long/Short Growth,Real Estate,1101688076.0,1101688076.0
2026-03-31,Hedge Fund - Long/Short Growth,Unclassified,-3641065742.3617043,13585956362.572615
2026-03-31,Hedge Fund - Multi-strategy,Communication Services,-114729272.20233954,21486980036.97396
2026-03-31,Hedge Fund - Multi-strategy,Consumer Discretionary,-5631166719.439771,27745832003.094646
2026-03-31,Hedge Fund - Multi-strategy,Consumer Staples,-5832037705.61477,17484943837.431915
2026-03-31,Hedge Fund - Multi-strategy,ETF - Broad Equity,3236542894.7735596,41345494744.58012
2026-03-31,Hedge Fund - Multi-strategy,ETF - Commodity,3750814328.424756,6849450675.763643
2026-03-31,Hedge Fund - Multi-strategy,ETF - Fixed Income,1542825744.6564405,4468183382.990671
2026-03-31,Hedge Fund - Multi-strategy,ETF - International Equity,553831279.151881,3412930225.341434
2026-03-31,Hedge Fund - Multi-strategy,ETF - Sector,2548862957.685242,9561456701.939787
2026-03-31,Hedge Fund - Multi-strategy,ETF - Thematic,-167033270.28197938,298121784.547308
2026-03-31,Hedge Fund - Multi-strategy,Energy,952717352.4519528,20017161771.64208
2026-03-31,Hedge Fund - Multi-strategy,Financials,2866422265.5063486,36233058820.290405
2026-03-31,Hedge Fund - Multi-strategy,Health Care,-7108962320.226382,28486495854.007114
2026-03-31,Hedge Fund - Multi-strategy,Industrials,1725351209.598088,10227149783.535442
2026-03-31,Hedge Fund - Multi-strategy,Information Technology,-7088818744.633989,51587229993.24691
2026-03-31,Hedge Fund - Multi-strategy,Materials,-2454607819.9206443,6772327037.001344
2026-03-31,Hedge Fund - Multi-strategy,Real Estate,-973992893.6091847,3793875307.4845977
2026-03-31,Hedge Fund - Multi-strategy,Unclassified,-9553284750.71707,207738802902.31674
2026-03-31,Hedge Fund - Multi-strategy,Utilities,460672174.6187348,1481315361.6734002
2026-03-31,Hedge Fund - Opportunistic,Communication Services,-109099959.66,109099959.66
2026-03-31,Hedge Fund - Opportunistic,Consumer Discretionary,62196212.95000002,829453059.91
2026-03-31,Hedge Fund - Opportunistic,ETF - Broad Equity,22939875.0,106220625.0
2026-03-31,Hedge Fund - Opportunistic,Energy,1929841.1913957205,25673666.581672505
2026-03-31,Hedge Fund - Opportunistic,Health Care,-29764899.999999996,29764899.999999996
2026-03-31,Hedge Fund - Opportunistic,Industrials,258998849.88314658,385885249.8831466
2026-03-31,Hedge Fund - Opportunistic,Information Technology,-261971730.67850816,506949180.67850816
2026-03-31,Hedge Fund - Opportunistic,Unclassified,-622192155.0866325,1329576108.675424
2026-03-31,Hedge Fund - Quant,Communication Services,1521161886.3366587,18865049986.30491
2026-03-31,Hedge Fund - Quant,Consumer Discretionary,2948949122.3758626,22764815012.59877
2026-03-31,Hedge Fund - Quant,Consumer Staples,-2819662876.707869,10476194448.149681
2026-03-31,Hedge Fund - Quant,ETF - Broad Equity,-4084183755.662455,24496889288.849117
2026-03-31,Hedge Fund - Quant,ETF - Commodity,183828169.52036214,913758937.1772684
2026-03-31,Hedge Fund - Quant,ETF - Fixed Income,129675994.230612,544296875.71112
2026-03-31,Hedge Fund - Quant,ETF - International Equity,261897269.56953794,564346365.0664979
2026-03-31,Hedge Fund - Quant,ETF - Sector,477195956.9756236,2378301707.328865
2026-03-31,Hedge Fund - Quant,ETF - Thematic,930874.3180905022,109534224.73521125
2026-03-31,Hedge Fund - Quant,Energy,3510729601.605796,13972143498.614025
2026-03-31,Hedge Fund - Quant,Financials,11478702470.637785,31632403390.49189
2026-03-31,Hedge Fund - Quant,Health Care,2916696258.42863,21873127386.015182
2026-03-31,Hedge Fund - Quant,Industrials,1424285470.3781664,9163053549.568985
2026-03-31,Hedge Fund - Quant,Information Technology,12203869152.211271,42677629413.1959
2026-03-31,Hedge Fund - Quant,Materials,2047620211.4703155,6004496634.404054
2026-03-31,Hedge Fund - Quant,Real Estate,489300754.9825959,2625682500.29847
2026-03-31,Hedge Fund - Quant,Unclassified,37706862416.76562,154531906608.79947
2026-03-31,Hedge Fund - Quant,Utilities,637163042.2927742,2087379483.1115875
2026-03-31,Hedge Fund - Value,Communication Services,110294402.06826909,198661132.06826907
2026-03-31,Hedge Fund - Value,Consumer Discretionary,-21580338.88916077,22131542.539966833
2026-03-31,Hedge Fund - Value,Consumer Staples,-273881.0,273881.0
2026-03-31,Hedge Fund - Value,ETF - Commodity,-36100694.36466856,36100694.36466856
2026-03-31,Hedge Fund - Value,Energy,-34103810.35518259,34103810.35518259
2026-03-31,Hedge Fund - Value,Financials,-32443348.837566003,38855304.837566
2026-03-31,Hedge Fund - Value,Health Care,27601894.24480984,39437940.49769185
2026-03-31,Hedge Fund - Value,Industrials,-17385528.14699853,17385528.14699853
2026-03-31,Hedge Fund - Value,Materials,6807607.78494788,6807607.78494788
2026-03-31,Hedge Fund - Value,Real Estate,49336.635605593256,49336.635605593256
2026-03-31,Hedge Fund - Value,Unclassified,228330433.51977754,747069953.797622
2026-03-31,Market Maker - Quant,Communication Services,39102735.4359816,25859014535.014877
2026-03-31,Market Maker - Quant,Consumer Discretionary,5193793124.771619,30136701946.782753
2026-03-31,Market Maker - Quant,Consumer Staples,-2547409169.282434,10810750829.700344
2026-03-31,Market Maker - Quant,ETF - Broad Equity,115847452943.77809,134533356617.77757
2026-03-31,Market Maker - Quant,ETF - Commodity,14650763920.23277,21424976188.9962
2026-03-31,Market Maker - Quant,ETF - Fixed Income,2537089811.2844315,9052771877.252905
2026-03-31,Market Maker - Quant,ETF - International Equity,1823757141.0444853,5671435184.3240795
2026-03-31,Market Maker - Quant,ETF - Sector,3057103930.6330404,7546147448.198458
2026-03-31,Market Maker - Quant,ETF - Thematic,13322619.109681834,937096029.4516562
2026-03-31,Market Maker - Quant,Energy,5649561027.642766,13687688361.49897
2026-03-31,Market Maker - Quant,Financials,3145291650.749407,24965244787.93944
2026-03-31,Market Maker - Quant,Health Care,-7436088022.539768,20584556682.495735
2026-03-31,Market Maker - Quant,Industrials,3180231703.789463,8981909638.846382
2026-03-31,Market Maker - Quant,Information Technology,41059328235.40445,87203972124.54341
2026-03-31,Market Maker - Quant,Materials,-712321050.0193065,6082667150.153888
2026-03-31,Market Maker - Quant,Real Estate,559914821.2429613,1599235123.4880116
2026-03-31,Market Maker - Quant,Unclassified,30112487879.407097,142048854654.7671
2026-03-31,Market Maker - Quant,Utilities,243854532.94773036,947322363.650066
2026-03-31,Pension Fund,Communication Services,-1322053191.0843246,1464625646.4477053
2026-03-31,Pension Fund,Consumer Discretionary,169683753.74033135,1057473433.4685687
2026-03-31,Pension Fund,Consumer Staples,-713782680.6243528,854093593.3785498
2026-03-31,Pension Fund,ETF - Broad Equity,2052401016.972586,2052401016.972586
2026-03-31,Pension Fund,Energy,-85708380.00778358,406783789.548467
2026-03-31,Pension Fund,Financials,-735402867.4914469,1681544958.1462102
2026-03-31,Pension Fund,Health Care,-1219785589.2466366,1641001755.6825442
2026-03-31,Pension Fund,Industrials,64474493.48883508,262562492.32788098
2026-03-31,Pension Fund,Information Technology,-1083234524.41011,3391278476.592218
2026-03-31,Pension Fund,Materials,54571765.458023444,70524682.7545718
2026-03-31,Pension Fund,Real Estate,-171739719.7576371,178961654.87066278
2026-03-31,Pension Fund,Unclassified,-1330714108.0665076,4771645702.537884
2026-03-31,Pension Fund,Utilities,-125914690.38660596,132096464.56204091
2026-06-30,Asset Manager - Active,Communication Services,-9456554136.515152,40069558267.90268
2026-06-30,Asset Manager - Active,Consumer Discretionary,3727193990.252001,20948061302.630005
2026-06-30,Asset Manager - Active,Consumer Staples,-950146823.6152674,6703657867.659932
2026-06-30,Asset Manager - Active,ETF - Broad Equity,6105701365.030472,11692615211.663746
2026-06-30,Asset Manager - Active,ETF - Commodity,-108087043.25741836,120025780.05893722
2026-06-30,Asset Manager - Active,ETF - Fixed Income,350190301.4098662,841278490.3366737
2026-06-30,Asset Manager - Active,ETF - International Equity,399705807.9495326,560536829.0158423
2026-06-30,Asset Manager - Active,ETF - Sector,-1970611.7408942953,111607743.08004497
2026-06-30,Asset Manager - Active,ETF - Thematic,-1389801.4220201103,3104797.504761216
2026-06-30,Asset Manager - Active,Energy,47491439255.49008,70622128463.41574
2026-06-30,Asset Manager - Active,Financials,-7975174145.408666,33278064019.34146
2026-06-30,Asset Manager - Active,Health Care,8637890980.962078,49324650603.65967
2026-06-30,Asset Manager - Active,Industrials,3526319556.501286,18471803949.20662
2026-06-30,Asset Manager - Active,Information Technology,31439535261.74355,86872522293.02896
2026-06-30,Asset Manager - Active,Materials,1178656027.5662038,3537168524.8229527
2026-06-30,Asset Manager - Active,Real Estate,-310027832.14890635,2257147192.8453674
2026-06-30,Asset Manager - Active,Unclassified,-23116417158.413467,238982483817.4494
2026-06-30,Asset Manager - Active,Utilities,-309914098.880651,1109733808.6219928
2026-06-30,Asset Manager - Growth,Communication Services,-908274261.8037922,1524038496.4273567
2026-06-30,Asset Manager - Growth,Consumer Discretionary,-1842581558.8901577,1859687045.502676
2026-06-30,Asset Manager - Growth,Consumer Staples,5588951.283380108,107754387.22047326
2026-06-30,Asset Manager - Growth,ETF - International Equity,-12952.899696048633,12952.899696048633
2026-06-30,Asset Manager - Growth,Energy,8878293645.460413,9206255972.93074
2026-06-30,Asset Manager - Growth,Financials,535114065.9300821,1466493839.7556605
2026-06-30,Asset Manager - Growth,Health Care,-1394479657.8087177,1935134810.720975
2026-06-30,Asset Manager - Growth,Industrials,-66905778.73435092,76438007.69408076
2026-06-30,Asset Manager - Growth,Information Technology,-215302865.00679478,2277750792.2995486
2026-06-30,Asset Manager - Growth,Materials,114547205.50042039,269884261.7805871
2026-06-30,Asset Manager - Growth,Real Estate,-7121444.092613184,7121444.092613184
2026-06-30,Asset Manager - Growth,Unclassified,-558615324.6004317,6940737659.824448
2026-06-30,Asset Manager - Growth,Utilities,-6873162.184779571,6873162.184779571
2026-06-30,Asset Manager - Index,Communication Services,9183386080.404154,11267247604.082897
2026-06-30,Asset Manager - Index,Consumer Discretionary,10666681911.495243,11424507129.8059
2026-06-30,Asset Manager - Index,Consumer Staples,183494204.38247925,1742520076.7832532
2026-06-30,Asset Manager - Index,ETF - Broad Equity,20417178.45533073,1679677663.6430268
2026-06-30,Asset Manager - Index,ETF - Commodity,-41455094.63931409,41455094.63931409
2026-06-30,Asset Manager - Index,ETF - Fixed Income,-631953645.5311111,673672250.6139208
2026-06-30,Asset Manager - Index,ETF - International Equity,-102676093.6793393,167053239.32038733
2026-06-30,Asset Manager - Index,ETF - Sector,-53080707.94335309,453275947.3177732
2026-06-30,Asset Manager - Index,Energy,-1125218505.0597003,7943092101.371735
2026-06-30,Asset Manager - Index,Financials,4088051546.56191,6417200790.554888
2026-06-30,Asset Manager - Index,Health Care,5348512467.0817,6531202632.168981
2026-06-30,Asset Manager - Index,Industrials,-4968370883.387277,10627644885.068827
2026-06-30,Asset Manager - Index,Information Technology,13911478863.147394,22009775785.340668
2026-06-30,Asset Manager - Index,Materials,684440026.4556457,1114045970.0328062
2026-06-30,Asset Manager - Index,Real Estate,-135489569.39579365,894067655.1514729
2026-06-30,Asset Manager - Index,Unclassified,45738048246.926346,70744164669.39156
2026-06-30,Asset Manager - Index,Utilities,428125550.52054775,664391832.2121933
2026-06-30,Asset Manager - Index/Active,Communication Services,11624517445.463,13151676297.558645
2026-06-30,Asset Manager - Index/Active,Consumer Discretionary,19196765140.1995,26873042798.543613
2026-06-30,Asset Manager - Index/Active,Consumer Staples,-729041266.5776085,4472428070.939126
2026-06-30,Asset Manager - Index/Active,ETF - Broad Equity,2616072076.747122,22600717465.081028
2026-06-30,Asset Manager - Index/Active,ETF - Commodity,-3173872994.354975,4482765155.700907
2026-06-30,Asset Manager - Index/Active,ETF - Fixed Income,-555110834.1831212,2362753308.9097686
2026-06-30,Asset Manager - Index/Active,ETF - International Equity,1007556559.4226236,1760990880.6591742
2026-06-30,Asset Manager - Index/Active,ETF - Sector,-422168754.82911867,649045573.649632
2026-06-30,Asset Manager - Index/Active,ETF - Thematic,2875748.947571877,2943291.052428122
2026-06-30,Asset Manager - Index/Active,Energy,12695121798.795078,27545339338.073524
2026-06-30,Asset Manager - Index/Active,Financials,-918575683.1851126,15285189130.951382
2026-06-30,Asset Manager - Index/Active,Health Care,12507675076.385649,21067934406.662994
2026-06-30,Asset Manager - Index/Active,Industrials,1001642749.8150318,27857538099.387688
2026-06-30,Asset Manager - Index/Active,Information Technology,20211553399.377422,42913957783.38155
2026-06-30,Asset Manager - Index/Active,Materials,667737102.5155832,3219020697.40688
2026-06-30,Asset Manager - Index/Active,Real Estate,1304817080.4389462,3413146513.733399
2026-06-30,Asset Manager - Index/Active,Unclassified,82659618537.82877,176851259866.83417
2026-06-30,Asset Manager - Index/Active,Utilities,1290884758.2505758,2263139333.550283
2026-06-30,Asset Manager - Value,Communication Services,-1182977760.1228247,4174376216.847623
2026-06-30,Asset Manager - Value,Consumer Discretionary,5026921036.041274,5241566543.744601
2026-06-30,Asset Manager - Value,Consumer Staples,26338540.117352724,111520557.36135055
2026-06-30,Asset Manager - Value,ETF - Broad Equity,-3153842.437814352,5273998.166288156
2026-06-30,Asset Manager - Value,ETF - Fixed Income,-5221.0,5221.0
2026-06-30,Asset Manager - Value,Energy,-3133161544.2444954,3133161544.2444954
2026-06-30,Asset Manager - Value,Financials,2181146719.7742233,7649781275.486662
2026-06-30,Asset Manager - Value,Health Care,1487619466.3044171,3637381271.9179006
2026-06-30,Asset Manager - Value,Industrials,-553445891.0611374,2792572258.003323
2026-06-30,Asset Manager - Value,Information Technology,1664426395.8765557,1733201861.0953894
2026-06-30,Asset Manager - Value,Materials,-16388.637371077464,16388.637371077464
2026-06-30,Asset Manager - Value,Real Estate,14025970.350291055,14025970.350291055
2026-06-30,Asset Manager - Value,Unclassified,-2260746690.450793,12686216234.83813
2026-06-30,Asset Manager - Value,Utilities,-9010980.80339691,9010980.80339691
2026-06-30,Conglomerate / Long-only Value,Communication Services,17110074055.630903,17110074055.630903
2026-06-30,Conglomerate / Long-only Value,Consumer Discretionary,278504668.41513914,278504668.41513914
2026-06-30,Conglomerate / Long-only Value,Consumer Staples,-705763500.0,705763500.0
2026-06-30,Conglomerate / Long-only Value,Energy,0.0,0.0
2026-06-30,Conglomerate / Long-only Value,Financials,-2646986947.018761,2646986947.018761
2026-06-30,Conglomerate / Long-only Value,Health Care,-271509252.46647793,271509252.46647793
2026-06-30,Conglomerate / Long-only Value,Industrials,1640037551.04,1640037551.04
2026-06-30,Conglomerate / Long-only Value,Information Technology,0.0,0.0
2026-06-30,Conglomerate / Long-only Value,Materials,-456486698.25,456486698.25
2026-06-30,Conglomerate / Long-only Value,Unclassified,140210102.57405794,140210102.57405794
2026-06-30,Family Office - Macro,Communication Services,22425592.62404855,178672220.95660165
2026-06-30,Family Office - Macro,Consumer Discretionary,-135368107.38280407,360720042.9588056
2026-06-30,Family Office - Macro,Consumer Staples,-268727.21792149724,268727.21792149724
2026-06-30,Family Office - Macro,ETF - Broad Equity,-831367824.7712785,831550311.4318845
2026-06-30,Family Office - Macro,ETF - Commodity,-20737.0,20737.0
2026-06-30,Family Office - Macro,ETF - Fixed Income,-21568302.815300453,22571297.184699547
2026-06-30,Family Office - Macro,ETF - Sector,-156589524.0,156589524.0
2026-06-30,Family Office - Macro,Energy,134825388.36295834,149405243.23939756
2026-06-30,Family Office - Macro,Financials,21422005.2312078,255321031.48822278
2026-06-30,Family Office - Macro,Health Care,76630562.7483087,156529559.14159077
2026-06-30,Family Office - Macro,Industrials,-27637899.71825498,182280799.71825498
2026-06-30,Family Office - Macro,Information Technology,209625434.90733066,649180998.7422415
2026-06-30,Family Office - Macro,Materials,3462211.0701121404,4373553.070112141
2026-06-30,Family Office - Macro,Real Estate,36169099.0,70482035.0
2026-06-30,Family Office - Macro,Unclassified,-1113157189.8075237,3472856133.484037
2026-06-30,Family Office - Macro,Utilities,115650752.7119989,115650752.7119989
2026-06-30,Foundation / Endowment,Consumer Discretionary,352680000.0,352680000.0
2026-06-30,Foundation / Endowment,Consumer Staples,0.0,0.0
2026-06-30,Foundation / Endowment,Financials,-1180149799.374312,1180149799.374312
2026-06-30,Foundation / Endowment,Health Care,0.0,0.0
2026-06-30,Foundation / Endowment,Industrials,0.0,0.0
2026-06-30,Foundation / Endowment,Unclassified,-25386877.009657204,385425539.0096572
2026-06-30,Hedge Fund - Activist,Communication Services,-79592317.73949012,409481293.73949015
2026-06-30,Hedge Fund - Activist,Consumer Discretionary,10542213.890934974,80006214.10906503
2026-06-30,Hedge Fund - Activist,Consumer Staples,0.0,0.0
2026-06-30,Hedge Fund - Activist,ETF - Broad Equity,3894657620.780891,4477625942.780891
2026-06-30,Hedge Fund - Activist,ETF - Fixed Income,285999000.0,1087599000.0
2026-06-30,Hedge Fund - Activist,ETF - Sector,-61986800.0,799332700.0
2026-06-30,Hedge Fund - Activist,Energy,-1244809101.925129,1247746546.074871
2026-06-30,Hedge Fund - Activist,Financials,109604880.0,109604880.0
2026-06-30,Hedge Fund - Activist,Health Care,98703563.54450613,295764461.57664734
2026-06-30,Hedge Fund - Activist,Industrials,0.0,0.0
2026-06-30,Hedge Fund - Activist,Information Technology,-428858341.0,428858341.0
2026-06-30,Hedge Fund - Activist,Materials,-13301199.600002507,13301199.600002507
2026-06-30,Hedge Fund - Activist,Real Estate,0.0,0.0
2026-06-30,Hedge Fund - Activist,Unclassified,963850163.097254,6939526052.958302
2026-06-30,Hedge Fund - Activist,Utilities,-105424417.7227347,105424417.7227347
2026-06-30,Hedge Fund - Event Driven,Communication Services,986140150.0,1089123550.0
2026-06-30,Hedge Fund - Event Driven,Consumer Discretionary,-45284600.0,45284600.0
2026-06-30,Hedge Fund - Event Driven,Consumer Staples,75458250.0,75458250.0
2026-06-30,Hedge Fund - Event Driven,ETF - Broad Equity,13464000.0,44136000.0
2026-06-30,Hedge Fund - Event Driven,ETF - Commodity,-40877550.0,40877550.0
2026-06-30,Hedge Fund - Event Driven,Energy,30825707.0,30825707.0
2026-06-30,Hedge Fund - Event Driven,Financials,137424700.0,137424700.0
2026-06-30,Hedge Fund - Event Driven,Health Care,2857200.0,2857200.0
2026-06-30,Hedge Fund - Event Driven,Industrials,68000000.0,68000000.0
2026-06-30,Hedge Fund - Event Driven,Information Technology,64294996.0,185574496.0
2026-06-30,Hedge Fund - Event Driven,Materials,611750.0,611750.0
2026-06-30,Hedge Fund - Event Driven,Real Estate,9778193.3514108,9778193.3514108
2026-06-30,Hedge Fund - Event Driven,Unclassified,691894226.7946211,1574409820.2287362
2026-06-30,Hedge Fund - Global Macro,Communication Services,-192817615.40532017,1972816310.7134192
2026-06-30,Hedge Fund - Global Macro,Consumer Discretionary,-332494373.8390631,2320160078.8618555
2026-06-30,Hedge Fund - Global Macro,Consumer Staples,-130498436.2770346,540020831.7836969
2026-06-30,Hedge Fund - Global Macro,ETF - Broad Equity,5390853434.86315,12412939753.928204
2026-06-30,Hedge Fund - Global Macro,ETF - Commodity,692257597.1182352,771263034.8887097
2026-06-30,Hedge Fund - Global Macro,ETF - Fixed Income,1088109591.6056576,1466802763.5874963
2026-06-30,Hedge Fund - Global Macro,ETF - International Equity,-346238747.0464047,407889229.9284914
2026-06-30,Hedge Fund - Global Macro,ETF - Sector,-282700405.8460305,1052518180.9355023
2026-06-30,Hedge Fund - Global Macro,ETF - Thematic,-5343519.0,8174481.0
2026-06-30,Hedge Fund - Global Macro,Energy,736412928.3825551,2692527361.877384
2026-06-30,Hedge Fund - Global Macro,Financials,129017418.8117106,3337182512.957232
2026-06-30,Hedge Fund - Global Macro,Health Care,-203790023.6118973,2841409753.4923177
2026-06-30,Hedge Fund - Global Macro,Industrials,-239986393.07619125,1187419874.0380971
2026-06-30,Hedge Fund - Global Macro,Information Technology,-1016532622.3486588,10601140982.679993
2026-06-30,Hedge Fund - Global Macro,Materials,12404688.037066044,845863646.2416084
2026-06-30,Hedge Fund - Global Macro,Real Estate,61015824.30072894,917944234.6296501
2026-06-30,Hedge Fund - Global Macro,Unclassified,-402542347.38064694,19330944146.546265
2026-06-30,Hedge Fund - Global Macro,Utilities,98524029.58466311,439695002.550787
2026-06-30,Hedge Fund - Long/Short,Communication Services,-89653330.31693554,3878288864.671273
2026-06-30,Hedge Fund - Long/Short,Consumer Discretionary,-725179648.3852617,3454723053.8342824
2026-06-30,Hedge Fund - Long/Short,Consumer Staples,549911427.4847963,1004339914.0629727
2026-06-30,Hedge Fund - Long/Short,ETF - Broad Equity,167313617.00000003,547415663.0
2026-06-30,Hedge Fund - Long/Short,Energy,499019238.04083735,1827355635.5201027
2026-06-30,Hedge Fund - Long/Short,Financials,-1180899362.086429,6488319375.609112
2026-06-30,Hedge Fund - Long/Short,Health Care,-844876333.0912111,7012510822.161185
2026-06-30,Hedge Fund - Long/Short,Industrials,314200218.5858389,1199228453.0157785
2026-06-30,Hedge Fund - Long/Short,Information Technology,-1497408960.7381861,5045141357.052739
2026-06-30,Hedge Fund - Long/Short,Materials,16084212.698145345,135939616.01380846
2026-06-30,Hedge Fund - Long/Short,Real Estate,-21373665.149643682,213333664.31773087
2026-06-30,Hedge Fund - Long/Short,Unclassified,-1119604129.058302,22985383042.326473
2026-06-30,Hedge Fund - Long/Short,Utilities,-188752278.995894,237058013.004106
2026-06-30,Hedge Fund - Long/Short Growth,Communication Services,-2830163305.4586735,3463932307.7325344
2026-06-30,Hedge Fund - Long/Short Growth,Consumer Discretionary,1649684711.7475662,2429845006.6730795
2026-06-30,Hedge Fund - Long/Short Growth,Consumer Staples,323925533.4081166,323925533.4081166
2026-06-30,Hedge Fund - Long/Short Growth,ETF - Broad Equity,-2582823.0,2582823.0
2026-06-30,Hedge Fund - Long/Short Growth,Energy,3017736869.5106535,4187380264.4893465
2026-06-30,Hedge Fund - Long/Short Growth,Financials,-862710646.124617,1707029543.26503
2026-06-30,Hedge Fund - Long/Short Growth,Health Care,-385874756.67879295,559592516.678793
2026-06-30,Hedge Fund - Long/Short Growth,Industrials,-43247797.16877615,43247797.16877615
2026-06-30,Hedge Fund - Long/Short Growth,Information Technology,7973144943.097493,13561203344.98717
2026-06-30,Hedge Fund - Long/Short Growth,Real Estate,190372728.28646734,190372728.28646734
2026-06-30,Hedge Fund - Long/Short Growth,Unclassified,1568720184.0936687,17074661706.159624
2026-06-30,Hedge Fund - Long/Short Growth,Utilities,1145207477.0,1145207477.0
2026-06-30,Hedge Fund - Multi-strategy,Communication Services,2809447068.1078863,20002241623.8765
2026-06-30,Hedge Fund - Multi-strategy,Consumer Discretionary,1708363176.0910902,24743042084.334778
2026-06-30,Hedge Fund - Multi-strategy,Consumer Staples,3091366509.4395685,11502390591.773424
2026-06-30,Hedge Fund - Multi-strategy,ETF - Broad Equity,40040923592.33131,80229477730.37262
2026-06-30,Hedge Fund - Multi-strategy,ETF - Commodity,-7274383872.120428,8525741547.755592
2026-06-30,Hedge Fund - Multi-strategy,ETF - Fixed Income,2911821855.773968,6059976857.185669
2026-06-30,Hedge Fund - Multi-strategy,ETF - International Equity,-1521765387.1589875,3065308199.220997
2026-06-30,Hedge Fund - Multi-strategy,ETF - Sector,-359375742.9939738,10010125319.765226
2026-06-30,Hedge Fund - Multi-strategy,ETF - Thematic,13207157.378647517,246636302.45592242
2026-06-30,Hedge Fund - Multi-strategy,Energy,9181173449.439371,27367460447.806396
2026-06-30,Hedge Fund - Multi-strategy,Financials,266703803.77469596,35333360242.25695
2026-06-30,Hedge Fund - Multi-strategy,Health Care,6912210098.882086,36596396807.16103
2026-06-30,Hedge Fund - Multi-strategy,Industrials,-51079846.013238356,13193469677.200314
2026-06-30,Hedge Fund - Multi-strategy,Information Technology,20647568136.978077,85522212701.09474
2026-06-30,Hedge Fund - Multi-strategy,Materials,68242558.82401225,4896741905.181109
2026-06-30,Hedge Fund - Multi-strategy,Real Estate,304824034.7650321,3843179183.9998426
2026-06-30,Hedge Fund - Multi-strategy,Unclassified,54942015999.21442,270670742283.32602
2026-06-30,Hedge Fund - Multi-strategy,Utilities,-16425900.483555313,1665222591.9295375
2026-06-30,Hedge Fund - Opportunistic,Communication Services,175790274.0,175790274.0
2026-06-30,Hedge Fund - Opportunistic,Consumer Discretionary,-109090350.0,433232750.0
2026-06-30,Hedge Fund - Opportunistic,ETF - Broad Equity,5047500.0,5047500.0
2026-06-30,Hedge Fund - Opportunistic,Energy,42176501.48,42176501.48
2026-06-30,Hedge Fund - Opportunistic,Financials,12509750.0,12509750.0
2026-06-30,Hedge Fund - Opportunistic,Health Care,-24353099.999999996,24353099.999999996
2026-06-30,Hedge Fund - Opportunistic,Industrials,340964288.09630334,472907888.09630334
2026-06-30,Hedge Fund - Opportunistic,Information Technology,-425606385.27,1353594305.27
2026-06-30,Hedge Fund - Opportunistic,Unclassified,-356255143.8313543,789849184.1686456
2026-06-30,Hedge Fund - Quant,Communication Services,5879412298.3347,14617896713.035923
2026-06-30,Hedge Fund - Quant,Consumer Discretionary,5482604104.076869,20914130876.892387
2026-06-30,Hedge Fund - Quant,Consumer Staples,1571808398.9652312,7105618618.120824
2026-06-30,Hedge Fund - Quant,ETF - Broad Equity,22371099174.130486,36078059423.606384
2026-06-30,Hedge Fund - Quant,ETF - Commodity,215573511.27123627,1504581848.539297
2026-06-30,Hedge Fund - Quant,ETF - Fixed Income,422418097.2836484,809139144.6079118
2026-06-30,Hedge Fund - Quant,ETF - International Equity,94473608.88113678,726282361.7903557
2026-06-30,Hedge Fund - Quant,ETF - Sector,74562102.89495939,3332376813.351798
2026-06-30,Hedge Fund - Quant,ETF - Thematic,-48807878.529868685,106687359.31992885
2026-06-30,Hedge Fund - Quant,Energy,7263029754.222153,17319528385.362675
2026-06-30,Hedge Fund - Quant,Financials,9025947389.09863,33284514848.68689
2026-06-30,Hedge Fund - Quant,Health Care,-387430499.52287745,25262192158.695553
2026-06-30,Hedge Fund - Quant,Industrials,-52840339.93252117,9979535928.49377
2026-06-30,Hedge Fund - Quant,Information Technology,-17154008349.214165,56970150028.66436
2026-06-30,Hedge Fund - Quant,Materials,1583255578.2566035,6682932554.049339
2026-06-30,Hedge Fund - Quant,Real Estate,2208368814.7750006,3600906488.0755825
2026-06-30,Hedge Fund - Quant,Unclassified,15691896206.201746,180923734663.91483
2026-06-30,Hedge Fund - Quant,Utilities,-27357752.542226993,2186382572.882685
2026-06-30,Hedge Fund - Value,Communication Services,5823785.494804427,180155159.12743533
2026-06-30,Hedge Fund - Value,Consumer Discretionary,184603539.5823878,200045910.71315405
2026-06-30,Hedge Fund - Value,ETF - Commodity,-5964072.203881517,5964072.203881517
2026-06-30,Hedge Fund - Value,Energy,60917187.70817589,60917187.70817589
2026-06-30,Hedge Fund - Value,Financials,61585435.923885904,61692226.076114096
2026-06-30,Hedge Fund - Value,Health Care,32426889.844224222,41052253.406529315
2026-06-30,Hedge Fund - Value,Industrials,-96723.0680068669,96723.0680068669
2026-06-30,Hedge Fund - Value,Materials,9020966.491425568,9020966.491425568
2026-06-30,Hedge Fund - Value,Real Estate,-14942.930394730483,14942.930394730483
2026-06-30,Hedge Fund - Value,Unclassified,-58866697.28641508,500729470.4136339
2026-06-30,Market Maker - Quant,Communication Services,20440239944.37021,36358378509.575836
2026-06-30,Market Maker - Quant,Consumer Discretionary,10872847768.872553,44903558765.05249
2026-06-30,Market Maker - Quant,Consumer Staples,5953618433.932954,9920588171.415403
2026-06-30,Market Maker - Quant,ETF - Broad Equity,91466910296.37558,165897933568.43323
2026-06-30,Market Maker - Quant,ETF - Commodity,-9764752352.361753,12781945273.126894
2026-06-30,Market Maker - Quant,ETF - Fixed Income,2505876430.633588,8190138610.567885
2026-06-30,Market Maker - Quant,ETF - International Equity,-894772004.5175847,5663340929.877835
2026-06-30,Market Maker - Quant,ETF - Sector,2676889.415885399,9693566115.286491
2026-06-30,Market Maker - Quant,ETF - Thematic,-37532954.14058282,544688364.852771
2026-06-30,Market Maker - Quant,Energy,20494602205.98961,30893833046.95865
2026-06-30,Market Maker - Quant,Financials,5956385295.185399,26512321186.98684
2026-06-30,Market Maker - Quant,Health Care,6916383413.654687,27027619355.658283
2026-06-30,Market Maker - Quant,Industrials,4911362260.139303,14361868915.27436
2026-06-30,Market Maker - Quant,Information Technology,103640579159.97784,144222382951.6015
2026-06-30,Market Maker - Quant,Materials,1421379701.9233956,4704849230.349813
2026-06-30,Market Maker - Quant,Real Estate,1391632139.2102752,2505578752.4251585
2026-06-30,Market Maker - Quant,Unclassified,149969270723.05728,271142121275.29364
2026-06-30,Market Maker - Quant,Utilities,333857234.80756056,1077004555.8932152
2026-06-30,Pension Fund,Communication Services,-1819781672.2808988,1910102383.3179786
2026-06-30,Pension Fund,Consumer Discretionary,-846428522.4917758,1978384561.7567842
2026-06-30,Pension Fund,Consumer Staples,-67750919.9573763,668563826.7403272
2026-06-30,Pension Fund,ETF - Broad Equity,8411582479.471786,12425260284.476562
2026-06-30,Pension Fund,Energy,291951927.44615424,730407578.2901701
2026-06-30,Pension Fund,Financials,-713448958.748033,1557151485.7276
2026-06-30,Pension Fund,Health Care,-1823332799.0308237,2337527040.928734
2026-06-30,Pension Fund,Industrials,-298056000.06884587,1138524020.5670679
2026-06-30,Pension Fund,Information Technology,-11709860462.795265,13001486804.082846
2026-06-30,Pension Fund,Materials,11652348.518625885,68778195.97771178
2026-06-30,Pension Fund,Real Estate,44516997.387069024,240896814.1577825
2026-06-30,Pension Fund,Unclassified,78318983.06010967,8254118023.93373
2026-06-30,Pension Fund,Utilities,-100916417.48232807,107240919.78197771
